country,year,life_expectancy,fitted,residual,studentized_residual,cooks_distance,influential_rule_4_over_n
Bosnia and Herzegovina,2000,74.6,58.32014979879523,16.279850201204766,4.150462928613628,0.04164968618126254,True
Antigua and Barbuda,2005,74.6,59.81632153940072,14.783678460599276,3.771806314453737,0.04106618187954573,True
Sierra Leone,2000,39.0,59.41543757687784,-20.415437576877842,-5.201184723733762,0.0398571356128199,True
Antigua and Barbuda,2003,74.2,59.738215636690256,14.461784363309746,3.68875878813909,0.03875290177940297,True
Antigua and Barbuda,2004,74.4,58.10723057130056,16.292769428699444,4.151043218716662,0.037876194627764266,True
Antigua and Barbuda,2002,74.0,59.52529572285681,14.47470427714319,3.6909747671604936,0.037440033395018855,True
Antigua and Barbuda,2001,73.8,59.70118579610511,14.09881420389489,3.595467873161568,0.03660649268487342,True
Antigua and Barbuda,2000,73.6,59.61670131736849,13.983298682631506,3.565468759046125,0.03554973920151534,True
Sierra Leone,2001,41.0,58.90299960902686,-17.902999609026857,-4.549559259519367,0.02249234054121408,True
Sierra Leone,2003,41.5,59.326425055221215,-17.826425055221215,-4.5264547002572195,0.017089150311606172,True
Sierra Leone,2014,48.1,65.04793451966518,-16.947934519665175,-4.302450919904698,0.016720281689780563,True
Sierra Leone,2005,43.3,59.33423864075708,-16.03423864075708,-4.068710845794332,0.014860488715339817,True
Sierra Leone,2004,42.3,59.21961861951232,-16.91961861951232,-4.2939147944604334,0.014826839673455751,True
Sierra Leone,2009,47.1,61.953483462038896,-14.853483462038895,-3.76865049044608,0.014599081742485616,True
Haiti,2010,36.3,61.09919189272136,-24.79919189272136,-6.313734805189665,0.013607180111630469,True
Sierra Leone,2011,48.9,63.576865909200606,-14.676865909200608,-3.7209027201520026,0.010948487193513148,True
Sierra Leone,2012,49.7,65.1825153024061,-15.4825153024061,-3.925049380408173,0.010320806579758205,True
France,2007,89.0,75.53573903132344,13.464260968676555,3.412209906046496,0.009608423515982989,True
Djibouti,2009,69.0,56.049711844047536,12.950288155952464,3.281320177607977,0.008870970179819743,True
Namibia,2000,57.4,48.5639582553108,8.836041744689197,2.2417088358649924,0.008377743292309581,True
Rwanda,2008,68.0,57.306574655892334,10.693425344107666,2.7096642884414592,0.008035884020034809,True
Sierra Leone,2002,48.0,59.192896914238,-11.192896914237998,-2.8354971742207153,0.00769970644672991,True
Canada,2007,85.0,77.26513328672702,7.734866713272979,1.9620622943520913,0.006566390943990467,True
Costa Rica,2000,77.6,68.37037797281478,9.229622027185215,2.3382683711200474,0.006357342737627576,True
Costa Rica,2009,79.2,70.85419259831053,8.34580740168947,2.1155104989366653,0.006344428788928988,True
Sierra Leone,2013,54.0,64.22966498124492,-10.229664981244923,-2.5902004609742884,0.005963195398611481,True
Haiti,2005,65.0,54.84700351607003,10.152996483929968,2.5706848215066547,0.0058335642945792155,True
Zambia,2006,58.0,49.87607598659637,8.12392401340363,2.0584106987331037,0.005488889877935065,True
Netherlands,2009,86.0,76.55638523221934,9.443614767780659,2.390934747493648,0.005305357803725027,True
Iraq,2011,77.0,68.6445839738389,8.355416026161095,2.116462238926703,0.0052957451835390435,True
Turkmenistan,2000,63.8,57.52535957423531,6.274640425764687,1.592865900544882,0.00522273495015159,True
Angola,2000,45.3,53.618542391671376,-8.318542391671379,-2.106726733023556,0.004981383217720926,True
Nicaragua,2002,75.0,65.13469672184948,9.86530327815052,2.4969747477400444,0.004948532052027027,True
Sierra Leone,2008,46.2,58.053345169205855,-11.853345169205852,-2.9997611081847095,0.0049449946350532265,True
Sierra Leone,2010,48.1,59.43744138043156,-11.337441380431557,-2.869037855565153,0.004823646775830655,True
Slovenia,2014,87.0,77.65644654601513,9.343553453984867,2.3648618829630963,0.004655948308873745,True
Mozambique,2005,58.0,47.89494544982078,10.105054550179219,2.557200208462989,0.00465552833816729,True
Sierra Leone,2007,45.3,58.539813378833195,-13.239813378833198,-3.3508147123553393,0.004566626631857594,True
Sierra Leone,2006,44.3,58.34810296088439,-14.048102960884393,-3.5558611473208783,0.004425569417462207,True
Kenya,2000,51.9,44.82571693097671,7.074283069023288,1.7923614272498454,0.004344918682743211,True
Gabon,2005,65.0,57.107400632888755,7.892599367111245,1.9983054759081351,0.004244158052228239,True
Angola,2003,46.8,54.821029341615095,-8.021029341615098,-2.030502061688157,0.004125320972665129,True
Norway,2009,89.0,78.37128126249887,10.628718737501131,2.6889458802657584,0.004092403810747624,True
France,2008,89.0,79.17260748500358,9.827392514996419,2.4862282312929938,0.003974310388843702,True
Kiribati,2007,65.0,72.75560809564095,-7.755608095640952,-1.9631805706523955,0.003845668034644935,True
Belgium,2014,89.0,79.46850781680956,9.531492183190437,2.411268668590429,0.003812214651320071,True
Netherlands,2010,88.0,78.50733714379442,9.492662856205584,2.4013071927813345,0.0036897411317838185,True
Iraq,2012,76.0,69.06038649536326,6.939613504636739,1.7572940930788985,0.0036463335503026466,True
Italy,2001,79.8,72.68310459808656,7.116895401913439,1.8016771276767078,0.0034877804925591326,True
Luxembourg,2011,88.0,77.98275683383547,10.017243166164533,2.533577699179977,0.003441346256334209,True
Dominican Republic,2002,71.4,62.042829029370296,9.35717097062971,2.366693509747536,0.0033830679772672194,True
Austria,2011,88.0,78.5911432812499,9.408856718750101,2.3797328855495454,0.003368565908785979,True
Costa Rica,2004,77.7,71.06545356078034,6.634546439219662,1.6799219907342469,0.003318870235801179,True
Djibouti,2001,57.7,49.962520921769524,7.7374790782304785,1.957710793583293,0.003253128844771407,True
Angola,2007,48.2,59.450534129050176,-11.250534129050173,-2.8453362521085523,0.0032031188420980237,True
Angola,2001,45.7,55.33201558915305,-9.632015589153049,-2.435881114229589,0.003174331153731266,True
Belgium,2013,87.0,77.6581203457983,9.341879654201705,2.362513819391495,0.003132979822981721,True
Angola,2008,48.7,59.91403259566354,-11.21403259566354,-2.8359627551893594,0.0030787191649520626,True
Canada,2008,87.0,78.55889462852406,8.441105371475942,2.1349516922448935,0.0030664392376804567,True
Angola,2010,49.6,61.45972651896605,-11.859726518966049,-2.9994416108553246,0.003013253293032067,True
Germany,2014,89.0,79.49868951564966,9.501310484350341,2.4026152803482312,0.0029859430237587207,True
Ecuador,2001,73.4,67.35275881003662,6.047241189963387,1.5313996543706991,0.00293634205406573,True
Costa Rica,2012,79.2,73.52547437278554,5.674525627214464,1.4376405857411065,0.002932752158799579,True
Djibouti,2000,57.4,50.15022341688936,7.249776583110638,1.8342397483956299,0.0029245893613244578,True
Ecuador,2004,74.4,68.25994261697764,6.140057383022366,1.5546600621493936,0.0028861006630512597,True
Iceland,2003,87.0,78.99157046505343,8.008429534946572,2.0254822471545118,0.002871246264523265,True
Angola,2005,47.4,56.93817466751269,-9.538174667512692,-2.4117344869227906,0.0028271079972608144,True
Niger,2013,69.0,60.00957377249338,8.990426227506617,2.2732675825733497,0.0027779470207319546,True
Afghanistan,2004,57.0,62.48925044147211,-5.489250441472109,-1.3907129106105593,0.0027687160539060854,True
Angola,2004,47.1,53.930931408229625,-6.830931408229624,-1.7283760951299545,0.0027404769763372575,True
Afghanistan,2000,54.8,60.95306749840628,-6.15306749840628,-1.557617267711702,0.0027194262879866125,True
Angola,2002,46.5,55.317040141955964,-8.817040141955964,-2.2293909845539264,0.002716523762878608,True
Eritrea,2000,45.3,53.15879089323467,-7.858790893234676,-1.9873780724946264,0.0026367762534130826,True
Angola,2009,49.1,60.44633768020715,-11.34633768020715,-2.8689851104561988,0.002622010862243379,True
Austria,2012,88.0,79.72296326213092,8.277036737869082,2.092889826986676,0.002608104253687923,True
Portugal,2014,89.0,78.58900746849679,10.410992531503211,2.632192167240624,0.0026059515246770427,True
Madagascar,2005,69.0,62.418721999751185,6.581278000248815,1.6652197753285716,0.002593496783916267,True
Afghanistan,2009,58.6,67.18612597215197,-8.586125972151969,-2.1708227045103268,0.0025318663019038624,True
Swaziland,2003,45.9,41.28153896286526,4.618461037134736,1.1713623297964426,0.002519998655201632,True
Djibouti,2002,57.9,50.81353910230159,7.086460897698409,1.7923920176725994,0.0025115182264526144,True
Singapore,2006,87.0,76.55600972674645,10.443990273253547,2.6404255639687455,0.0025042696157038654,True
Eritrea,2008,67.0,58.81878641845785,8.181213581542153,2.068548949022681,0.002502100542991908,True
Liberia,2012,67.0,61.06864771203409,5.9313522879659075,1.5013426603207445,0.002479987946916265,True
Botswana,2003,46.4,51.366384217837094,-4.966384217837096,-1.258585040407586,0.0024527185089541033,True
Angola,2011,51.0,61.8478832636677,-10.847883263667697,-2.7425804872826784,0.0024439937555959354,True
Israel,2007,84.0,75.28943217992509,8.710567820074914,2.202100441852834,0.002421584665742961,True
Afghanistan,2010,58.8,67.75971259138113,-8.959712591381134,-2.265032194434433,0.0024169682766694684,True
Djibouti,2005,58.6,50.93084189497008,7.669158105029922,1.9391709451049968,0.0023988812066812882,True
Djibouti,2008,62.0,55.546352000822154,6.453647999177846,1.6326737356344065,0.0023758009266149275,True
Cuba,2014,79.0,72.98586069555265,6.014139304447355,1.5218969115940042,0.0023334056011845537,True
Afghanistan,2001,55.3,61.699452735374145,-6.3994527353741475,-1.6189343923583575,0.002328898670153604,True
Kiribati,2009,65.2,72.41307843361426,-7.213078433614257,-1.8240096874600953,0.002324442738979534,True
Chile,2013,81.0,75.96209747078373,5.037902529216268,1.2762539373103534,0.00232137208334669,True
Comoros,2003,59.6,65.4482941705863,-5.848294170586293,-1.480030643624233,0.002277140044394552,True
Afghanistan,2003,56.7,63.090137672583,-6.390137672582995,-1.6164412078377641,0.0022492981454196896,True
Jamaica,2009,74.7,68.9613775831787,5.7386224168213005,1.4523535757246218,0.0022430433839985575,True
Namibia,2007,60.0,53.29697380887842,6.70302619112158,1.6952053590114529,0.002201676266316332,True
Djibouti,2007,59.8,52.926445545542,6.873554454457995,1.7381878677538678,0.002198445187948336,True
Djibouti,2003,58.0,51.451873012585985,6.548126987414015,1.6561564852214163,0.0021969638598693104,True
Germany,2012,86.0,78.2279742760023,7.7720257239977,1.9647943174044407,0.0021806756071136493,True
Zambia,2000,43.8,50.07563209431495,-6.27563209431495,-1.5874000708574438,0.00214588074510329,True
Canada,2014,82.0,75.28582186349314,6.71417813650686,1.697916268649644,0.0021446336162135333,True
Gabon,2006,61.4,55.49547021299604,5.904529787003959,1.4939117976124459,0.002137910520248954,True
Kiribati,2008,65.1,71.84839186734592,-6.74839186734593,-1.706525302361778,0.002135629722308839,True
Afghanistan,2005,57.3,63.59745484288339,-6.29745484288339,-1.5928401435300084,0.002114805508490494,True
Iceland,2011,82.1,77.46628287330525,4.633717126694748,1.1741222747501514,0.0020929502090098005,True
Sweden,2007,89.0,79.8192318583063,9.180768141693704,2.3204686909454355,0.002092162046095692,True
Angola,2014,51.7,63.26892572190712,-11.568925721907114,-2.9248208359411128,0.002091224907707046,True
New Zealand,2009,85.0,79.88991037534194,5.110089624658059,1.29385376155776,0.0020816379586514775,True
Afghanistan,2002,56.2,62.43276940459944,-6.232769404599438,-1.576442164980314,0.0020614338690767764,True
Afghanistan,2008,58.1,66.71654997527841,-8.61654997527841,-2.177847560601963,0.002052889305424309,True
Switzerland,2003,85.0,76.10827828154775,8.891721718452246,2.247360306614859,0.0020458728477489277,True
Burundi,2000,58.0,50.05080102383658,7.949198976163423,2.0093043459322164,0.0020410743188608717,True
Malawi,2000,43.1,48.47389019667997,-5.373890196679966,-1.360096155878782,0.0020251519311374104,True
Kazakhstan,2007,65.3,76.15040863849961,-10.850408638499616,-2.7426915561964527,0.0019622511113612305,True
Panama,2014,77.6,72.83527119408649,4.7647288059135064,1.2067228143852227,0.0019607836522202013,True
Liberia,2003,50.0,58.375877494175406,-8.375877494175406,-2.11692713115681,0.0019606986423459536,True
France,2006,86.0,79.02703940073629,6.972960599263715,1.7628244129934736,0.001946293542486819,True
Djibouti,2004,58.1,51.920044523624775,6.179955476375227,1.5629004931068722,0.0019376942815079099,True
Jamaica,2013,75.6,67.98394931628454,7.616050683715457,1.9250411301208128,0.0019276485996317357,True
Mozambique,2004,54.0,47.415912935089644,6.5840870649103564,1.6646746687763534,0.0018927089107417174,True
Afghanistan,2006,57.3,65.50229636968196,-8.20229636968196,-2.0729869059021313,0.0018894385017760656,True
Namibia,2008,61.7,54.9099628416183,6.7900371583817005,1.7165701987309334,0.0018743601770061745,True
Italy,2004,89.0,79.09092142952174,9.909078570478258,2.5043449768117245,0.0018635760643720153,True
Spain,2007,89.0,77.75649620099405,11.24350379900595,2.842135412982109,0.0018604604240730425,True
Thailand,2000,71.1,64.5248262168586,6.575173783141395,1.6623667718810309,0.001858801963629846,True
Afghanistan,2012,59.5,68.55005732384714,-9.050057323847142,-2.2871222516014744,0.0018548807172747857,True
Malta,2011,87.0,78.02600364234942,8.973996357650577,2.2678689141781048,0.001832652014235653,True
Angola,2006,47.7,56.21874019475465,-8.518740194754649,-2.152829873469942,0.001829583381140361,True
Nicaragua,2004,71.0,65.96524323376806,5.034756766231936,1.274283727094444,0.0018130036300464927,True
Zambia,2001,44.6,50.374543065329604,-5.774543065329603,-1.4605106364080114,0.0018077319637735945,True
Angola,2013,51.1,62.76448943348505,-11.664489433485052,-2.9487232430480996,0.001785110556867652,True
Swaziland,2009,52.6,48.162722987361505,4.437277012638496,1.1238685251933649,0.0017475828435392893,True
Japan,2014,83.5,76.32390481665564,7.1760951833443585,1.8137311764150503,0.0017458110623292903,True
Haiti,2000,58.6,53.238367871211494,5.361632128788507,1.3563935989493117,0.0017426535766474384,True
Greece,2001,78.7,74.26760903772553,4.432390962274468,1.1225704311530043,0.0017209723302649424,False
Afghanistan,2014,59.9,68.41666542556848,-8.516665425568483,-2.152141879684536,0.0017119137358435068,False
Pakistan,2009,64.8,60.46746629824854,4.3325337017514585,1.097405622730936,0.001695917164587669,False
Estonia,2000,78.0,72.17378414136536,5.82621585863464,1.4732978940592463,0.0016945497507886214,False
Honduras,2001,71.3,62.61429086278906,8.685709137210935,2.1948280851647617,0.0016935035942435988,False
Afghanistan,2011,59.2,66.33164061599149,-7.131640615991486,-1.8024152552523205,0.001685429706510004,False
Germany,2011,85.0,78.14205851432673,6.8579414856732654,1.7333622527483101,0.0016815650112126273,False
Japan,2013,83.5,76.43049855786302,7.069501442136982,1.786721917929534,0.0016760295133976812,False
South Africa,2002,54.9,51.32749360590672,3.5725063940932813,0.9064861541214502,0.0016664067075322967,False
Finland,2014,89.0,81.24494136267177,7.755058637328233,1.9597196737811386,0.001661161967128017,False
Lesotho,2012,52.2,57.66446251207205,-5.464462512072046,-1.3820666094761964,0.0016415249713350607,False
Djibouti,2006,59.1,53.40168467747792,5.698315322522085,1.4409320348687096,0.0016239777147908595,False
Afghanistan,2007,57.5,66.14496327072698,-8.644963270726976,-2.184435091736054,0.0016226886392595099,False
Austria,2008,84.0,77.6912419087327,6.308758091267293,1.5947594613606384,0.0016175442863261423,False
Botswana,2004,48.1,52.3045454846925,-4.2045454846924954,-1.0650073702721026,0.0016103917486428236,False
Comoros,2001,59.5,64.26967840878936,-4.7696784087893604,-1.2070764847723627,0.0015973240066832354,False
Eritrea,2010,62.1,57.17056621075854,4.929433789241465,1.2472722548871442,0.0015964096631095879,False
Panama,2000,75.7,69.41600319172316,6.283996808276839,1.5884730287133362,0.0015940565917195013,False
Afghanistan,2013,59.9,68.4322720541578,-8.532272054157808,-2.1559164229619063,0.0015908026002463922,False
Japan,2012,83.3,76.48943349828556,6.810566501714433,1.7212477978870349,0.0015864270048854285,False
Sweden,2006,88.0,79.8276787543835,8.172321245616502,2.064965934497791,0.0015782881152089376,False
Kazakhstan,2006,65.0,75.70144761275216,-10.701447612752162,-2.704519985932366,0.0015507938379587796,False
Austria,2006,79.8,73.84836374757155,5.951636252428443,1.5046049829560069,0.0015463885340056423,False
Chile,2012,79.9,75.78693075219516,4.1130692478048445,1.0417807905824374,0.0015252899169527396,False
Morocco,2005,77.0,68.19632927624069,8.80367072375931,2.2243948871992294,0.0015137895108657457,False
Belarus,2007,69.8,74.07901597582422,-4.2790159758242226,-1.0834427526666526,0.001507466679024427,False
Malawi,2001,43.5,48.092114037496025,-4.5921140374960245,-1.1621752665879745,0.001505034032259628,False
Sao Tome and Principe,2001,62.8,58.459264123896126,4.340735876103871,1.0989511616519794,0.001504021285154772,False
Italy,2005,88.0,79.36749795657161,8.632502043428389,2.1810925661802583,0.001481803429014098,False
Kazakhstan,2008,66.6,76.40904774841883,-9.809047748418834,-2.4785650166108684,0.0014702890877303467,False
South Sudan,2013,56.4,51.91516329771821,4.48483670228179,1.1350993553089108,0.0014697253449299076,False
Nigeria,2002,47.7,52.39457053162075,-4.694570531620748,-1.1878600854237285,0.0014684940142072227,False
Ghana,2002,57.6,52.75652524786429,4.843474752135712,1.2253182693919236,0.0014627843911887606,False
Bosnia and Herzegovina,2011,76.9,71.54464150062611,5.355358499373892,1.3541898621700188,0.0014581596971096746,False
Zambia,2002,45.5,50.68304859086659,-5.183048590866591,-1.3107787515763478,0.0014509728039827164,False
Gabon,2008,61.6,56.52438735733966,5.075612642660339,1.2837233120117202,0.0014494820683483647,False
Lesotho,2011,52.3,56.96451137542874,-4.664511375428745,-1.1802239251595124,0.0014395041947941288,False
Djibouti,2011,61.8,55.840476768572664,5.959523231427333,1.506358796107431,0.001428190237900865,False
Kenya,2010,63.0,58.31031973328474,4.689680266715257,1.186500658821029,0.0014169097501576882,False
Germany,2013,86.0,79.34366649026462,6.656333509735376,1.6820248303233314,0.0014055383651282586,False
Botswana,2001,46.7,50.364521824358306,-3.664521824358303,-0.9287119486872721,0.0013955350010750932,False
Nigeria,2000,47.1,53.35389446639673,-6.25389446639673,-1.580506631549122,0.0013940146373123737,False
South Africa,2000,57.3,53.004607055786785,4.295392944213212,1.0872461169532002,0.001392060302987566,False
Mauritania,2006,69.0,60.592414335041155,8.407585664958845,2.12411375547135,0.0013780234329727372,False
Switzerland,2002,84.0,77.97857996045585,6.021420039544154,1.521859451114814,0.0013762271543982282,False
Comoros,2002,59.5,67.32734762436317,-7.8273476243631706,-1.9775371197405163,0.001374679248293294,False
Uganda,2001,47.7,53.57188432536855,-5.871884325368548,-1.4841553908950096,0.0013715154956456276,False
Comoros,2000,59.5,63.96512808396972,-4.4651280839697165,-1.129872258833533,0.0013667712951790714,False
Namibia,2001,56.5,52.05671197896761,4.443288021032387,1.124373893465935,0.0013652520523555903,False
Samoa,2003,79.0,70.46610351874074,8.533896481259262,2.156005089874809,0.001359486187026696,False
Kazakhstan,2003,64.4,71.99112381556793,-7.591123815567926,-1.9178549428307994,0.0013537253760826065,False
Gabon,2002,59.7,54.97887726348412,4.7211227365158805,1.1942355068754518,0.001345394488211242,False
Luxembourg,2010,86.0,76.1988550441954,9.801144955804602,2.4764118487634645,0.001343551732292161,False
Paraguay,2013,73.8,69.87175725169699,3.9282427483030062,0.9947561128792034,0.0013271716586964696,False
Zambia,2003,46.4,51.227233313869824,-4.827233313869826,-1.2208716815462792,0.0013151906757096433,False
Spain,2006,88.0,79.36506236579125,8.634937634208754,2.181474243074542,0.0013117989827393529,False
Nicaragua,2003,76.0,67.78315737402133,8.216842625978671,2.0758051955966375,0.0012968980133905182,False
Malawi,2004,45.1,49.35974736385834,-4.259747363858338,-1.07799120212474,0.001286120261881426,False
Kenya,2001,51.9,47.1408013329997,4.759198667000298,1.2036644714331697,0.0012826412238267507,False
Equatorial Guinea,2000,52.7,48.67580641976291,4.024193580237096,1.0187358431774287,0.0012794346170312758,False
Ukraine,2014,78.0,72.87005765522827,5.1299423447717345,1.2970006681749422,0.0012740626347728704,False
Bosnia and Herzegovina,2010,76.4,72.57954798250809,3.8204520174919168,0.9675036479130662,0.001273283433242172,False
Liberia,2001,51.5,59.45638858780635,-7.956388587806352,-2.0099614840137314,0.0012636782195926941,False
Equatorial Guinea,2001,53.1,59.06644593941127,-5.966445939411265,-1.5077762608718135,0.0012626535410813176,False
Mongolia,2010,66.3,73.40358879520977,-7.103588795209774,-1.7946305872874537,0.0012610196376322312,False
Lesotho,2005,44.5,48.309216127909224,-3.809216127909224,-0.9646178603137925,0.0012529914942495091,False
Nigeria,2001,47.4,53.73960109295887,-6.339601092958873,-1.6018516311654571,0.0012506601045246216,False
Djibouti,2014,63.0,56.46294301908276,6.537056980917242,1.651658309560298,0.0012506117339212025,False
Dominican Republic,2000,72.0,63.20872916411042,8.791270835889577,2.220898727048353,0.0012457685735668782,False
Namibia,2011,64.3,58.84634421925946,5.45365578074054,1.3784793096358554,0.0012404368924873854,False
Djibouti,2010,61.3,56.50270260269438,4.79729739730562,1.2131462785274503,0.0012379473022891432,False
Ethiopia,2013,63.7,59.44102852431642,4.25897147568358,1.0776381642595578,0.0012287006828180331,False
Singapore,2005,82.0,74.99966352328279,7.000336476717209,1.7684936400444142,0.0012151581029727228,False
Guatemala,2008,79.0,69.44513610957439,9.554863890425608,2.413942398623518,0.001209559751909031,False
Albania,2006,74.2,68.66072724582898,5.539272754171023,1.3999840455557897,0.0012072577907492937,False
Uganda,2007,55.5,51.99680739825311,3.503192601746889,0.8875749523732752,0.001204070319100138,False
Solomon Islands,2005,67.4,63.52582592184412,3.874174078155889,0.9807686518444437,0.00119469777325383,False
Maldives,2007,75.4,69.67020998438156,5.729790015618448,1.4479235707741471,0.0011682638624854358,False
Cabo Verde,2011,72.6,68.74591576161109,3.854084238388907,0.9756193284515189,0.0011620940921826608,False
South Africa,2003,54.0,51.065792534647365,2.9342074653526353,0.7446018933642039,0.001154764769363282,False
Bangladesh,2002,66.3,62.150293058296796,4.149706941703201,1.0499247920434993,0.0011476732673963376,False
Jamaica,2000,72.6,63.65119833371007,8.948801666289924,2.2605829731380913,0.0011408352035417585,False
Belgium,2011,83.0,77.40089300563999,5.599106994360014,1.4148924722866718,0.0011258029239404426,False
Swaziland,2007,50.0,46.55746007294919,3.4425399270508095,0.8720765233077133,0.001125377956259462,False
Spain,2014,82.6,77.8767112335552,4.723288766444796,1.1942280963521659,0.001123264332053018,False
Cabo Verde,2000,69.9,65.59683009025454,4.303169909745463,1.088453548448119,0.0011171604231979397,False
Jamaica,2004,73.3,64.91692772814568,8.383072271854317,2.117548910895178,0.0011161237786040635,False
Chad,2009,57.0,51.32729560370249,5.672704396297512,1.4334138628385855,0.0011108879916614286,False
Lesotho,2004,44.8,48.373533941528095,-3.5735339415280976,-0.9049135409479202,0.0011027202316170606,False
Uganda,2000,46.6,51.99005954790635,-5.390059547906347,-1.362104847992097,0.0010806593736774112,False
Botswana,2002,46.0,49.31778161663917,-3.3177816166391665,-0.8405670026870347,0.0010750988218131278,False
Belgium,2012,83.0,77.50879371674945,5.491206283250548,1.3875862983261809,0.0010750313040576072,False
Bosnia and Herzegovina,2009,76.1,72.6010913053908,3.4989086946091987,0.8860653649061491,0.0010737698860884327,False
Kazakhstan,2010,67.8,72.88503627174141,-5.085036271741416,-1.2852068265782493,0.001065334409002815,False
Honduras,2000,71.0,62.314879317611314,8.685120682388686,2.1938153764390345,0.0010617371515131565,False
Kazakhstan,2004,64.7,74.32745823428962,-9.62745823428962,-2.4321145320933324,0.0010542182433140688,False
Greece,2014,88.0,80.75101307474397,7.248986925256034,1.8309850344623184,0.0010494537053933914,False
Eritrea,2002,58.5,53.79938108646805,4.700618913531947,1.1883051629870949,0.0010375666576333666,False
Kazakhstan,2005,64.6,75.08994350086482,-10.489943500864825,-2.6503869970325713,0.0010352704777760132,False
Kiribati,2002,64.6,71.80022796995786,-7.200227969957865,-1.8186357567552385,0.001025779925514378,False
Nigeria,2004,48.5,54.81850097960132,-6.318500979601318,-1.5960983946073874,0.0010202605750190485,False
Namibia,2002,55.7,51.9161581115592,3.7838418884408043,0.9574906502596182,0.0010099600519047499,False
Jamaica,2005,73.5,65.68464727999067,7.815352720009329,1.9739529683461796,0.0010091941045827708,False
Nigeria,2012,52.7,58.244933686051155,-5.544933686051152,-1.4009887553365283,0.0010090786040670016,False
Rwanda,2002,57.0,51.425699112131724,5.574300887868276,1.4083912755013026,0.0010085787954974119,False
Finland,2011,83.0,77.62131026602154,5.378689733978462,1.3590805784251916,0.0010083400743822546,False
Nigeria,2013,53.2,59.19508759126624,-5.995087591266234,-1.514493695699765,0.0010071613661922192,False
Trinidad and Tobago,2000,69.1,65.13583751812973,3.964162481870261,1.0028267486285645,0.0010026204295544344,False
Kiribati,2003,64.7,69.779612850965,-5.079612850964992,-1.2836609953811355,0.0009880713270469844,False
Kazakhstan,2001,64.4,70.47537814999662,-6.0753781499966095,-1.5346970370958022,0.0009827827807353524,False
Canada,2006,85.0,77.88762187925411,7.112378120745888,1.7963839519601936,0.0009820143523080844,False
Burkina Faso,2001,56.0,50.91878339126914,5.081216608730863,1.284044114468071,0.0009790258157092839,False
Togo,2014,59.7,65.63281361414752,-5.93281361414752,-1.4987315721636087,0.0009788474271943104,False
Slovenia,2013,85.0,78.4920039837035,6.507996016296502,1.6438245834287075,0.0009742728665625201,False
Turkmenistan,2012,65.6,71.48273308234918,-5.882733082349191,-1.4860748398944927,0.0009656803653486774,False
Burundi,2013,58.6,65.74081007881576,-7.140810078815754,-1.8035310333218872,0.0009633342642720913,False
Nigeria,2014,53.6,59.56404376449462,-5.964043764494619,-1.506567184761883,0.0009582382621517244,False
France,2010,81.3,76.67136355355598,4.62863644644402,1.1699556630686039,0.0009503577277877827,False
Samoa,2009,76.0,70.60390135978079,5.396098640219208,1.3633341034215019,0.0009468737806452634,False
Armenia,2007,73.5,69.80761859933914,3.6923814006608637,0.9342870423905953,0.0009456588523078354,False
Jamaica,2001,72.7,64.92769958866101,7.772300411338989,1.9629769136774267,0.0009431368560794554,False
Nigeria,2003,48.1,54.16472257529407,-6.06472257529407,-1.5319192997748552,0.0009366580396480358,False
Bangladesh,2012,77.0,69.06380687237647,7.936193127623525,2.0043697906681004,0.0009357985819265224,False
Kazakhstan,2009,67.8,76.33153453924112,-8.531534539241122,-2.1548164251197623,0.0009346229619183262,False
Swaziland,2000,48.4,45.39555174205863,3.0044482579413696,0.7613673251541887,0.0009345959427877984,False
Uganda,2004,51.3,56.005179315187995,-4.705179315187998,-1.1891811979254603,0.000928726294061123,False
Timor-Leste,2003,61.0,67.22331010758369,-6.223310107583686,-1.5719054406837083,0.0009260764658420487,False
Austria,2013,81.1,76.32738134963867,4.7726186503613235,1.2061579419311874,0.0009237833190652077,False
Lesotho,2006,45.3,48.57598456984273,-3.275984569842734,-0.8295053687874118,0.0009162418117125897,False
Angola,2012,56.0,62.81154996266081,-6.811549962660813,-1.7203258589101467,0.0009132959912456463,False
Lithuania,2008,71.1,79.3094099779813,-8.20940997798131,-2.0733675559456,0.0009100066774950938,False
Kiribati,2010,65.3,71.56752681503544,-6.267526815035438,-1.5830299864844783,0.000909690763533508,False
Austria,2010,84.0,79.17865415131999,4.821345848680011,1.2183977598560458,0.0009089687430305637,False
Burundi,2014,59.1,66.83434421180743,-7.734344211807432,-1.953334020277126,0.0009073859896033041,False
Ethiopia,2009,68.0,59.31780044264737,8.682199557352632,2.1928581427687033,0.0009019886574986991,False
Kiribati,2011,65.5,71.65326963243135,-6.153269632431346,-1.554188554896381,0.0009015929665141957,False
Nigeria,2011,52.3,57.93975407008922,-5.639754070089225,-1.4246665258428663,0.0009005298358194096,False
Ethiopia,2001,52.5,47.76878623670627,4.731213763293731,1.1956687440703808,0.0009003338809468584,False
Finland,2013,87.0,81.22526647498273,5.774733525017268,1.458701482390646,0.0008985547037871194,False
Burundi,2012,58.0,64.85256988751547,-6.852569887515472,-1.7306511080818463,0.0008965221820860308,False
Turkey,2006,72.8,69.18559964668752,3.614400353312476,0.9145142219183443,0.0008956473100849275,False
Kiribati,2005,64.9,71.16816838661208,-6.268168386612075,-1.583160696613188,0.0008932047423309331,False
Lesotho,2013,52.1,55.04779185305501,-2.9477918530550085,-0.7469801328729888,0.0008930298859775004,False
Sweden,2005,85.0,78.18588262947993,6.814117370520066,1.7209348363505503,0.0008908438628696701,False
Uganda,2002,48.8,52.59215245286828,-3.7921524528682795,-0.9592114219983969,0.0008904321539447183,False
Kiribati,2004,64.8,69.16774734311132,-4.3677473431113185,-1.1040936864275193,0.0008897790433317853,False
Kenya,2005,54.1,50.659141698853304,3.4408583011466973,0.8708485334736358,0.0008877572913946378,False
Nigeria,2010,52.0,57.794864563810414,-5.794864563810414,-1.4637526821174238,0.0008859199310772726,False
Vanuatu,2009,78.0,70.08425283254698,7.91574716745302,1.9991272523711525,0.0008845124570474954,False
Uganda,2013,67.0,59.59089423049313,7.409105769506873,1.8711488486906722,0.0008838245174149091,False
Mauritius,2010,73.3,70.06078202726876,3.2392179727312396,0.8201289553952159,0.0008779940745912096,False
Liberia,2014,58.1,63.596751664830414,-5.496751664830413,-1.3885542280923155,0.0008750840772463194,False
Malta,2010,83.0,75.24913527687134,7.750864723128657,1.9574397700147201,0.0008633344533758441,False
Comoros,2004,59.8,67.76967462163559,-7.9696746216355905,-2.012714747057108,0.0008592502053724477,False
Swaziland,2008,51.4,48.49292728981344,2.9070727101865614,0.7366146999065727,0.0008573613738304057,False
Jamaica,2003,73.1,65.81492280940694,7.285077190593057,1.8397716917082356,0.0008496714794988947,False
Burundi,2011,57.4,61.83658440657583,-4.436584406575832,-1.1213123856268665,0.0008458871416701925,False
New Zealand,2010,89.0,84.79207551235532,4.207924487644675,1.0637251301889585,0.0008444950184996535,False
Jamaica,2002,73.0,65.64808569471481,7.351914305285192,1.8566380994642804,0.0008420078796504783,False
Turkmenistan,2011,65.6,71.21133196089417,-5.6113319608941765,-1.4173738514744252,0.000840883068000379,False
Serbia,2014,75.4,71.80474978955344,3.595250210446565,0.9095156568742775,0.0008396965567809495,False
Romania,2014,74.8,71.57727898758154,3.222721012418461,0.8158435594089402,0.0008394278300093822,False
Turkmenistan,2014,66.0,71.8230461834502,-5.823046183450202,-1.4707652327655292,0.0008391546155084304,False
Mongolia,2012,67.8,76.07262760943192,-8.272627609431922,-2.089241762514164,0.0008391455433082846,False
Comoros,2005,60.0,67.88036817998247,-7.880368179982469,-1.990119798355442,0.0008387422790392235,False
Timor-Leste,2004,62.3,67.59771197835168,-5.2977119783516855,-1.3382918864428508,0.0008386066300247485,False
Portugal,2013,86.0,79.76879571731955,6.2312042826804515,1.573727460510073,0.0008368839186061646,False
Guinea,2014,58.1,64.03509477130086,-5.935094771300861,-1.4990217919238649,0.000835902682112706,False
Kazakhstan,2012,69.1,76.86744771307345,-7.767447713073452,-1.9615811673402332,0.0008320515497726195,False
Algeria,2005,72.9,68.69832786472676,4.201672135273242,1.062114029088521,0.0008313517804146845,False
Mongolia,2011,67.3,75.86935167347774,-8.56935167347774,-2.164229533356923,0.0008293052651302243,False
Turkmenistan,2006,63.7,70.36023426187471,-6.660234261874706,-1.6819827844731172,0.0008285454808997495,False
Equatorial Guinea,2002,53.5,58.49834264236818,-4.998342642368179,-1.2627987469564836,0.0008253270703687796,False
Guatemala,2006,69.7,66.24430479857622,3.4556952014237794,0.8743523539849536,0.0008208545791847768,False
Kiribati,2013,65.8,71.52250085689082,-5.722500856890818,-1.4453660429140645,0.000819781718499293,False
Iceland,2004,88.0,82.71739748440424,5.282602515595755,1.3344372945399976,0.0008183075435177644,False
Russian Federation,2004,64.9,72.00485823829496,-7.104858238294952,-1.7942093438440525,0.0008166984113180804,False
Kiribati,2012,65.7,71.594430943182,-5.894430943182002,-1.4887252665659005,0.0008164159698511376,False
Nicaragua,2000,73.0,66.16865335691763,6.8313466430823695,1.7251523078483721,0.0008150551878585676,False
Lesotho,2007,46.2,49.371721099259425,-3.171721099259422,-0.8029313964904654,0.0008136893379039161,False
Kazakhstan,2011,68.5,76.53321145477408,-8.033211454774076,-2.0287005499557624,0.0008130853206729659,False
Gabon,2000,61.0,57.29141350727771,3.70858649272229,0.9379307199537558,0.0008089924294463212,False
Costa Rica,2002,78.3,71.42003806348758,6.879961936512416,1.737408027821759,0.0008050702218145757,False
Kiribati,2006,65.0,71.39009120408805,-6.390091204088051,-1.6137417465467936,0.0007948368286337498,False
Maldives,2001,78.0,70.7680608337094,7.231939166290601,1.8262570333382815,0.0007911777465518286,False
Lithuania,2010,72.4,79.60762226813532,-7.20762226813531,-1.820107077409095,0.000785575637447469,False
Malawi,2002,44.0,47.01697356256134,-3.01697356256134,-0.7639285053642648,0.0007833082823930669,False
Japan,2011,82.5,78.0210143369697,4.478985663030301,1.1318006913451581,0.0007731529463230483,False
Lesotho,2009,49.4,52.821067227905026,-3.421067227905027,-0.8654796119700601,0.0007728247653339768,False
Nigeria,2008,59.0,55.53388179937147,3.4661182006285287,0.8768001563979849,0.000769516676715221,False
Kazakhstan,2002,64.7,72.82100438547285,-8.121004385472844,-2.050817364988435,0.0007664415370027653,False
Mauritania,2004,64.0,58.08848382074815,5.911516179251848,1.4929346313257654,0.0007663019307388042,False
Liberia,2004,54.0,58.92062834466572,-4.920628344665722,-1.2430703880133587,0.0007660748269266522,False
Italy,2008,81.5,76.64509118659558,4.854908813404421,1.226505837835709,0.0007657510733286213,False
Mongolia,2013,68.1,76.04605863440104,-7.946058634401041,-2.006607925103543,0.0007657409436635717,False
Luxembourg,2009,83.0,75.92062974330227,7.079370256697729,1.7876700652024984,0.0007549105062666515,False
Libya,2005,71.9,77.50945972316141,-5.609459723161407,-1.41668073299231,0.0007361665281514234,False
Comoros,2009,61.3,69.17123664887578,-7.8712366488757795,-1.9876481969124833,0.0007298133280053792,False
Barbados,2003,73.7,70.63604515020472,3.06395484979528,0.7755155851823577,0.0007259623074140006,False
Iraq,2010,76.0,68.58216898948106,7.417831010518938,1.8730980289799548,0.000724974058696193,False
Lithuania,2009,72.2,79.40803424976896,-7.208034249768957,-1.8201050032336534,0.0007211768990539677,False
Italy,2000,79.4,74.34688144714777,5.05311855285224,1.2763565252372133,0.000719231109314015,False
Dominican Republic,2003,73.0,65.24949312168913,7.750506878310873,1.957126891072021,0.0007182442242794646,False
Namibia,2006,57.0,53.58216002523774,3.417839974762259,0.8644778346571264,0.00071740753983501,False
Mauritania,2013,62.7,59.21682582362811,3.4831741763718895,0.8809108985087805,0.0007161554389867655,False
Australia,2001,79.9,84.18477139702878,-4.284771397028777,-1.0827198191271943,0.0007151246397456319,False
Uganda,2003,51.0,55.243423452176664,-4.243423452176664,-1.0723044947202502,0.000715106829397605,False
South Africa,2013,69.0,63.95180815045056,5.04819184954944,1.2750977235875638,0.0007120664529540404,False
Kiribati,2000,64.1,67.22557975975592,-3.1255797597559223,-0.7909491030095297,0.0007104083106744411,False
Belarus,2003,67.7,73.44271966198893,-5.742719661988929,-1.4502335442899814,0.0007073089385131073,False
Kiribati,2001,64.3,69.967409523303,-5.667409523303007,-1.4312286917656334,0.0007034698497850238,False
Malta,2009,82.0,75.09310705874583,6.906892941254171,1.7440235160970259,0.0006982933661041942,False
Latvia,2008,71.9,79.09290477864037,-7.192904778640369,-1.8162242160150555,0.0006848631712439855,False
Bhutan,2000,62.0,66.45180599643533,-4.451805996435326,-1.1247146779161292,0.000682996624927898,False
Russian Federation,2005,65.0,74.1127652221019,-9.112765222101899,-2.3014426832744492,0.0006824935886223957,False
Guatemala,2010,77.0,69.51157514979232,7.488424850207679,1.8908613335328996,0.0006821333818689902,False
Israel,2001,79.3,74.49706062944732,4.802939370552679,1.2132017897610576,0.0006817745817139008,False
Switzerland,2001,82.0,77.88501714745044,4.114982852549559,1.039858969130615,0.0006817459115206616,False
Fiji,2014,69.7,75.06513629243382,-5.365136292433817,-1.3549437027380096,0.0006813522834609331,False
Turkmenistan,2002,63.3,69.59321341207372,-6.293213412073726,-1.5890763312815488,0.0006790453309996477,False
Kazakhstan,2000,63.9,71.98813728087465,-8.088137280874655,-2.042380499747231,0.0006773869203561205,False
Bangladesh,2003,66.8,63.6603535363862,3.1396464636138006,0.7943612542207598,0.0006769779333250434,False
Turkmenistan,2010,65.8,70.99643915418172,-5.196439154181718,-1.312381473402669,0.0006715784716913171,False
Mongolia,2014,68.4,76.21440167747613,-7.814401677476127,-1.9731843505571225,0.0006617435466792419,False
Comoros,2008,61.0,69.14262704010676,-8.14262704010676,-2.056123011241105,0.0006577435972596178,False
Lithuania,2004,71.6,74.09302953630227,-2.4930295363022736,-0.6317614608384303,0.0006476099322489432,False
Bhutan,2002,62.5,67.21836228185772,-4.718362281857722,-1.191798603873352,0.0006475432213785483,False
Paraguay,2000,79.0,71.77002479314532,7.229975206854675,1.8255241273374145,0.0006469656082897262,False
Israel,2006,84.0,76.92477854190848,7.075221458091519,1.7864378396081761,0.0006449363977705626,False
Honduras,2003,71.9,65.34847009005968,6.551529909940328,1.6542087022398972,0.0006421579498622898,False
Burundi,2010,56.8,61.87507448612155,-5.075074486121551,-1.2817054463591415,0.0006393503895130203,False
Nicaragua,2001,73.0,66.77695564519335,6.223044354806646,1.571289318557404,0.0006378382243242591,False
Canada,2011,81.5,76.98422658447022,4.515773415529779,1.140709414729198,0.0006357875392336136,False
Mozambique,2008,53.2,49.45634972951358,3.7436502704864196,0.9462095627663896,0.0006356692467053781,False
Mozambique,2003,51.0,47.16395640831071,3.8360435916892897,0.9694707697546742,0.0006346529771931815,False
Nigeria,2005,49.2,53.762761997243565,-4.5627619972435625,-1.152544764803882,0.0006332516662836127,False
Fiji,2008,68.7,75.51154079337023,-6.811540793370227,-1.7198333051457235,0.0006319297765785922,False
Equatorial Guinea,2003,53.8,57.936237663124274,-4.136237663124277,-1.0450674793301467,0.0006308921944991137,False
Eritrea,2009,61.4,57.47114716502604,3.9288528349739593,0.9928278939523869,0.0006296780102533446,False
Lithuania,2007,72.0,78.9667434938356,-6.966743493835594,-1.7590177177592012,0.0006292133289357452,False
Russian Federation,2013,70.0,76.8066243133739,-6.806624313373902,-1.7185802330778475,0.0006252107000960293,False
Lithuania,2011,72.8,79.42477408038401,-6.6247740803840145,-1.6726655789802218,0.0006237056387634805,False
Fiji,2012,69.4,76.32783817091442,-6.927838170914413,-1.7491830945414553,0.0006230989517118619,False
Kiribati,2014,66.1,71.17142644227224,-5.071426442272241,-1.280736673931307,0.0006183760419697465,False
Costa Rica,2007,78.9,72.5544908320263,6.345509167973702,1.6021575211457826,0.0006163556709338308,False
Malta,2012,81.0,75.51982123052221,5.480178769477789,1.3838125001889798,0.0006144042890682179,False
Malawi,2003,44.6,47.27249711244214,-2.6724971124421373,-0.6766795211050936,0.000613351763663812,False
Turkmenistan,2004,63.5,70.11045094070695,-6.610450940706954,-1.6690291686897523,0.0006122989988912915,False
Fiji,2013,69.6,76.49155251621731,-6.891552516217317,-1.739999021470609,0.0006105442140021591,False
Norway,2008,86.0,80.39768243462612,5.60231756537388,1.4146132595573742,0.0006103334635831222,False
Turkmenistan,2005,63.3,68.3986780666107,-5.098678066610702,-1.2875889022321063,0.0006100466284140807,False
Libya,2006,72.2,77.24347046456643,-5.0434704645664254,-1.2736630948557393,0.0006079061745312704,False
Qatar,2010,77.3,71.38115355324662,5.918846446753378,1.494466606345102,0.0006079031536646879,False
Armenia,2008,73.2,69.41008017370666,3.7899198262933425,0.9577682032187925,0.0006062271563254753,False
Greece,2013,86.0,80.69693924872739,5.303060751272611,1.339117910399739,0.0006044950866139883,False
Haiti,2006,61.1,55.847645917274086,5.252354082725915,1.3263251274124588,0.0006024569854603685,False
Japan,2010,83.0,77.1557314873296,5.844268512670396,1.4756324920187216,0.0005996438835267132,False
Ethiopia,2011,62.6,59.387818993640025,3.2121810063599767,0.8123204016201859,0.0005995630748504458,False
Honduras,2002,71.6,64.8106202391831,6.7893797608168995,1.7141774604111486,0.0005973436071063714,False
Japan,2009,83.0,77.12667257111605,5.873327428883954,1.4829516939603815,0.0005932855708834538,False
Fiji,2007,68.6,73.71783189737342,-5.117831897373421,-1.2923723571550352,0.0005899912673171682,False
Gabon,2012,63.5,60.929848940382314,2.570151059617686,0.650856149789308,0.0005883566362375195,False
Mongolia,2006,65.0,72.86347862183108,-7.863478621831078,-1.9854723446998124,0.00058723938224812,False
Russian Federation,2001,65.1,68.49028766406482,-3.3902876640648287,-0.8570948496405331,0.0005869551144954855,False
Russian Federation,2008,67.5,75.07206174329575,-7.572061743295748,-1.911836601393971,0.0005849536637977345,False
Libya,2003,71.3,77.560229920858,-6.260229920858009,-1.5805702093721212,0.0005830223765341047,False
Libya,2004,71.5,75.75159747435428,-4.251597474354284,-1.0739914465827485,0.0005810906027787167,False
Malta,2013,81.1,75.69601939221889,5.403980607781108,1.364519673216383,0.0005809064099322212,False
Kazakhstan,2013,69.5,75.50922414068539,-6.00922414068539,-1.5172180892043778,0.0005806173445555285,False
Malta,2014,81.4,75.86524597952193,5.534754020478076,1.3975002649393082,0.0005777890708355455,False
Peru,2001,72.4,69.55165937765143,2.848340622348573,0.720721090553217,0.000576764312000556,False
Comoros,2010,61.8,69.57269218496405,-7.772692184964058,-1.9625102054387877,0.0005732345160670443,False
Lesotho,2010,51.1,54.072896043783246,-2.972896043783244,-0.7520261665361251,0.0005727147650322554,False
Guatemala,2000,67.7,64.80108441397002,2.898915586029986,0.7334194427761673,0.0005722449724999449,False
Singapore,2004,79.7,73.16131641055493,6.538683589445071,1.650831128632943,0.0005679664986065518,False
Nigeria,2006,49.8,54.19059695332463,-4.390596953324632,-1.1089805924989724,0.0005670350524003418,False
Timor-Leste,2005,63.7,68.0436754608001,-4.3436754608001,-1.0971555889404478,0.0005669872570638195,False
Djibouti,2013,62.7,59.201120106350956,3.498879893649047,0.8843553090719052,0.0005651447924692087,False
Dominican Republic,2008,73.3,66.9504597490484,6.349540250951591,1.60307619321854,0.0005635138125698977,False
Switzerland,2008,82.0,78.5180666513113,3.481933348688699,0.880079049937283,0.000562193315578625,False
Singapore,2002,79.0,72.81197862763035,6.188021372369647,1.562304459515492,0.0005616622414119887,False
Malawi,2006,47.1,49.86096157819314,-2.7609615781931396,-0.6986872470155351,0.0005609414059674702,False
Botswana,2005,51.7,54.42718305610583,-2.7271830561058295,-0.6901926458164025,0.0005601629439264252,False
Namibia,2003,55.0,52.21929506340526,2.780704936594738,0.7036434752966997,0.00055922526943062,False
Fiji,2005,68.3,74.88088724353446,-6.5808872435344625,-1.6614628887096268,0.0005552962481036348,False
Denmark,2010,79.2,77.07237263681942,2.1276273631805793,0.5395970972264794,0.0005534431745916015,False
Libya,2001,71.0,77.41319674447055,-6.413196744470554,-1.6191198070719046,0.000550049705494005,False
Namibia,2009,62.4,58.637589534631786,3.7624104653682124,0.9506619842109242,0.000549106427906147,False
Libya,2002,71.1,75.30679083869694,-4.206790838696946,-1.0626117277758336,0.0005491048724225805,False
Ukraine,2010,69.8,74.6914733915388,-4.89147339153881,-1.23518892653612,0.0005455587177437113,False
Fiji,2010,69.1,75.81868074045302,-6.718680740453024,-1.6962351004726897,0.0005453807848569208,False
Azerbaijan,2009,78.0,70.56248793087293,7.437512069127067,1.8777815527749513,0.0005450162106436857,False
Guatemala,2009,76.0,69.30290732227495,6.697092677725053,1.69078206452351,0.0005441112423386284,False
Mongolia,2004,64.0,70.9121678817328,-6.912167881732799,-1.7450885762185717,0.0005430419469607154,False
China,2004,73.5,68.01237239924097,5.487627600759026,1.3855356859915062,0.0005423251429390382,False
Myanmar,2008,59.2,64.04709863840505,-4.847098638405043,-1.2239847980061835,0.0005392359595041682,False
Maldives,2014,78.2,75.32683513349156,2.8731648665084464,0.726806936617032,0.0005385415199929319,False
Papua New Guinea,2006,68.0,61.440496539237124,6.559503460762876,1.6560323249596784,0.0005376493035913761,False
Fiji,2009,68.9,75.64394577730748,-6.743945777307474,-1.7025998607389532,0.0005371312311828495,False
Swaziland,2001,47.1,44.85161378084875,2.24838621915125,0.569804342581326,0.0005359262009275436,False
Cyprus,2014,83.0,75.27091832471157,7.729081675288427,1.951433217585595,0.0005358420760561811,False
Niger,2000,50.0,53.17412922401828,-3.17412922401828,-0.8025052547642961,0.0005341875321335537,False
Portugal,2012,83.0,78.13557022448828,4.864429775511724,1.2283386548086268,0.0005326484641343249,False
Gabon,2004,59.7,56.8138908344181,2.8861091655818996,0.7300381878777038,0.0005325823221500222,False
Zambia,2005,49.3,52.47843910150096,-3.178439101500963,-0.8035706897325039,0.0005290065150539919,False
France,2004,82.0,78.27429156267836,3.725708437321643,0.9413497950372252,0.0005273933249170266,False
Fiji,2006,68.5,75.07119504892295,-6.571195048922945,-1.6589636029974837,0.000526331360776827,False
Gabon,2003,59.7,56.77484796351739,2.925152036482615,0.7398313886110921,0.0005258869212839453,False
Fiji,2011,69.2,76.11472368750748,-6.914723687507475,-1.7457026495055938,0.0005248060632460838,False
Latvia,2009,72.6,79.006679131132,-6.406679131132009,-1.6174273889980937,0.0005246154888762986,False
Mali,2000,49.8,53.69020514128436,-3.890205141284362,-0.9827734876037676,0.0005236914652830602,False
Sweden,2014,82.3,78.46331003499313,3.836689965006869,0.9692922959626755,0.0005236069369676967,False
Cabo Verde,2002,77.0,68.0708719552687,8.9291280447313,2.25478523633956,0.0005229069202075029,False
Ethiopia,2012,63.3,60.287735864662764,3.012264135337233,0.7617144255323043,0.0005179163039054066,False
Lithuania,2012,73.0,79.19856698299515,-6.198566982995146,-1.564881727638897,0.0005176163854967369,False
Mongolia,2005,64.5,71.76995245002034,-7.269952450020341,-1.8354087144426263,0.000517086292529,False
Belarus,2009,70.0,77.30224873975529,-7.302248739755285,-1.8435624288673966,0.0005143650980366336,False
Gabon,2009,61.7,58.09095951745794,3.6090404825420634,0.9119216305255394,0.000513343435174763,False
Switzerland,2007,81.7,78.34944689194008,3.350553108059927,0.8468307798486211,0.0005118456447688799,False
Belgium,2004,78.8,82.96341759184533,-4.163417591845331,-1.0515655985245895,0.000507883471910865,False
Honduras,2011,73.9,69.20098027813049,4.699019721869519,1.1865701833575475,0.0005072938244081553,False
Lithuania,2013,73.0,79.1445813594689,-6.144581359468901,-1.5512354533817527,0.0005071437120492554,False
Honduras,2004,72.2,66.05793824884856,6.142061751151445,1.5505980558607964,0.0005063936698734635,False
Sudan,2000,58.6,62.332293078345984,-3.7322930783459825,-0.9429358466447304,0.0005044889626532083,False
Timor-Leste,2010,66.9,70.98464803456199,-4.08464803456198,-1.0317029820673864,0.0005032506432732353,False
Greece,2011,85.0,80.4267421464659,4.573257853534102,1.1548470507268116,0.0005006405774058354,False
Eritrea,2007,62.0,58.20952167742298,3.790478322577023,0.9575801995619618,0.0005005866083903308,False
Ghana,2003,57.9,54.90729447241432,2.9927055275856773,0.7567246835713763,0.0005003262419583888,False
Russian Federation,2006,66.4,72.65159810082967,-6.251598100829668,-1.5782325697182706,0.0004993001698060911,False
Qatar,2007,76.7,71.9099873162503,4.790012683749708,1.2094883754124508,0.000497501350256958,False
South Sudan,2014,56.6,53.14914117520358,3.45085882479642,0.8720294427130142,0.0004957209987808584,False
Turkmenistan,2008,64.5,68.99073217915559,-4.490732179155586,-1.1340273866911665,0.0004947116006108592,False
Botswana,2000,47.8,49.91620559591186,-2.1162055959118646,-0.5364017348905463,0.0004930039673581713,False
Nicaragua,2006,73.0,67.9251881272818,5.0748118727182,1.281286387162275,0.00048816006879888604,False
Dominican Republic,2014,73.6,71.04232070050196,2.5576792994980337,0.647263246640023,0.00048754562109209457,False
Mauritania,2005,66.0,60.56038988029333,5.439610119706671,1.373300929615573,0.00048645454114682764,False
Benin,2012,59.3,62.23184064741602,-2.931840647416024,-0.7413557742491562,0.00048639002537180005,False
Lithuania,2014,73.4,79.29611722441378,-5.896117224413771,-1.4884798536695374,0.0004828519498061709,False
Belarus,2005,68.1,75.75254338321344,-7.652543383213441,-1.9320113783675539,0.0004827325102107934,False
Guyana,2001,65.4,62.487290068776616,2.9127099312233895,0.7365278316067566,0.00048270752647294843,False
Estonia,2007,73.0,78.7275714257439,-5.727571425743903,-1.445946597120797,0.00048233715857071716,False
Myanmar,2009,65.2,62.42510407153894,2.7748959284610635,0.7018529075075429,0.0004809891043705207,False
Lebanon,2009,74.7,70.97139145845361,3.728608541546393,0.9419314086747884,0.0004803610755050396,False
Mali,2002,51.2,55.14777526666002,-3.9477752666600168,-0.9971469587751068,0.00048028399037455317,False
Equatorial Guinea,2006,54.8,57.80685483788966,-3.0068548378896622,-0.7602040432928567,0.000479654696984604,False
Guatemala,2007,75.0,68.7217245979366,6.2782754020634,1.5849280610299068,0.0004789537463149069,False
Liberia,2000,51.9,57.41292676535076,-5.5129267653507625,-1.3917801160452397,0.00047829175024921355,False
Singapore,2010,82.0,77.56808874859796,4.431911251402042,1.119154796632072,0.0004778420101885428,False
Russian Federation,2009,68.2,75.09312196034098,-6.893121960340977,-1.740166449279439,0.00047778232119482605,False
Papua New Guinea,2005,64.0,59.12385015746494,4.876149842535057,1.2311599092241146,0.00047751119075234276,False
Timor-Leste,2012,67.4,71.64632061402527,-4.246320614025265,-1.072373042561908,0.0004773427789034873,False
Kazakhstan,2014,69.9,75.37123424237426,-5.471234242374251,-1.3812579931910884,0.0004767067185204289,False
Mongolia,2003,64.0,69.93352434318875,-5.9335243431887505,-1.4979018389776129,0.0004736981747926932,False
Mongolia,2009,66.9,74.34705496576342,-7.447054965763414,-1.8800772870722444,0.00047297760551331367,False
Switzerland,2006,81.5,78.1791705534285,3.3208294465714943,0.8392090468347114,0.00047263611323787445,False
Mongolia,2007,65.9,73.50519573051707,-7.605195730517067,-1.920028907422806,0.00047060786620110336,False
Timor-Leste,2002,62.0,65.15353791233758,-3.1535379123375833,-0.7970787508579924,0.00046853619211975194,False
Chad,2013,52.2,56.523034656504855,-4.323034656504852,-1.0916779538940267,0.0004660645832514708,False
Cambodia,2000,57.7,54.73538967890432,2.964610321095684,0.7495062957991889,0.0004625576334459745,False
China,2001,72.2,67.24423174783806,4.9557682521619455,1.2511985289782404,0.00046085220159134847,False
Timor-Leste,2008,66.2,70.13639283962428,-3.9363928396242756,-0.9942196101519506,0.00046049637190352313,False
Luxembourg,2014,81.7,78.04310283251921,3.6568971674807926,0.9238034945213823,0.0004604392197814894,False
Maldives,2009,76.3,71.73390998271331,4.566090017286683,1.1529351446969078,0.0004601807771355343,False
Burkina Faso,2009,56.9,60.390789891894144,-3.4907898918941456,-0.8819641667322007,0.0004601137114945403,False
Gabon,2007,61.6,58.74189699614363,2.858103003856371,0.722692516105605,0.00045896324933953573,False
Timor-Leste,2006,64.9,68.54182593289822,-3.6418259328982145,-0.919992850233766,0.00045604702968986966,False
Timor-Leste,2009,66.6,70.7512196608571,-4.151219660857109,-1.0483370730830477,0.0004535806756134747,False
Russian Federation,2012,69.6,75.81823532012373,-6.218235320123739,-1.5697200813123873,0.0004515947593224738,False
Mali,2005,53.6,57.66208130303192,-4.062081303031917,-1.0258620869243427,0.0004501518284923467,False
Singapore,2001,78.7,74.671887884608,4.028112115392005,1.0173005450679113,0.000449841172273903,False
Libya,2008,72.6,76.87323851158564,-4.273238511585646,-1.0790798933065242,0.00044929402074750434,False
Belarus,2008,70.0,77.00547790474965,-7.005477904749654,-1.768492435495986,0.0004485252139176995,False
Fiji,2003,68.0,73.90156548185603,-5.901565481856025,-1.4897832871523542,0.00044730417189704297,False
Mongolia,2002,63.8,69.33145247923575,-5.531452479235753,-1.396385776612618,0.0004464359119043649,False
Fiji,2004,68.1,74.20190817811599,-6.101908178115991,-1.5403466371954255,0.00044636048165078233,False
Bosnia and Herzegovina,2004,75.5,71.39250225796623,4.107497742033772,1.0372907978738688,0.00044418008569157565,False
Pakistan,2008,64.6,62.11990112635115,2.480098873648842,0.6275556647200927,0.00044332325696708473,False
Jamaica,2006,74.0,68.37755984278252,5.622440157217483,1.419336073861928,0.00044280858760376376,False
Syrian Arab Republic,2004,73.2,68.31207275509318,4.88792724490682,1.2340446022179692,0.0004423276515578442,False
Comoros,2011,62.2,69.32041385269534,-7.120413852695336,-1.7975114387163142,0.00044172659138080433,False
Singapore,2007,81.1,76.9412260247884,4.158773975211588,1.050199622562832,0.0004390228950102605,False
Gabon,2001,59.8,57.072182833420364,2.7278171665796336,0.6898313734482724,0.0004388835781502429,False
Maldives,2010,76.7,71.36820794622132,5.331792053778685,1.3459888782199165,0.0004357080807720191,False
Niger,2001,56.0,53.223121659449035,2.776878340550965,0.7021508702382927,0.00043349697080946923,False
Belarus,2002,67.2,74.22393409049687,-7.023934090496866,-1.7731281503230578,0.00043330647836962245,False
Austria,2007,81.0,77.76353944867682,3.2364605513231766,0.8178208396261075,0.00043215667471240704,False
Singapore,2003,79.3,74.91797162682869,4.382028373171309,1.1064548534402234,0.0004313401809895972,False
Mali,2003,52.0,55.85911844095381,-3.8591184409538073,-0.9746575758079947,0.00043062781799590945,False
Turkmenistan,2003,63.4,69.05389244728858,-5.653892447288577,-1.4272440515708813,0.0004292677711775346,False
Singapore,2008,81.4,77.11983032418365,4.280169675816353,1.0807706276225248,0.00042890338074592113,False
Russian Federation,2003,64.6,72.63659466346188,-8.036594663461884,-2.0289841285660004,0.0004271387520213626,False
Mali,2006,54.3,58.33491278743054,-4.034912787430542,-1.0189441868267537,0.0004258924346054114,False
Estonia,2006,73.0,78.50617985623892,-5.506179856238916,-1.389964869612575,0.00042583626541173195,False
Latvia,2004,71.0,77.55944918771559,-6.559449187715586,-1.6558127244572436,0.0004239803708935355,False
Suriname,2004,68.3,64.6719641061093,3.628035893890697,0.9164141696541831,0.00042377653793713755,False
Ghana,2014,62.1,68.40399686201022,-6.303996862010216,-1.5913124867615966,0.0004213493089572202,False
Dominican Republic,2001,71.2,65.08845190876364,6.111548091236358,1.5427290909172977,0.0004202341790831827,False
Chad,2012,51.8,55.884370104601345,-4.084370104601348,-1.031390774456811,0.00041958979342819776,False
Mongolia,2001,63.2,68.3273776661281,-5.127377666128098,-1.2943855513248834,0.00041953067870950867,False
Burkina Faso,2013,59.0,63.513076787802085,-4.513076787802085,-1.1394626037165194,0.00041938656519605006,False
Turkmenistan,2013,65.4,69.78411148169003,-4.384111481690027,-1.106947094988542,0.0004191535224760262,False
Madagascar,2000,57.9,62.76775854604086,-4.867758546040861,-1.2288986553204067,0.0004178778971460842,False
Zambia,2008,55.7,53.463209114858316,2.236790885141687,0.5662779689772287,0.0004174996245997429,False
Sudan,2005,67.0,63.41941887130267,3.5805811286973324,0.9044275205621188,0.0004140763718439773,False
Australia,2004,86.0,83.14631941252722,2.8536805874727804,0.7213905855615591,0.00041298653782454744,False
Fiji,2002,67.9,73.71174894024556,-5.81174894024555,-1.4670462214680091,0.00041292746811890274,False
Jamaica,2007,74.2,68.29447524004665,5.905524759953352,1.4907122440505847,0.00041235622944563947,False
Sweden,2013,81.9,78.51463231840796,3.3853676815920437,0.8552477306028314,0.0004119428815481368,False
Armenia,2003,72.7,68.64915041133494,4.050849588665059,1.022913327730311,0.0004096652198998908,False
Mongolia,2000,62.8,67.58056274937513,-4.780562749375136,-1.2068817427178635,0.0004071758898783311,False
Turkey,2001,78.0,71.44780644996789,6.552193550032115,1.653950186451444,0.0004071573373976561,False
Belarus,2013,71.7,77.9623332295954,-6.262333229595399,-1.5807671335029465,0.0004069261043062248,False
Singapore,2013,82.7,77.05920393644145,5.640796063558554,1.42389109121537,0.00040634328626760384,False
Lesotho,2008,47.8,50.0880259285164,-2.2880259285164044,-0.5790912624799214,0.00040558275301341864,False
Swaziland,2010,53.6,51.16186291491587,2.4381370850841293,0.6168241689616379,0.0004051412396682714,False
Australia,2006,81.2,84.49770225267869,-3.2977022526786897,-0.8331437502715773,0.00040478812028966755,False
Belarus,2006,68.9,76.05206795611674,-7.152067956116738,-1.805444740000733,0.0004042582624852869,False
Singapore,2009,81.7,77.37084120338052,4.329158796619481,1.0930519810760118,0.00040400985128587305,False
Costa Rica,2013,79.4,74.62677690739325,4.773223092606756,1.205020898733465,0.0004032128869834233,False
Ukraine,2008,67.7,74.76152754090488,-7.061527540904876,-1.7825700905053035,0.0004016228358109455,False
Lithuania,2003,71.6,75.77785198777784,-4.177851987777842,-1.0549019062244138,0.00040149361925625706,False
Sao Tome and Principe,2013,67.1,71.07554721050212,-3.9755472105021283,-1.0039091760208756,0.00040110856615955376,False
Fiji,2001,67.8,71.76926051858058,-3.969260518580583,-1.0023246382652136,0.00040107396556300786,False
Belarus,2004,68.2,75.18565144863575,-6.98565144863575,-1.7634034873751347,0.00040067901014197583,False
Bangladesh,2011,73.0,68.44789082627166,4.55210917372834,1.1492517144936671,0.0003992357450346385,False
Ukraine,2007,67.5,71.76343331144236,-4.2634333114423555,-1.0764686776469923,0.0003989805520640911,False
Togo,2012,58.9,65.41445353559882,-6.514453535598825,-1.6444050771791139,0.0003984586080975943,False
Mali,2007,55.0,58.9760594010021,-3.9760594010020966,-1.0040297883436244,0.00039825978367300657,False
Austria,2003,78.8,75.08469257082133,3.715307429178665,0.9383176509476632,0.0003975692519456699,False
Russian Federation,2011,69.4,75.36120867302628,-5.961208673026277,-1.5047364041011289,0.0003972573168091345,False
Turkmenistan,2007,64.1,66.87960442724194,-2.7796044272419493,-0.7026834955829898,0.00039723926559426253,False
Turkmenistan,2001,64.0,69.3407757070984,-5.340775707098402,-1.3481689013196128,0.00039682590768159206,False
Central African Republic,2014,58.0,53.825419220398,4.174580779602003,1.0540552873497293,0.0003937247794814327,False
Romania,2001,78.0,71.94760211902585,6.052397880974155,1.527746037820977,0.00039343798954965376,False
Maldives,2013,77.9,74.61289111469043,3.2871088853095785,0.8304303938662247,0.0003921008020636571,False
Liberia,2005,55.3,59.54405566991997,-4.244055669919973,-1.0715541146274903,0.00038837500391997914,False
Russian Federation,2002,64.8,72.50800371635466,-7.708003716354668,-1.9458788693204934,0.0003879074741880472,False
Equatorial Guinea,2013,57.4,55.103076884181796,2.2969231158182026,0.5812339498528353,0.00038722573135889927,False
Sudan,2011,62.7,65.68629969298546,-2.9862996929854546,-0.7546671238701357,0.0003871044309530102,False
Luxembourg,2013,81.4,78.02575952141206,3.37424047858795,0.8523581866473461,0.00038705401115181684,False
Senegal,2010,64.3,61.3129433611028,2.9870566388971937,0.7548535679166056,0.00038606015509725034,False
Ukraine,2009,69.2,74.55187104267603,-5.351871042676024,-1.3509361514144116,0.00038235572652991383,False
Iraq,2006,64.7,69.22386999772965,-4.523869997729648,-1.1420846922994412,0.0003814839728858265,False
Albania,2007,75.9,70.77591455632995,5.1240854436700545,1.2934661728606465,0.00038112195595672155,False
Portugal,2011,82.0,78.75217030490701,3.247829695092989,0.8204954896720347,0.0003803635088570827,False
Belarus,2014,72.0,77.8471156774934,-5.847115677493406,-1.4758960508291148,0.0003755777546846166,False
Estonia,2003,71.9,77.46865657284073,-5.568656572840723,-1.4056217943639384,0.0003755405162303345,False
Madagascar,2001,58.7,61.16820274915739,-2.468202749157385,-0.6242379842736531,0.0003743750429134244,False
Cuba,2004,77.3,72.5503622805439,4.7496377194561035,1.1989996368235212,0.0003738693457889033,False
Singapore,2000,78.3,74.6419076472734,3.658092352726598,0.923824172124043,0.0003736029235832693,False
Nigeria,2009,51.6,55.97112691498182,-4.371126914981815,-1.1035479087518032,0.00037276421131265947,False
Kuwait,2006,73.6,76.92136221853333,-3.321362218533338,-0.8389832181873395,0.0003712392674020562,False
Estonia,2002,71.2,75.18455772107666,-3.984557721076655,-1.0060900667473083,0.0003707851108045767,False
Togo,2013,59.4,65.9190356613376,-6.519035661337604,-1.6455090099034848,0.00036937264183495695,False
Haiti,2001,58.9,54.58796529936238,4.312034700637618,1.0886379991621005,0.0003687193463151052,False
Swaziland,2002,46.4,44.54159871941481,1.8584012805851913,0.4709747622803639,0.00036838658578837235,False
Costa Rica,2014,79.5,74.76340230555464,4.736597694445365,1.1956966283927786,0.00036816674687362866,False
Honduras,2005,72.5,67.36908472144532,5.130915278554681,1.295154659894926,0.00036622080450831066,False
Japan,2008,82.7,78.61968764033247,4.080312359667531,1.0302128256165752,0.0003660695255526509,False
Singapore,2014,82.9,78.87028217107058,4.029717828929421,1.0174579444965262,0.0003656171825027484,False
Cabo Verde,2005,71.8,66.67385300879329,5.12614699120671,1.2939468966810925,0.00036412705681949996,False
Austria,2009,82.0,78.99686284876873,3.0031371512312717,0.7588143486793882,0.00036373983828153405,False
Latvia,2010,72.8,78.39420246740275,-5.594202467402752,-1.4120385600273144,0.00036156575275738106,False
Haiti,2003,59.7,55.15186488753246,4.548135112467541,1.1481494577027198,0.00036078615127313723,False
Russian Federation,2000,65.0,71.90433495472749,-6.904334954727489,-1.7427961766714177,0.0003604742458680287,False
Vanuatu,2008,75.0,70.07178511575887,4.928214884241129,1.2440077364766278,0.00036029567961884775,False
Chad,2006,48.5,51.77387301091708,-3.273873010917079,-0.8269724099331864,0.00035754884754771106,False
Haiti,2002,59.3,54.91403665093063,4.385963349069364,1.107245849447175,0.00035690347718023727,False
Eritrea,2001,58.1,55.10922105698116,2.9907789430188387,0.7556722637500066,0.000356002823927036,False
Niger,2012,63.0,59.8010710520895,3.1989289479105025,0.8080903080026707,0.00035600182830364485,False
Mali,2009,56.0,60.15820939668005,-4.15820939668005,-1.0498185341879265,0.0003551343128107872,False
Indonesia,2004,65.3,69.96998745167532,-4.6699874516753255,-1.1788633055476174,0.0003546566683205053,False
Liberia,2008,58.6,61.39238347379719,-2.7923834737971873,-0.7057165310084803,0.00035384550244043543,False
Mauritania,2002,62.0,58.64014646446315,3.3598535355368497,0.8486164805753206,0.00035350386037121423,False
Fiji,2000,67.7,71.80739078223837,-4.107390782238369,-1.037001567925081,0.00035315158611284745,False
South Africa,2001,56.0,53.85520109648229,2.14479890351771,0.5428175194799443,0.00035295836227053985,False
Singapore,2011,82.2,78.47698945166385,3.7230105483361484,0.9401161464037848,0.00035270844649475255,False
Canada,2013,81.8,78.8664891049645,2.9335108950354964,0.7412348009474509,0.00035140567291683353,False
Ireland,2010,86.0,82.38850743936149,3.61149256063851,0.9119972688079391,0.0003475852271500171,False
Equatorial Guinea,2007,55.0,57.474149929621355,-2.4741499296213547,-0.6256046494738234,0.00034714143213511727,False
Trinidad and Tobago,2012,78.0,73.24268800125958,4.75731199874042,1.200866791782496,0.00034645484237716276,False
Kenya,2003,52.4,49.545104811163185,2.8548951888368137,0.7214173940763171,0.0003453317407589185,False
Belarus,2011,72.0,77.36356305549634,-5.363563055496343,-1.3538031583527366,0.0003448695635282134,False
Russian Federation,2007,67.3,72.87486509977073,-5.574865099770733,-1.4071168765564142,0.000341921503565646,False
Kuwait,2008,73.8,76.74153870246415,-2.9415387024641575,-0.7432084268771739,0.0003395259557953661,False
Equatorial Guinea,2012,56.7,54.90934038387237,1.790659616127634,0.45378477198715317,0.00033883197888870246,False
Belarus,2001,67.7,73.76022044012808,-6.060220440128077,-1.5296134130921737,0.0003387637235323084,False
Singapore,2012,82.5,78.78911432505008,3.710885674949921,0.9370149701561965,0.00033840005942781904,False
Sudan,2009,62.0,64.8884547873483,-2.8884547873482944,-0.7298348504614472,0.0003376047629493164,False
Japan,2007,82.6,78.46510099471172,4.1348990052882755,1.0438894702445674,0.0003368037480222859,False
Comoros,2006,63.0,68.2301796817061,-5.230179681706105,-1.3201301384916506,0.00033658084025504724,False
Mozambique,2002,49.8,47.10350042114135,2.696499578858649,0.6814898043122394,0.0003324542938580635,False
Liberia,2010,59.7,62.42039468838746,-2.720394688387458,-0.6875034738313756,0.00033222415313641983,False
Sudan,2001,58.9,62.01838899675678,-3.118388996756778,-0.7877116754180761,0.0003309866230092291,False
Japan,2006,82.4,78.28923059528093,4.110769404719079,1.0377884534591566,0.0003306447670608218,False
Eritrea,2003,58.8,55.96195110527608,2.8380488947239186,0.7171118162613542,0.000329787358505103,False
Mauritania,2012,62.5,60.16865816225696,2.3313418377430395,0.5895969640419785,0.00032965383732104384,False
Trinidad and Tobago,2007,69.7,67.45188646804041,2.2481135319595893,0.5686652755567362,0.00032950871294085084,False
Switzerland,2014,83.2,80.57238240831443,2.6276175916855777,0.6641305963541528,0.00032747486146925483,False
Belgium,2001,78.0,81.81223833953464,-3.8122383395346446,-0.9625215282605334,0.0003263531472489606,False
Costa Rica,2003,78.0,73.21813476850727,4.781865231492731,1.2070092235127026,0.00032612408598805756,False
Kuwait,2007,73.7,76.73010255088288,-3.030102550882873,-0.7654554243681443,0.0003255620477882054,False
Senegal,2008,62.8,60.11407613900406,2.685923860995935,0.6787963493119558,0.0003252631999787233,False
Namibia,2004,54.7,52.57682948638322,2.1231705136167847,0.5372275984894489,0.0003249159103973468,False
Belarus,2012,71.9,75.75752559312946,-3.857525593129452,-0.9739308599609615,0.0003245240051660873,False
Saudi Arabia,2014,74.4,78.7151197754428,-4.3151197754427955,-1.0892922000488514,0.0003236990269161474,False
Switzerland,2005,81.1,78.19926992731259,2.9007300726874092,0.7328678543475228,0.0003234130780620308,False
Japan,2003,81.9,76.4030180535411,5.496981946458902,1.3874222801116047,0.00032312546237691134,False
Japan,2001,81.5,77.45806609465637,4.041933905343626,1.020405525354396,0.0003206538257524024,False
Romania,2000,77.0,71.6366506656973,5.363349334302697,1.353695011679835,0.0003203782490914204,False
Cyprus,2013,81.0,75.06807465004418,5.931925349955819,1.497189467831617,0.0003194622231636926,False
China,2006,74.2,69.60363022429989,4.596369775700111,1.1602061422407421,0.0003192773304018374,False
Afghanistan,2015,65.0,67.01971129628087,-2.0197112962808745,-0.5111855571821244,0.00031810426380417614,False
Belgium,2010,80.0,77.08355717876286,2.9164428212371405,0.7367977876447429,0.00031683129305076004,False
Sudan,2008,61.8,64.43648897061706,-2.6364889706170658,-0.6663134148513375,0.0003162788894243388,False
Djibouti,2012,62.2,59.52539225151562,2.6746077484843838,0.6759024910058975,0.00031492990060497653,False
Finland,2004,78.7,82.29772784737271,-3.5977278473727097,-0.908418168838843,0.00031394308933885984,False
Switzerland,2004,81.0,78.10158610395212,2.8984138960478845,0.7322448156628746,0.0003136240090983252,False
Argentina,2013,76.0,80.01708728315404,-4.017087283154041,-1.0141202627100037,0.0003133950546639867,False
Jamaica,2011,75.2,69.81073451648022,5.389265483519779,1.3602191546640685,0.00031338636470676313,False
Equatorial Guinea,2014,57.9,55.148064720652926,2.751935279347073,0.695361778445776,0.0003132495231542676,False
Mongolia,2008,67.4,74.06137383275697,-6.661373832756965,-1.6813509864934155,0.0003128978783466977,False
Costa Rica,2008,78.9,74.6418998293633,4.258100170636709,1.07488437325621,0.00031276643444810376,False
Switzerland,2013,83.0,80.45211954729447,2.5478804527055274,0.6439904431863519,0.00031160267363484215,False
France,2011,81.7,78.53351360836979,3.1664863916302153,0.7997533289033796,0.0003114548730112346,False
Sudan,2004,59.7,62.725494182468914,-3.025494182468911,-0.764237312373003,0.000310812796934192,False
Kuwait,2004,73.5,76.94067358162127,-3.440673581621269,-0.868812903715704,0.0003056976773680968,False
Mali,2004,52.8,55.002775866722295,-2.2027758667222983,-0.5571378854754558,0.00030552971582274116,False
Grenada,2008,72.1,77.5296424339808,-5.429642433980803,-1.3703877935114648,0.00030414938232239356,False
Bangladesh,2004,67.3,64.4249396035146,2.875060396485395,0.726315957992667,0.00030187119443243055,False
Turkmenistan,2009,65.6,69.09173023757353,-3.4917302375735346,-0.8816656288372672,0.0003018420118025338,False
Mozambique,2006,51.2,48.600610886762865,2.5993891132371374,0.656909167150089,0.00030162589466737656,False
Japan,2004,82.1,78.29130923030279,3.8086907696972077,0.9615502887492801,0.0003015582878466994,False
Zambia,2004,47.9,50.03236685734255,-2.1323668573425536,-0.539408541352407,0.0003010807591222674,False
Guyana,2012,65.8,70.39578595497876,-4.595785954978766,-1.1600107763441792,0.00030063157053170217,False
Kenya,2002,52.1,49.58596582576048,2.5140341742395194,0.6354195820057021,0.0003002737697084818,False
Georgia,2008,73.9,71.98806248526513,1.9119375147348734,0.48399780543884124,0.00030020260088320085,False
South Sudan,2012,56.0,53.172154430868765,2.8278455691312345,0.7144190715715886,0.0003000652597676,False
Hungary,2003,72.5,77.30868347015944,-4.808683470159437,-1.213705094294057,0.0002982916055504785,False
Timor-Leste,2014,68.0,71.51737896724688,-3.5173789672468843,-0.8881162357520408,0.000297989364882849,False
Bangladesh,2014,71.4,67.95700391414675,3.4429960858532525,0.8693668129753411,0.0002965783127037939,False
Hungary,2005,72.9,77.6294087430697,-4.729408743069698,-1.1937034572596046,0.0002963612218482487,False
Argentina,2012,75.9,79.92587425860421,-4.025874258604205,-1.016284230514615,0.00029597287774709726,False
Bhutan,2003,63.3,67.09017109734589,-3.7901710973458904,-0.956864571351548,0.0002959617338060746,False
Grenada,2009,72.4,77.76163611903245,-5.36163611903244,-1.3532055923459754,0.00029459086051574255,False
Mozambique,2001,49.5,46.873778455347434,2.626221544652566,0.6636304712486283,0.00029428245366442453,False
Japan,2002,81.8,77.77548136783093,4.0245186321690625,1.0159355939558234,0.00029364332106993204,False
Costa Rica,2011,79.0,75.31765662942432,3.68234337057568,0.9296768950779873,0.0002932884486240583,False
Iceland,2014,82.5,80.9776990444903,1.5223009555097065,0.38613748870748,0.0002927808818688838,False
Equatorial Guinea,2008,55.4,57.557716846899716,-2.157716846899717,-0.5457358831352868,0.0002924308448712747,False
Cuba,2013,78.7,75.24232515399916,3.4576748460008417,0.8730494972522667,0.0002918147947425718,False
Rwanda,2007,59.6,57.057982170658974,2.5420178293410274,0.642420394005298,0.00029116403691178787,False
Georgia,2005,73.9,70.61618032587101,3.283819674128992,0.8292378080348608,0.00029082764940356105,False
Senegal,2011,64.9,62.21703778850939,2.6829622114906186,0.6778977798773546,0.00029038768291239387,False
Syrian Arab Republic,2007,73.8,69.66156525713306,4.138434742866934,1.0446457077331797,0.00028959778526960243,False
Maldives,2012,77.6,73.96463786536373,3.6353621346362672,0.9178205291982595,0.0002887025435403544,False
Grenada,2010,72.6,77.86810253493312,-5.268102534933121,-1.3295896303278403,0.00028834114131853224,False
Cuba,2011,78.8,76.39204627366269,2.407953726337311,0.608665715940411,0.00028821383961100756,False
Finland,2003,78.4,81.95271072752502,-3.5527107275250103,-0.8969861072472608,0.00028771263574821576,False
Ukraine,2006,67.7,70.96625820670901,-3.2662582067090113,-0.8248017652689013,0.00028770555388010397,False
Chad,2010,51.2,54.247902509669515,-3.0479025096695125,-0.7697897636824227,0.000287212098435259,False
Malawi,2009,51.5,49.68119264938929,1.8188073506107116,0.46051607528102567,0.00028663143679072124,False
Chad,2008,49.6,51.63348947812891,-2.0334894781289066,-0.5144636636206308,0.0002860178339508784,False
Cameroon,2013,56.4,60.41006402333814,-4.010064023338138,-1.0122676007436304,0.00028561507442220036,False
Myanmar,2010,65.4,63.330312739463245,2.06968726053676,0.523561740557811,0.00028552922034514504,False
Lithuania,2002,71.4,76.92665639800543,-5.526656398005429,-1.3948287719913455,0.00028496477171765155,False
Norway,2014,81.6,78.85412804831918,2.7458719516808117,0.6937124797259199,0.0002846372789697225,False
Dominican Republic,2006,72.3,67.39478208455964,4.90521791544036,1.2380210504509588,0.0002834426731194387,False
Luxembourg,2012,81.1,76.54367404573289,4.556325954267109,1.1500123444586225,0.00028292812640733333,False
Colombia,2013,74.4,71.46552888004268,2.9344711199573226,0.7412011001095201,0.0002828669623319292,False
Senegal,2009,63.5,60.926011376890706,2.573988623109294,0.6504288952540825,0.00028265147011047033,False
Mali,2011,56.8,60.835040361156835,-4.035040361156838,-1.0185558824683707,0.0002825921342900535,False
Italy,2013,82.3,78.49509426306527,3.804905736934728,0.9605339636873877,0.00028156463568640905,False
Brunei Darussalam,2006,76.3,73.37281710068515,2.927182899314843,0.7393496066386724,0.0002789423553927783,False
El Salvador,2002,73.0,68.90486226206913,4.0951377379308695,1.0336978731508006,0.00027890704115788055,False
Chad,2004,48.5,51.21245898482355,-2.7124589848235487,-0.6852713112618678,0.00027820141868771704,False
France,2005,81.0,78.27699348962524,2.723006510374759,0.687925606360341,0.00027783829624355327,False
Switzerland,2010,82.3,79.88661674061878,2.41338325938122,0.6099798764893504,0.00027750991723712995,False
Eritrea,2011,62.9,60.40625382073772,2.4937461792622813,0.6302026118445108,0.0002767314981029132,False
Greece,2012,84.0,80.36072001528062,3.63927998471938,0.9187687415923806,0.0002766327992639355,False
Myanmar,2007,64.5,61.762220513501376,2.7377794864986242,0.6916400492907386,0.00027656798289759494,False
Grenada,2007,71.9,77.2795114799986,-5.379511479998598,-1.3576761135042623,0.0002763719559063008,False
Cameroon,2014,56.7,60.76049856700017,-4.060498567000167,-1.0249552398977104,0.00027592258956356047,False
Mali,2008,55.5,58.5488599820803,-3.0488599820803017,-0.7699860510766697,0.00027562337229365376,False
Ghana,2013,61.9,68.0880089282733,-6.188008928273298,-1.5617507218893443,0.0002748713899518645,False
Guatemala,2002,69.3,65.50244428300466,3.7975557169953333,0.958657947247,0.00027413211592903255,False
Honduras,2006,72.8,67.87562520264785,4.924374797352144,1.2428303573140542,0.0002736747808331043,False
Nepal,2000,62.5,66.51731922804856,-4.017319228048564,-1.0140576186771912,0.00027233118196667573,False
Costa Rica,2005,78.6,73.65916747976392,4.9408325202360714,1.246975687887853,0.00027088191151997224,False
Belgium,2009,79.8,77.00271461844736,2.7972853815526406,0.706600319656146,0.00027074579454587844,False
Australia,2013,82.5,85.06241160720454,-2.562411607204538,-0.6474595519968522,0.0002706774455480985,False
Bhutan,2001,61.7,64.71974810144374,-3.0197481014437386,-0.7626318986919992,0.00027035369632559064,False
Estonia,2004,72.3,75.98087569332101,-3.6808756933210134,-0.9292327790853686,0.0002702259530604143,False
Denmark,2002,77.0,80.42432127184271,-3.4243212718427145,-0.8645672705543815,0.0002694713308036856,False
Japan,2005,82.0,78.32628716155973,3.6737128384402666,0.9274243875572881,0.0002693416100771448,False
Switzerland,2012,82.7,80.3084598052317,2.3915401947682966,0.60443973616773,0.0002687576054846287,False
Pakistan,2010,65.1,62.73543303552134,2.364566964478655,0.5976447343868501,0.0002674114105472835,False
Grenada,2005,71.5,76.79428690869601,-5.294286908696009,-1.3361496601872356,0.00026732241778181334,False
Burkina Faso,2008,56.1,58.697070360699726,-2.5970703606997247,-0.6561676323590063,0.00026681518827009656,False
Dominican Republic,2007,72.9,68.0671053582239,4.832894641776107,1.2197347120815503,0.00026662307126114023,False
Maldives,2002,71.8,69.31148476666914,2.4885152333308582,0.6288359473911854,0.000266164307522793,False
Jamaica,2012,75.3,70.36477899946728,4.935221000532721,1.2455467710359218,0.00026539488147942235,False
New Zealand,2013,81.3,83.79201346902502,-2.492013469025025,-0.6297099579972193,0.00026476986211554745,False
Niger,2011,59.4,57.58870743170929,1.8112925682907104,0.45848680196791286,0.0002646429738633986,False
Zambia,2013,63.0,60.04512623426246,2.9548737657375383,0.7462656002415712,0.00026426201898072473,False
Ethiopia,2004,55.0,51.742888863661186,3.257111136338814,0.8224108219685135,0.0002639420711408192,False
Thailand,2002,71.4,67.43653057979141,3.9634694202085967,1.00045334367086,0.00026323912093107404,False
France,2012,81.5,78.62373990311028,2.876260096889723,0.7264591291409225,0.00026313280184299376,False
Belarus,2000,68.0,73.49079995095757,-5.490799950957566,-1.3857311471130491,0.0002625345947559022,False
Finland,2002,78.1,81.6119074585959,-3.5119074585959,-0.8866164849218477,0.0002621185216893528,False
Belgium,2002,78.0,80.81039089601619,-2.8103908960161874,-0.7098641676451017,0.00026201216398633677,False
Ghana,2012,61.6,67.67654898701831,-6.076548987018306,-1.5335846351656854,0.0002617012219541477,False
Argentina,2011,75.7,79.70708327710055,-4.0070832771005485,-1.0114444407893362,0.0002613920403778797,False
Costa Rica,2001,77.5,72.6916475473482,4.808352452651803,1.2135293563869378,0.00026092556970275634,False
Australia,2012,82.3,84.85819809002999,-2.5581980900299897,-0.6463469965303872,0.000259429957546027,False
Qatar,2008,76.8,74.59027477209938,2.20972522790062,0.5586383396526765,0.0002589788538038007,False
Benin,2009,58.4,60.56501959616782,-2.1650195961678236,-0.5473900628705428,0.0002587790549246734,False
Switzerland,2011,82.6,80.1919389120949,2.4080610879050965,0.6085489026850176,0.00025877272941300216,False
Maldives,2011,77.3,73.40346224921814,3.89653775078186,0.9835626335610581,0.000258111181702249,False
Russian Federation,2014,73.0,77.5719701509567,-4.571970150956702,-1.1538931652660918,0.000257891353305332,False
Cameroon,2006,53.3,50.96502819507679,2.3349718049232067,0.5901485187631506,0.0002578018081875521,False
Togo,2011,58.3,63.07299067075747,-4.772990670757473,-1.204599667454331,0.0002573110195292109,False
Lesotho,2000,49.3,47.41843288613734,1.8815671138626584,0.4761012724793946,0.00025729393829430403,False
Qatar,2009,77.0,74.56228721831494,2.4377127816850646,0.6160030440524208,0.00025680795572432234,False
Portugal,2009,79.3,76.68173661365968,2.618263386340317,0.6614567588382038,0.00025642964862270006,False
Argentina,2014,76.2,79.74996703016735,-3.549967030167352,-0.8961899305386032,0.0002563179588663819,False
Grenada,2012,73.1,77.99818057490431,-4.898180574904316,-1.2361755440467388,0.00025449791494426224,False
Estonia,2005,72.8,76.57001817699754,-3.7700181769975387,-0.951653914107997,0.00025435495669633433,False
Bosnia and Herzegovina,2006,75.7,72.03727592470759,3.6627240752924166,0.924605370186035,0.0002541600655730903,False
Canada,2009,81.0,78.0667965674981,2.933203432501898,0.7407662100747248,0.0002541543148846075,False
Hungary,2006,73.4,77.85572881388765,-4.455728813887646,-1.1245633360476868,0.00025392129403581284,False
Liberia,2009,59.2,60.8139044905521,-1.6139044905520947,-0.40882977382939617,0.0002531925691787664,False
South Africa,2014,62.0,65.23680812429181,-3.2368081242918123,-0.8172544453437905,0.00025287918217506547,False
Luxembourg,2007,79.7,74.13224502300534,5.567754976994664,1.4051312714169502,0.000252263338417283,False
Sudan,2003,59.6,62.31225387872999,-2.712253878729989,-0.6851039746719976,0.00025159942695073207,False
Ecuador,2003,74.4,70.5646490362614,3.8353509637386054,0.9681158729375378,0.0002514591630188431,False
Hungary,2007,73.5,78.0528653493098,-4.552865349309798,-1.1490574268173677,0.00025143300817576846,False
Guyana,2002,65.3,61.978156014564526,3.3218439854354713,0.8386778308713915,0.00025129855116440107,False
Cameroon,2012,55.9,59.556064241088436,-3.656064241088437,-0.9229171816040518,0.00025126654243633884,False
Russian Federation,2010,68.4,73.90544917343344,-5.505449173433433,-1.3894031952064578,0.0002509151290794028,False
Denmark,2013,81.0,83.44113886754128,-2.4411388675412837,-0.6168361863597571,0.0002507391698039544,False
Honduras,2007,73.0,68.45957046287785,4.540429537122151,1.1459180696026836,0.0002504410449331499,False
Bahrain,2013,76.7,73.67606401385441,3.023935986145588,0.7636075569358187,0.0002500563883279921,False
Sudan,2014,63.8,66.16896986835343,-2.3689698683534317,-0.598663470374041,0.0002494291276082028,False
Switzerland,2009,82.1,79.63847017359495,2.461529826405041,0.6219629578283267,0.0002493971248336095,False
Canada,2012,81.6,79.10737346892533,2.492626531074663,0.6297915238331371,0.00024937417824153824,False
Albania,2003,72.8,69.19510797922399,3.6048920207760062,0.9100109500841932,0.0002491720456942973,False
Malaysia,2011,74.3,71.33746142777667,2.9625385722233233,0.7481340233501574,0.000248627942095125,False
Guyana,2013,65.9,69.9354644552417,-4.035464455241694,-1.018562592779328,0.0002484762812473505,False
Australia,2014,82.7,85.14659675702154,-2.4465967570215383,-0.618197502752821,0.00024811636630821124,False
Sudan,2006,61.0,63.80825899722201,-2.808258997222012,-0.7092682147909728,0.00024797335326134245,False
Sao Tome and Principe,2005,64.3,61.77425421359378,2.525745786406219,0.6381212416756524,0.0002475332362183411,False
Zimbabwe,2005,44.6,46.49490967849151,-1.8949096784915085,-0.47939455593481073,0.0002474833431694549,False
Timor-Leste,2007,65.8,67.43170644390928,-1.6317064439092803,-0.4132561328459624,0.00024709596198772485,False
Saudi Arabia,2013,74.3,77.9819222543563,-3.6819222543563086,-0.9294218823782138,0.00024700528537814024,False
Philippines,2005,67.0,68.89302054277464,-1.8930205427746358,-0.4789120822296252,0.0002462635401788252,False
Ghana,2009,66.0,62.13252356380631,3.867476436193691,0.97619924331687,0.00024621294440693036,False
Cuba,2009,78.1,80.61136702753772,-2.5113670275377302,-0.6344947554857632,0.0002461916708168387,False
Albania,2005,73.5,69.59252889922683,3.907471100773165,0.9862829753335193,0.0002461742399520384,False
Sweden,2004,83.0,80.01686654496831,2.983133455031691,0.7533124892468035,0.0002461243585905246,False
Guyana,2009,66.1,70.11036577021873,-4.0103657702187405,-1.0122246853254238,0.0002453570526807681,False
Sudan,2013,63.5,65.82482589762652,-2.324825897626525,-0.5875299719041838,0.0002449259339959357,False
Norway,2007,85.0,82.08265108685187,2.917348913148132,0.7367290014849097,0.00024344268936775032,False
Sudan,2012,63.2,65.51388390564398,-2.3138839056439764,-0.584766526825666,0.00024306327650928518,False
Lebanon,2000,72.7,75.72722050552198,-3.0272205055219814,-0.7644049859118665,0.00024235651605870748,False
Qatar,2011,77.5,75.26415443977372,2.235845560226281,0.5651182289373518,0.0002414611383639421,False
Ghana,2010,69.0,64.1994295566645,4.800570443335502,1.2115160240923535,0.00024064727942586927,False
Lesotho,2003,45.5,44.096508168949725,1.4034918310502746,0.3559281927303467,0.00024021913140259273,False
Central African Republic,2013,49.9,52.365861277000064,-2.465861277000066,-0.6230071189991357,0.00023971488659948662,False
Zimbabwe,2006,45.4,47.31529520296549,-1.9152952029654884,-0.48447145711831097,0.00023959260789653997,False
Grenada,2013,73.3,78.01069376575211,-4.7106937657521115,-1.1888380150316888,0.00023889884862668807,False
Spain,2010,81.9,78.4905796184697,3.4094203815303104,0.8607038158822924,0.00023830127119882773,False
Senegal,2000,57.5,60.04999316832203,-2.5499931683220325,-0.644177498563589,0.00023698417288795488,False
Namibia,2005,55.1,53.26301017947991,1.8369898205200883,0.46476667409235717,0.0002367758491487515,False
Liberia,2013,61.1,64.51109130488527,-3.411091304885268,-0.8611161335934073,0.00023575779653077904,False
Burkina Faso,2014,59.3,62.34058984008597,-3.040589840085971,-0.7677459959506842,0.00023530972490020007,False
Chile,2000,77.3,73.04727069525615,4.252729304743852,1.0733138900433188,0.00023522375187343185,False
Zimbabwe,2014,59.2,56.450980490254906,2.7490195097450965,0.6942928712835869,0.0002352092933766743,False
Ukraine,2005,67.0,71.8861337740193,-4.886133774019299,-1.2330889529043958,0.0002350260442390919,False
Argentina,2002,74.1,77.85381460295892,-3.7538146029589257,-0.9475065759984106,0.0002345837889214939,False
Grenada,2006,71.7,76.85792981548745,-5.157929815487449,-1.3016662555363663,0.00023435348597387434,False
Chad,2011,51.6,53.495994290260924,-1.8959942902609228,-0.4795860867731236,0.00023434439726882335,False
Timor-Leste,2011,67.2,69.35689634470154,-2.1568963447015363,-0.5452119490335842,0.00023407251290961893,False
Eritrea,2004,59.1,56.73451614457716,2.365483855422845,0.597707721483054,0.00023369724081800624,False
Latvia,2001,69.9,75.51173426181508,-5.611734261815073,-1.4161908120313775,0.00023309202638944741,False
Albania,2010,76.2,71.96626026596994,4.233739734030067,1.0685184084649177,0.00023295765443575691,False
Ukraine,2013,71.0,73.94435382755765,-2.9443538275576486,-0.7434898622914285,0.00023291996957036925,False
Solomon Islands,2014,68.8,66.32415897746917,2.4758410225308296,0.6254870187937546,0.00023285047935225382,False
Sweden,2009,81.4,78.03668248557041,3.363317514429596,0.8490634280731856,0.00023243301499985652,False
Netherlands,2011,81.1,78.74685960336684,2.353140396633151,0.5945935430497803,0.00023230964655211275,False
Cabo Verde,2006,72.1,68.26247764038641,3.837522359613587,0.9686017759851905,0.00023153495486444845,False
Cyprus,2001,78.2,72.74112565899148,5.458874341008524,1.3776059813758021,0.00023130293838935796,False
Iraq,2007,65.9,69.83933874102823,-3.939338741028223,-0.9942725389758864,0.00023108150621182127,False
Lebanon,2002,73.2,75.87622843569682,-2.676228435696814,-0.6759398494146563,0.00023080283649871795,False
Oman,2007,74.9,71.31576506353252,3.5842349364674817,0.9047412958687592,0.00023023631940186534,False
Burkina Faso,2006,54.3,56.54804893606792,-2.2480489360679243,-0.5681287848680158,0.00022990226367228665,False
Trinidad and Tobago,2008,69.9,73.3911678834503,-3.491167883450288,-0.8812769302751751,0.0002289977074358738,False
Grenada,2003,71.1,76.3430557999572,-5.2430557999572045,-1.32313472044323,0.00022880524832243396,False
Qatar,2002,76.4,72.62620483586053,3.7737951641394716,0.9525243115721429,0.00022831158421244408,False
Mali,2013,57.3,59.26856557857821,-1.9685655785782146,-0.4977986761012125,0.0002281047452279643,False
Norway,2013,81.5,78.83049650567591,2.66950349432409,0.6742326834963828,0.00022776741922722865,False
Iceland,2002,84.0,81.06620043533096,2.9337995646690445,0.7408024179725983,0.0002258645741416491,False
Mali,2012,57.2,60.99562394984951,-3.7956239498495066,-0.958018246092419,0.00022521694803410706,False
Latvia,2014,74.4,78.57051556768371,-4.170515567683708,-1.0525510642897686,0.00022499107035714956,False
Belgium,2003,78.3,80.97663280697783,-2.6766328069778353,-0.6760116858218761,0.00022399994188367124,False
Luxembourg,2008,80.0,77.51036779543958,2.4896322045604222,0.628916162118314,0.00022371257117885713,False
Senegal,2005,65.0,62.112117540845645,2.887882459154355,0.7292233497615777,0.00022323973220262679,False
Sao Tome and Principe,2014,67.3,71.0595125938321,-3.759512593832099,-0.9489073256860754,0.00022322853946248622,False
Honduras,2008,73.2,69.17646285347537,4.023537146524632,1.0154786181630668,0.0002225332912697174,False
Benin,2014,59.7,65.54129517382691,-5.841295173826907,-1.474113197176987,0.00022133209290189684,False
Romania,2010,73.4,77.89231211535824,-4.4923121153582315,-1.1337033275456498,0.00022092645647533554,False
Haiti,2011,62.3,59.600170794416,2.6998292055839954,0.6818397586977228,0.0002206766330199193,False
Hungary,2004,72.9,76.33948412125181,-3.439484121251809,-0.8682183993352542,0.00022003417631796072,False
Ukraine,2004,67.4,71.59123850358404,-4.191238503584032,-1.0577594524174172,0.00021869352384047507,False
Australia,2011,82.0,84.42730264024783,-2.427302640247831,-0.6131939440142785,0.00021794101574765327,False
Niger,2014,61.4,58.97600970889126,2.423990291108737,0.6123599003431444,0.00021793651567032795,False
Mozambique,2007,52.1,49.77706202304084,2.3229379769591603,0.5869109665017632,0.00021655341956621345,False
Myanmar,2011,65.6,63.81382099550921,1.7861790044907835,0.4518551359746544,0.00021546174841597523,False
Ethiopia,2005,56.0,52.90485664122243,3.0951433587775696,0.7814154942192294,0.00021535772186805188,False
Cyprus,2002,78.4,74.75379194517566,3.646208054824342,0.920314048318001,0.0002147802459928793,False
Denmark,2004,77.7,80.5257184453174,-2.825718445317392,-0.7135266066229873,0.00021465884707670384,False
Malawi,2005,46.0,47.57756443982505,-1.5775644398250535,-0.39941883812588375,0.00021417832550061743,False
Ethiopia,2003,54.0,51.127840304389274,2.8721596956107263,0.725222012071372,0.00021346561623124204,False
Chile,2014,83.0,79.06612023673722,3.93387976326278,0.9928424364200497,0.0002132948537282817,False
Tajikistan,2013,69.3,67.31633141086013,1.9836685891398673,0.5015080303137376,0.0002129922100276735,False
Burkina Faso,2007,55.3,57.507627261856406,-2.207627261856409,-0.5578652721223241,0.00021294544156401753,False
Burundi,2005,53.4,51.54616645058495,1.8538335494150502,0.4688466949498435,0.00021234248261792053,False
Malawi,2012,55.3,57.044929678793,-1.7449296787929995,-0.441463868003114,0.0002122724076339841,False
Israel,2010,81.7,77.34905947561779,4.35094052438221,1.0980199164111666,0.00021192032960439138,False
Chad,2001,48.0,50.17084746869428,-2.1708474686942765,-0.5486022523321005,0.00021188753856219792,False
Qatar,2013,77.9,74.873295920639,3.0267040793610107,0.7641548089750768,0.00021163125016571388,False
Sudan,2007,61.4,64.00228211277411,-2.6022821127741125,-0.6572253825570581,0.00021069321744455127,False
Uganda,2005,53.2,55.47722783413922,-2.277227834139218,-0.5753696497850778,0.00020993688766355603,False
Kuwait,2000,73.2,76.15419891893941,-2.9541989189394116,-0.7458776178467161,0.0002097821803611435,False
Spain,2013,82.4,79.4882946891656,2.9117053108344066,0.7351689473678191,0.00020936944066189466,False
Lithuania,2001,71.2,74.30051491089192,-3.100514910891917,-0.7827447019449891,0.00020895893039992095,False
Oman,2006,74.7,71.37542102894432,3.3245789710556863,0.8392159746470168,0.00020886677727848614,False
Sweden,2010,81.5,78.08326834293068,3.4167316570693202,0.8624426672143501,0.00020832360188480757,False
Honduras,2012,74.1,71.0368794830621,3.0631205169379,0.7733186783909473,0.00020831917912468763,False
Grenada,2014,73.5,77.58103639076762,-4.081036390767622,-1.029935452199857,0.00020771441027004343,False
Grenada,2011,72.9,76.10263555942916,-3.2026355594291545,-0.8084762792892296,0.00020763758218101975,False
Central African Republic,2001,45.6,43.91444277741645,1.6855572225835544,0.4265063105152611,0.00020740491803775162,False
Guyana,2011,65.6,69.42399509670926,-3.823995096709268,-0.9651128265661917,0.00020628211921084054,False
Lesotho,2014,52.1,53.615272487253094,-1.5152724872530925,-0.38371049761929993,0.00020594610284696525,False
Albania,2008,75.3,71.35595400283707,3.944045997162931,0.9953831643018096,0.00020570381950034853,False
Liberia,2002,56.0,59.153661456085494,-3.1536614560854943,-0.7961242254565982,0.00020517929985166086,False
Chile,2004,78.0,74.27180363880468,3.728196361195316,0.9409529142462567,0.00020471378558325508,False
Libya,2007,72.5,75.27236309627908,-2.7723630962790793,-0.700038749269503,0.00020378399244010977,False
Austria,2004,79.3,76.96184833884809,2.3381516611519118,0.5906762045123676,0.00020368629792895734,False
Timor-Leste,2013,67.7,69.89412272398363,-2.194122723983625,-0.5544148151779488,0.000203375863902155,False
Honduras,2013,74.3,70.94743278340992,3.3525672165900744,0.8462489345983337,0.0002027108756313867,False
Romania,2002,77.0,72.40306036571084,4.596939634289157,1.160047916388171,0.00020231821623923447,False
Chad,2003,48.4,50.85527576011672,-2.45527576011672,-0.620162095275546,0.00020224519209215188,False
Georgia,2004,72.3,69.77871492344406,2.521285076555941,0.6367857266249473,0.00020213398700556933,False
Finland,2012,84.0,81.18838287282489,2.8116171271751114,0.709918869736244,0.0002015317981848875,False
Hungary,2008,74.1,78.12809759012765,-4.028097590127658,-1.0165631676751847,0.00020030563486856632,False
Japan,2000,81.1,77.89906048538074,3.2009395146192503,0.8080214585318315,0.00020024113070856171,False
Burkina Faso,2012,58.6,60.44415593774833,-1.8441559377483259,-0.46633592276376,0.00020022279020417475,False
Turkey,2004,72.0,69.42248823686793,2.5775117631320654,0.6509360957029267,0.0001996733361100502,False
Denmark,2009,78.9,81.08930345287538,-2.1893034528753788,-0.5531800749449453,0.00019935379671711935,False
Oman,2008,75.2,72.02052432681802,3.179475673181983,0.8026081192522037,0.00019926923325145834,False
Pakistan,2001,63.0,60.81158715445399,2.1884128455460115,0.5529545739687954,0.0001991102807170741,False
Ethiopia,2002,53.2,50.513497481730084,2.6865025182699185,0.6783869882305372,0.00019884536868887005,False
Mauritania,2003,63.0,59.80202157993127,3.197978420068729,0.8072649457674325,0.0001974876825193792,False
Bosnia and Herzegovina,2013,77.0,74.14115461139525,2.858845388604749,0.7218001520245209,0.00019717293000749434,False
Panama,2011,77.3,72.94665592970729,4.353344070292707,1.098585697109427,0.0001970808020633166,False
Greece,2002,79.0,75.41094202421485,3.5890579757851526,0.9058425036068884,0.00019552662474724085,False
Trinidad and Tobago,2002,69.2,65.18760076796057,4.012399232039428,1.0125896287643625,0.00019536100957108355,False
Panama,2001,75.5,71.93919336899133,3.560806631008674,0.8987177366587231,0.0001948910285353381,False
Ghana,2011,61.2,66.10890676849493,-4.90890676849493,-1.2387371508510587,0.00019477463406015837,False
Malta,2008,80.0,76.91240498564325,3.0875950143567508,0.779433358531847,0.00019449947242633722,False
Nepal,2001,63.2,66.651894647596,-3.451894647595992,-0.8712584582132876,0.00019432226558078412,False
Estonia,2009,74.9,78.84409439291622,-3.944094392916213,-0.9953606325880667,0.00019415576443316754,False
Mali,2014,57.8,61.47761291100685,-3.677612911006854,-0.9281645290548045,0.0001939465840448813,False
Finland,2001,78.0,81.16233476214458,-3.1623347621445816,-0.7982678990686851,0.00019390231908746508,False
Honduras,2009,73.4,70.00507452147893,3.394925478521074,0.856893526326879,0.00019331654411646672,False
Panama,2007,76.4,71.808398769482,4.591601230518009,1.158676746976432,0.00019286772662137873,False
Brazil,2001,71.0,75.70572912395788,-4.70572912395788,-1.1874692359147605,0.00019279137581818516,False
Bangladesh,2001,65.8,63.55758337326864,2.2424166267313552,0.5665138177915171,0.00019231823437357792,False
Cabo Verde,2001,73.0,67.63641520412148,5.363584795878523,1.3534700510708633,0.00019199956803449283,False
Gabon,2011,62.8,60.402121244765006,2.3978787552349914,0.6056555019911,0.00019153248202850216,False
Chad,2000,47.6,49.301759113548584,-1.701759113548583,-0.43046096337889517,0.00019027759673360638,False
Brazil,2002,71.4,75.95999986198888,-4.559999861988871,-1.15069776465103,0.00019026460683243735,False
Ireland,2005,78.7,77.35245600517617,1.3475439948238375,0.3414652213585685,0.00018960729590194767,False
Mali,2001,55.0,52.66890403007207,2.3310959699279294,0.5888284493894779,0.00018960377769056214,False
Spain,2005,81.0,77.33154525209139,3.668454747908612,0.9258402033031474,0.0001892359293931995,False
Malta,2004,78.7,74.8902673453967,3.809732654603309,0.9614624798880946,0.00018891086590703215,False
Montenegro,2006,73.8,72.24961569954424,1.550384300455761,0.3924009958415294,0.00018882726694641227,False
Latvia,2012,73.8,77.86727484206804,-4.067274842068045,-1.0264092171420647,0.0001886186423241429,False
Benin,2013,59.5,64.73538349882708,-5.235383498827076,-1.321104417671019,0.00018731491245042593,False
Honduras,2014,74.5,71.16717761498447,3.3328223850155325,0.8412153017385866,0.0001867869445043074,False
Colombia,2014,74.6,73.06557017765371,1.534429822346283,0.38836828073315716,0.00018569877932679102,False
Argentina,2003,74.1,76.39627750977733,-2.2962775097773402,-0.5800400548736812,0.00018552803267160995,False
Dominican Republic,2004,69.3,65.65331247219505,3.646687527804943,0.9203359942224101,0.00018435072161636354,False
Greece,2010,83.0,80.0397101792327,2.9602898207673007,0.7473099863115463,0.00018417152981130522,False
Costa Rica,2006,78.0,73.92909639853352,4.070903601466483,1.0273105577319803,0.00018387085721985148,False
Cyprus,2000,78.1,74.59878315908999,3.501216840910004,0.8836545772018901,0.00018308522719948632,False
Samoa,2011,73.0,71.46356307433722,1.536436925662784,0.38884913259063253,0.00018260859282853673,False
Italy,2006,81.2,77.85383572138271,3.3461642786172945,0.8445622604768199,0.00018218218942470666,False
Cyprus,2012,80.0,76.8848704083746,3.1151295916254043,0.7863242782277943,0.00018173551964103805,False
Qatar,2001,76.3,72.94436511717862,3.355634882821377,0.846946964775662,0.00018140584849125394,False
Burundi,2008,55.3,58.01895498773702,-2.718954987737021,-0.6864833034229743,0.00018064948980942534,False
Niger,2002,51.4,53.2432223323773,-1.8432223323773016,-0.4659764213982916,0.00018064474655876786,False
Kenya,2004,53.0,50.86595283042023,2.134047169579773,0.5391662880664938,0.0001803280738853698,False
Denmark,2005,78.1,80.63387500635292,-2.533875006352929,-0.6398506000609989,0.00017939142953519795,False
Iraq,2009,74.0,70.3194845594664,3.680515440533597,0.9288491381822479,0.00017929136355542834,False
Madagascar,2002,59.3,62.80956645244173,-3.5095664524417316,-0.8857459258737646,0.0001790215984219768,False
Ireland,2009,79.7,82.18603698588275,-2.4860369858827482,-0.6277985697396038,0.00017900201812731873,False
Finland,2000,77.5,80.68249622196235,-3.182496221962353,-0.8032919385307774,0.00017845338315228645,False
Dominican Republic,2009,73.6,69.3740282715806,4.225971728419395,1.0664044199399358,0.00017779618330918123,False
Turkey,2005,72.4,70.83950328866216,1.5604967113378478,0.39485820051807413,0.00017762228247173096,False
Central African Republic,2007,46.8,49.07625867405474,-2.276258674054745,-0.5749509336000372,0.00017620412065257003,False
Jamaica,2008,74.5,70.34903183034068,4.150968169659322,1.0474795424067775,0.00017538246268709233,False
Samoa,2006,72.0,69.94326293787522,2.056737062124782,0.5196737593684911,0.0001748604219213915,False
Mexico,2000,74.8,70.83499483618499,3.9650051638150074,1.0005750136828797,0.00017446996379177126,False
Denmark,2007,78.4,80.74648451337933,-2.3464845133793233,-0.5926255378693854,0.00017410162280939148,False
Hungary,2009,74.2,78.00672483291056,-3.806724832910561,-0.9606553138946673,0.00017328230440178806,False
Brazil,2003,71.8,74.56716959968125,-2.767169599681253,-0.6985994741944082,0.0001731651678555305,False
Ecuador,2006,74.4,70.82958376669897,3.5704162333010316,0.9010666878519923,0.00017267416549775823,False
Haiti,2012,62.3,64.69099081215812,-2.3909908121581225,-0.6038275168494754,0.00017262124317635953,False
Uruguay,2004,75.4,77.70886578588689,-2.30886578588688,-0.5831430064453557,0.00017244057685044016,False
Central African Republic,2011,49.8,52.30447354310506,-2.504473543105064,-0.6324102163674284,0.00017214251574486423,False
Chile,2011,79.8,76.19566342708252,3.6043365729174752,0.9096152272330016,0.0001714145350656137,False
Namibia,2010,63.0,60.60575666859746,2.394243331402542,0.6046391651756676,0.0001710880677872404,False
China,2002,72.7,68.9512806727936,3.748719327206402,0.9460194924281731,0.00017057218651279362,False
Cyprus,2003,78.5,73.88565106853267,4.614348931467333,1.1643574114585071,0.0001703070035681227,False
Mozambique,2000,49.0,46.99433375525877,2.005666244741228,0.5067917953269799,0.00017028639769496148,False
Botswana,2006,54.8,56.46788656497188,-1.6678865649718801,-0.42180284920290156,0.00017005886714274084,False
Nepal,2002,63.1,66.18243859839896,-3.0824385983989586,-0.7780378729823907,0.00016952609345615536,False
Rwanda,2006,57.6,55.72585517676862,1.8741448232313829,0.4736861424973544,0.0001694714728924048,False
Ethiopia,2000,51.2,48.96377089784896,2.236229102151043,0.5648290939077709,0.00016825624148331572,False
China,2003,73.1,69.30389712947922,3.7961028705207696,0.9579596805510173,0.00016782606118045677,False
Comoros,2012,62.5,67.09212128768225,-4.592121287682247,-1.1587420915078546,0.00016740885082237284,False
Belize,2012,69.4,73.69863082011503,-4.298630820115022,-1.0846985387796113,0.00016574654055382388,False
Philippines,2001,66.8,70.28017795236245,-3.480177952362453,-0.8782911226724465,0.00016569515799514628,False
Austria,2005,79.4,77.30671994842638,2.093280051573629,0.5288192914191024,0.00016534544445173834,False
Zimbabwe,2004,44.3,45.793000981622264,-1.4930009816222665,-0.37779599862934915,0.00016483273664433395,False
Ecuador,2005,74.2,70.71308699406279,3.486913005937211,0.87998496788405,0.00016444181074437472,False
Brunei Darussalam,2000,74.4,72.04099556064394,2.3590044393560703,0.5957267790553091,0.0001637273812079783,False
Paraguay,2001,71.2,69.69433390732485,1.5056660926751562,0.38096105232850797,0.00016249232318874617,False
Greece,2000,78.2,74.28548521771658,3.914514782283419,0.98780080393323,0.0001609938422156344,False
Chad,2014,52.6,55.20654780032979,-2.6065478003297855,-0.6580690942966063,0.00015981873156526417,False
Guinea-Bissau,2000,52.1,54.901503501479795,-2.801503501479793,-0.7071928247773221,0.00015939396793677717,False
Ukraine,2003,67.6,69.87964917996312,-2.2796491799631298,-0.5757158419473919,0.0001590384824813301,False
Benin,2010,58.7,63.27447833896872,-4.574478338968717,-1.1542680810734174,0.00015859807011866294,False
El Salvador,2006,75.0,71.71709786503878,3.282902134961219,0.8285292598345201,0.00015845660043925066,False
Benin,2006,56.8,60.75146982432904,-3.9514698243290454,-0.9971127887205038,0.00015827024267694255,False
Trinidad and Tobago,2004,69.4,66.68098976698725,2.719010233012753,0.6863987208691372,0.00015801296561080328,False
Belize,2002,68.5,72.52424237269939,-4.024242372699391,-1.0154660835206957,0.00015797540330768185,False
Rwanda,2013,65.2,68.56564368946711,-3.365643689467106,-0.8493871647471923,0.00015785800157918652,False
Bosnia and Herzegovina,2008,76.0,72.96230148973218,3.0376985102678162,0.7667152387730565,0.00015774290655998403,False
Benin,2004,56.1,59.71886136651775,-3.6188613665177485,-0.9132321514080257,0.0001575544898289502,False
Papua New Guinea,2014,62.7,66.38549249859123,-3.6854924985912305,-0.9300340777549579,0.00015753811757294035,False
Kuwait,2009,73.9,76.43467420997433,-2.5346742099743267,-0.6399480898302528,0.00015712967874473917,False
Latvia,2006,75.0,78.64505142740026,-3.6450514274002614,-0.9198338529168686,0.00015681390366070554,False
Mauritania,2010,62.0,59.309213719750566,2.6907862802494336,0.6792796058645546,0.0001564072360222808,False
Malta,2007,79.6,76.72294072415505,2.8770592758449425,0.7262209773370887,0.00015621748534836504,False
Burkina Faso,2004,52.4,54.230200337067586,-1.8302003370675877,-0.46253745374491867,0.00015527324080913567,False
Argentina,2007,74.8,78.38055800922973,-3.5805580092297333,-0.9035657176001999,0.0001551368866902432,False
Benin,2003,55.8,59.202414130484634,-3.4024141304846367,-0.858648112745712,0.00015508667911966087,False
Kuwait,2002,73.3,76.1628690400101,-2.8628690400100965,-0.722638873488352,0.00015481936573097108,False
Indonesia,2012,68.5,71.88570188803166,-3.3857018880316616,-0.8544319971164158,0.00015436451034157425,False
Chile,2009,79.3,76.021155831734,3.278844168265991,0.8274889795039115,0.00015368496191745174,False
Argentina,2009,75.6,78.98640372700395,-3.3864037270039518,-0.8546062648261384,0.00015359827268852146,False
Senegal,2004,59.7,61.963304160084405,-2.2633041600844024,-0.5715694422674604,0.00015332650431578495,False
Mexico,2002,75.0,71.20749461507445,3.7925053849255477,0.957006489562699,0.0001531298707838216,False
Ireland,2008,79.8,82.18007796940746,-2.3800779694074663,-0.600979301390958,0.00015255186425348384,False
Seychelles,2008,72.2,74.87925860370721,-2.6792586037072113,-0.6763577422257303,0.00015254255515466953,False
Guinea-Bissau,2012,57.6,55.30108821331914,2.2989117866808613,0.5805328502951845,0.00015231977326242327,False
Burundi,2009,56.2,58.20006839306224,-2.000068393062236,-0.5052760784377373,0.00015217626391086721,False
Bosnia and Herzegovina,2007,75.4,72.54358790396955,2.8564120960304535,0.7209993205955544,0.00015186943479135112,False
Bangladesh,2000,65.3,63.30555940323834,1.994440596761656,0.5038555388575662,0.00015155178078167438,False
Central African Republic,2008,47.6,49.74335371718143,-2.1433537171814265,-0.5413503057161634,0.0001514488068935901,False
Mexico,2001,75.0,71.17470826353296,3.8252917364670367,0.9652687931796852,0.00015115675367091526,False
New Zealand,2008,81.0,82.57374453877861,-1.5737445387786124,-0.3979685151636723,0.00014812107027059886,False
Cyprus,2011,79.7,76.98031193150655,2.719688068493454,0.6865247940145658,0.0001477354148215031,False
Costa Rica,2010,78.1,75.4169187474725,2.6830812525275007,0.6772989000455795,0.00014753111937760915,False
Cuba,2002,77.7,73.47613481691283,4.22386518308717,1.0657873281511887,0.00014729508232369425,False
Ireland,2006,79.0,81.5155912515915,-2.515591251591502,-0.6350927014985496,0.0001470041849054832,False
Benin,2011,59.1,63.738009524279406,-4.638009524279404,-1.1702664723411589,0.0001467474459257673,False
Argentina,2000,74.1,77.13548173305287,-3.035481733052876,-0.7661124375997862,0.0001464612343365671,False
Norway,2001,78.8,81.30181999905959,-2.5018199990595917,-0.6316200804561088,0.00014639446363163208,False
Haiti,2004,58.7,55.71373196906211,2.986268030937893,0.753706941878958,0.00014639213905887237,False
Barbados,2009,74.6,78.09831997919437,-3.4983199791943775,-0.8827946393771946,0.0001448606936113284,False
Lebanon,2003,73.5,76.24881841961437,-2.7488184196143663,-0.6938516343228388,0.00014441886430089396,False
Georgia,2009,73.2,71.20183641486479,1.9981635851352166,0.5047506266377634,0.00014439809206683927,False
Hungary,2000,71.7,75.59118220589053,-3.89118220589053,-0.9818643374923534,0.000143940437677517,False
Togo,2010,57.4,60.545173906574846,-3.145173906574847,-0.7937540920514874,0.00014383778335583125,False
Australia,2010,81.9,83.93856444760036,-2.0385644476003506,-0.5149184653197505,0.00014357845435352147,False
Zimbabwe,2007,46.6,48.11717090287455,-1.5171709028745468,-0.3837053630725116,0.00014337166426288877,False
Philippines,2008,67.5,71.5392791290297,-4.039279129029694,-1.0192146245758529,0.00014300169028524798,False
Cuba,2000,76.9,72.96853794149582,3.931462058504181,0.9920203012859239,0.00014290291539250223,False
Cambodia,2006,64.1,62.53050507829859,1.5694949217014056,0.3968599569520816,0.00014279440085185685,False
Panama,2013,77.5,74.80054079724262,2.6994592027573816,0.6814046867902948,0.00014263893784354203,False
Kuwait,2010,74.0,76.1786232248301,-2.1786232248301047,-0.550184245198082,0.0001425803981143137,False
Kuwait,2011,74.2,76.25090749625453,-2.050907496254524,-0.5180193270434374,0.00014233016033093435,False
Morocco,2012,73.6,70.61984921935115,2.9801507806488416,0.7521473152773328,0.0001419430142434328,False
Philippines,2006,67.3,71.13915019234966,-3.8391501923496634,-0.9687348713621268,0.00014178797042190027,False
Ghana,2007,59.9,57.99103027616548,1.9089697238345167,0.4822784965960753,0.00014170503939280968,False
Madagascar,2003,59.9,63.243928426508106,-3.343928426508107,-0.8438538810221554,0.00014136054377403206,False
Senegal,2001,57.9,59.93113733821945,-2.0311373382194517,-0.5130352334856356,0.00014132675184237711,False
Chile,2010,79.1,75.82561446571796,3.2743855342820325,0.8263178911324728,0.00014069834571625621,False
Bangladesh,2009,69.5,67.13143171401595,2.368568285984054,0.5980201981086696,0.000140579528543464,False
Indonesia,2011,68.3,71.42000340198703,-3.1200034019870344,-0.7873957139902165,0.00014040397593668072,False
China,2010,75.0,71.85120750081882,3.1487924991811838,0.7946516560614447,0.0001399418421672116,False
Morocco,2011,73.3,70.22082600022833,3.079173999771669,0.7770996007151875,0.00013953696485235315,False
Vanuatu,2006,71.0,68.16430295488169,2.835697045118309,0.7157259955034726,0.00013928845231780279,False
Italy,2014,82.5,80.0322427660412,2.4677572339588068,0.6230032186640871,0.0001391440188911816,False
Argentina,2004,74.7,77.9841759782639,-3.284175978263903,-0.8287782617700898,0.00013847836550925729,False
Ireland,2012,85.0,82.72272602159407,2.2772739784059297,0.5750088750230558,0.00013807673011064807,False
Malta,2001,77.8,74.08656044403656,3.713439555963433,0.9370180799521801,0.00013768826463248854,False
Ecuador,2007,74.7,71.59438428727451,3.105615712725495,0.7837536159278296,0.00013646448557987062,False
Australia,2008,81.3,83.39258525282968,-2.0925852528296787,-0.5284783150327285,0.0001358950242443609,False
Chile,2008,79.6,76.15222749158669,3.4477725084133084,0.870018187138251,0.00013585678159824528,False
Seychelles,2007,72.2,74.9107032639697,-2.710703263969691,-0.6842064769446389,0.00013535148804380207,False
Estonia,2008,74.2,77.20878363473949,-3.008783634739487,-0.7593387801718428,0.0001353294964368299,False
Estonia,2010,75.6,78.84638190713336,-3.246381907133369,-0.8192358327408474,0.00013472897599623406,False
South Africa,2012,59.2,60.99930060822121,-1.799300608221209,-0.45462588385191105,0.0001345250875797064,False
Benin,2002,55.6,58.558467295123314,-2.958467295123313,-0.7466497898300742,0.0001339941844682896,False
Panama,2012,77.2,73.10722715180756,4.092772848192439,1.0326799204365802,0.00013346463308197939,False
Ireland,2004,78.3,80.79263375817781,-2.492633758177817,-0.6292426420816417,0.00013313609164747727,False
New Zealand,2011,86.0,84.26217618051338,1.7378238194866213,0.43914310364762865,0.0001331289962557789,False
Estonia,2011,76.1,79.1366428242802,-3.0366428242802073,-0.7663522324355589,0.0001329136970257664,False
Maldives,2008,75.9,73.51615066142814,2.3838493385718635,0.6018290898630477,0.0001323422687856584,False
Grenada,2001,77.0,74.27684068626995,2.7231593137300507,0.6873294283731085,0.000131606856344309,False
Suriname,2001,67.7,64.6894236450708,3.0105763549291993,0.7597716122660303,0.00013048385302705194,False
Estonia,2012,76.3,79.34173904242395,-3.0417390424239557,-0.7676269488028057,0.00013034969069151378,False
Oman,2003,73.6,70.73078345578796,2.869216544212037,0.7241358945397455,0.000129941102778753,False
Seychelles,2013,72.9,75.57654133300899,-2.6765413330089842,-0.6755715394640083,0.0001296026292157597,False
Mexico,2007,76.0,72.26931075169982,3.7306892483001803,0.9413422770585745,0.00012950845322750167,False
Luxembourg,2006,79.4,77.45549290265085,1.9445070973491596,0.49114763028500624,0.0001289099378775753,False
Madagascar,2006,61.4,64.68425026884663,-3.284250268846627,-0.8287613228764078,0.00012860294681723522,False
Oman,2004,74.0,71.17359851923595,2.826401480764048,0.7133377889151222,0.0001284772445841524,False
Cyprus,2009,79.3,75.5161639154623,3.783836084537697,0.954741326270225,0.00012799154265088087,False
Latvia,2011,73.6,76.46714862364345,-2.867148623643459,-0.7236065207061487,0.00012797543131625868,False
Uzbekistan,2011,68.5,72.32099182113551,-3.8209918211355074,-0.9641122327018216,0.00012793765766852452,False
Israel,2014,82.2,79.56192107400976,2.638078925990243,0.665869621312326,0.00012769716486678664,False
Central African Republic,2010,49.2,51.28924731452112,-2.089247314521117,-0.5275913122454917,0.00012769380646813184,False
China,2000,71.7,68.55758074944346,3.142419250556543,0.7929983165804595,0.00012758329727927554,False
Comoros,2014,63.2,67.51406357368776,-4.314063573687761,-1.0884862737651586,0.0001275367174097012,False
Israel,2013,82.1,79.4590577766146,2.6409422233853945,0.666590089845516,0.00012744235606663632,False
Eritrea,2005,59.4,57.555007187835045,1.8449928121649535,0.4660823858851603,0.0001274263582949448,False
Philippines,2007,67.5,71.1370801017083,-3.6370801017083068,-0.9177275647099088,0.00012732868575616692,False
Luxembourg,2005,78.8,75.62461847277501,3.1753815272249852,0.8013073259381841,0.00012721877944474894,False
Cyprus,2008,79.1,75.01149263339188,4.088507366608113,1.0315850284549046,0.00012694315743649176,False
Australia,2005,81.0,82.65710757409897,-1.6571075740989727,-0.41878503044408605,0.00012672060634277577,False
Belgium,2000,77.6,79.7735274564876,-2.173527456487605,-0.5488142882582052,0.00012666080291472262,False
Cameroon,2010,55.3,57.82134725853835,-2.5213472585383556,-0.6364474053333361,0.00012664440699004136,False
Malawi,2014,57.6,59.273123043207065,-1.6731230432070632,-0.4228135180517782,0.00012644317096383807,False
Liberia,2006,56.7,58.86088652271066,-2.160886522710655,-0.5456280928558238,0.00012629690417076164,False
Vanuatu,2007,73.0,70.0080606529663,2.991939347033707,0.7550568377547364,0.00012629027784335687,False
New Zealand,2003,79.1,81.41861792305882,-2.3186179230588237,-0.5853619572034705,0.00012593034945357148,False
China,2005,73.9,70.33392343880482,3.566076561195189,0.8998163355987734,0.00012574080974861338,False
Argentina,2008,75.4,78.62767555573663,-3.2276755557366243,-0.8144852227632019,0.00012538841914160615,False
Thailand,2001,71.2,68.12800894432354,3.071991055676463,0.7752337300436511,0.0001252541230214181,False
Trinidad and Tobago,2014,71.1,73.93212934248086,-2.8321293424808687,-0.7147652283539535,0.00012457791391770194,False
Barbados,2007,74.2,77.45003244937305,-3.2500324493730517,-0.820118606690022,0.00012442371011408822,False
Indonesia,2010,68.1,71.10026229402287,-3.0002622940228747,-0.7571475388045602,0.00012440571233467414,False
France,2014,82.2,80.42288995925624,1.7771100407437643,0.4489723286758088,0.00012425632022922006,False
Honduras,2010,73.6,70.67105619748575,2.9289438025142402,0.7391674370017791,0.00012403814671349311,False
Oman,2000,72.6,69.77610472314281,2.8238952768571863,0.7126870477183244,0.00012394226099876184,False
Norway,2011,81.1,79.07101269596798,2.0289873040320145,0.5123886872047019,0.00012325228488017033,False
Sweden,2003,82.0,79.72388587554194,2.2761141244580614,0.5746335012203445,0.00012206132732551696,False
Chile,2007,78.9,75.5083771662144,3.391622833785604,0.8558112221710156,0.00012188978564102214,False
Hungary,2012,75.0,78.13677063594076,-3.1367706359407634,-0.791552010612211,0.00012171020154553566,False
El Salvador,2011,72.0,70.69544035227511,1.3045596477248864,0.33006976598944376,0.00012141576629971867,False
Central African Republic,2006,46.3,48.12470337410822,-1.8247033741082248,-0.4609348154260121,0.00012130023673034456,False
Norway,2006,84.0,81.86977028964083,2.130229710359174,0.5378781904733562,0.00012129301654446817,False
Senegal,2003,59.0,61.08398202319348,-2.083982023193478,-0.5262286540509531,0.00012125286673597631,False
Burkina Faso,2003,51.6,53.25151718506032,-1.651517185060321,-0.4173350604737345,0.00012066645251309111,False
Indonesia,2001,66.5,69.10074563416177,-2.6007456341617683,-0.6564287856271581,0.00012062123541790591,False
Ethiopia,2006,57.2,54.64425074956441,2.5557492504355963,0.6450886344441644,0.00012058507205750989,False
Colombia,2004,72.8,69.8416036755039,2.9583963244960927,0.7465777162570687,0.00012047333952776172,False
Sri Lanka,2004,69.1,71.32401526770435,-2.2240152677043596,-0.5614983570859035,0.00012023780262789543,False
Philippines,2002,66.8,65.70633578432762,1.0936642156723764,0.2770797167652849,0.00012014269377032678,False
Mali,2010,56.5,58.88309977398282,-2.3830997739828206,-0.6015786125379899,0.00011993107826088103,False
Brazil,2004,72.0,75.52889988132912,-3.5288998813291244,-0.8904200060322347,0.00011943858709869849,False
Cyprus,2006,78.8,76.17925504692391,2.620744953076084,0.6614631674010611,0.00011929717504956688,False
Burkina Faso,2010,57.5,58.83850814449815,-1.3385081444981495,-0.33858027928424367,0.00011874809691255472,False
Malawi,2011,54.1,55.41934648598789,-1.3193464859878858,-0.3337615081895109,0.00011858098844487092,False
Comoros,2013,62.9,67.18065744560312,-4.280657445603119,-1.0800333422238846,0.00011839134282961219,False
Zimbabwe,2013,58.0,56.183402515551876,1.816597484448124,0.45887486851816195,0.00011835385634867498,False
Philippines,2012,68.1,71.79588543496396,-3.6958854349639694,-0.9325284634242222,0.00011818258682781507,False
Syrian Arab Republic,2000,72.6,69.33290815771115,3.267091842288849,0.8243932416258543,0.00011708106080217243,False
Burkina Faso,2011,58.1,59.50047915794856,-1.4004791579485598,-0.3541468770265558,0.00011685139825732458,False
Togo,2009,56.7,59.48898422053287,-2.7889842205328677,-0.7038560845109433,0.00011658945996493594,False
Seychelles,2011,72.6,75.15362901658102,-2.553629016581027,-0.644533954658517,0.00011619774172511274,False
Israel,2011,81.8,79.16684090037592,2.6331590996240806,0.6645773643893724,0.00011605838142556436,False
Ireland,2000,76.4,79.0800842563266,-2.6800842563265945,-0.6764022078213562,0.00011552293665526391,False
Ukraine,2002,67.6,70.71735196884612,-3.1173519688461226,-0.7866315217915024,0.00011522889742401912,False
Namibia,2012,65.8,63.54168747443066,2.2583125255693375,0.57011184394143,0.00011504608607348459,False
Ireland,2007,79.5,81.68042002301374,-2.1804200230137383,-0.5504871015901377,0.0001149649137039737,False
Barbados,2011,74.9,78.04794477255923,-3.147944772559228,-0.7943437897630417,0.00011495274209494447,False
Hungary,2014,75.6,78.63326892895313,-3.0332689289531345,-0.7654308129643816,0.00011478037157411079,False
Romania,2009,73.1,75.62717499451811,-2.52717499451812,-0.6378582024545273,0.00011431548478867054,False
Gabon,2010,62.3,60.67010216630342,1.6298978336965746,0.4118473572111646,0.00011418666421280078,False
Mexico,2012,76.3,72.83431128259735,3.4656887174026423,0.8744610873341057,0.00011402695565072115,False
Nepal,2003,64.3,66.99806147899221,-2.6980614789922157,-0.6809260341192921,0.0001138475860621951,False
Rwanda,2012,64.6,67.42229656497423,-2.8222965649742378,-0.7122407328582081,0.00011362434303341806,False
Brazil,2011,74.1,76.64686088047772,-2.5468608804777233,-0.6428151278297329,0.0001133790912229148,False
Philippines,2011,68.0,71.55946558868118,-3.559465588681178,-0.898107009131862,0.00011309635278927295,False
Cyprus,2007,78.9,76.43318911330587,2.466810886694134,0.6226396897126543,0.00011307591671352627,False
Haiti,2007,61.8,58.777715112425234,3.022284887574763,0.7626533845456979,0.00011268684502841977,False
Trinidad and Tobago,2011,76.0,71.44452884306475,4.555471156935255,1.149352101897507,0.00011235916714332332,False
Syrian Arab Republic,2001,72.7,69.41514868157631,3.2848513184236907,0.8288525064457852,0.00011189272881037325,False
Bhutan,2005,65.0,67.70421892276248,-2.704218922762479,-0.6824691171094945,0.0001118076445322022,False
Indonesia,2006,67.3,70.14104135755859,-2.841041357558595,-0.7169558642371442,0.00011121077095341328,False
Norway,2000,78.5,80.7862875087612,-2.2862875087612053,-0.5771404279584498,0.00011120540218489521,False
Guinea-Bissau,2013,58.1,56.099440830531,2.0005591694689997,0.5051532359934476,0.00011041129152576479,False
Central African Republic,2009,48.6,50.446184233243656,-1.8461842332436547,-0.46627218541777,0.0001101872547233836,False
Luxembourg,2002,78.3,75.313265383464,2.9867346165359976,0.7536787298145864,0.00010965753489990698,False
Benin,2007,57.1,59.50178066404012,-2.4017806640401176,-0.6062350522975118,0.00010964133692128154,False
Mauritania,2009,61.7,59.23756275545883,2.462437244541171,0.6215203250640505,0.0001095060577385769,False
Albania,2001,73.6,70.55873834702585,3.0412616529741427,0.7674246205796005,0.00010932761204761493,False
Israel,2009,81.5,78.85157429160259,2.6484257083974114,0.6683929458203123,0.0001088555828432121,False
Eritrea,2006,59.7,57.979937525021654,1.7200624749783486,0.4344983568773089,0.0001076266530046487,False
Togo,2006,55.7,58.10223253674914,-2.402232536749139,-0.6063383687999447,0.00010750006583132102,False
Israel,2012,81.8,79.29705285222403,2.50294714777597,0.6317199065955768,0.00010745742275000663,False
Benin,2008,57.6,60.036525242497746,-2.436525242497744,-0.6149794174424008,0.0001072895478041445,False
Guatemala,2005,69.2,66.48702929537131,2.712970704628688,0.68465516260116,0.00010724417779185993,False
Malta,2000,77.5,74.15299109669502,3.3470089033049817,0.8445085551773682,0.00010694569064288738,False
Uzbekistan,2009,68.0,71.42476429177414,-3.4247642917741388,-0.8641153329496425,0.00010662859168437108,False
Samoa,2002,76.0,72.00733083295954,3.992669167040461,1.0073499729293796,0.00010659086405182028,False
Philippines,2004,67.3,69.4931753487069,-2.1931753487069017,-0.553655154165331,0.00010654547094448688,False
Equatorial Guinea,2005,54.4,53.19218288768258,1.2078171123174215,0.3056151387300873,0.0001064989443839488,False
Argentina,2010,75.5,77.70478187565492,-2.2047818756549162,-0.5565789285895888,0.00010644237932772389,False
Benin,2000,55.4,57.70095350459801,-2.300953504598013,-0.580809583403497,0.00010610463737650888,False
Kuwait,2012,74.3,76.03232950855904,-1.7323295085590473,-0.4375726244295,0.00010553688259197604,False
Seychelles,2012,72.7,75.5650657646539,-2.8650657646538917,-0.7229884524251983,0.00010548976979935424,False
Syrian Arab Republic,2003,73.0,69.72355424947746,3.276445750522541,0.8267093486335667,0.00010536111026169914,False
Cuba,2001,76.7,73.20273037561677,3.497269624383236,0.8823952769273842,0.0001052264284365262,False
Swaziland,2014,58.4,59.98613744873576,-1.5861374487357622,-0.40076644809527734,0.00010508957884636458,False
Syrian Arab Republic,2002,72.8,69.62102922645869,3.178970773541309,0.8021273786139126,0.0001044787542199839,False
Madagascar,2007,61.9,64.98416161977805,-3.084161619778051,-0.7782204688710297,0.0001040525994792855,False
Netherlands,2008,83.0,81.074762336471,1.9252376635290034,0.48614062690015525,0.00010363978829297673,False
Philippines,2009,68.0,71.5790843126221,-3.5790843126221006,-0.9030228042019172,0.00010348143303783333,False
Brunei Darussalam,2011,77.4,75.2059180546461,2.1940819453539007,0.5538661886013698,0.00010332184031521762,False
Tajikistan,2000,63.7,66.12919578020778,-2.4291957802077775,-0.6131128919630205,0.00010330906963756486,False
Jamaica,2014,75.8,71.98051266288392,3.8194873371160725,0.9636550680485757,0.00010294550653684869,False
Uzbekistan,2000,67.1,69.85811349193732,-2.7581134919373227,-0.6960149861723153,0.00010271433123323266,False
Belize,2013,69.8,73.57380929942363,-3.7738092994236325,-0.9521318795327172,0.00010237472380346266,False
Turkey,2008,73.5,71.28215234306413,2.2178476569358736,0.5598471782647727,0.00010198366014039699,False
Latvia,2000,71.0,74.8357516023253,-3.8357516023253027,-0.9677527559367376,0.00010142240187777679,False
Cyprus,2004,78.6,76.12534446784201,2.474655532157982,0.6245586624829185,0.00010096908514588253,False
Madagascar,2010,63.3,64.56128643577689,-1.2612864357768956,-0.319004272940757,0.00010096021002101701,False
Dominican Republic,2005,69.7,66.86450659836362,2.835493401636384,0.7155142067329442,0.00010090600949843164,False
Indonesia,2014,68.9,70.0308162776125,-1.130816277612496,-0.28620702814083576,0.00010072730588287418,False
Spain,2002,79.5,76.83269922368228,2.667300776317717,0.6731138485373015,0.00010060253836796862,False
Mexico,2013,76.6,72.83999154341885,3.760008456581147,0.9486451412393723,0.00010054206662816775,False
Turkey,2000,74.0,71.12832391067286,2.8716760893271385,0.7246342211961847,0.00010048115065953921,False
Finland,2007,79.3,81.3298888930639,-2.029888893063898,-0.5124811854647924,0.00010013868353053604,False
Niger,2003,52.1,53.49947699504775,-1.399476995047749,-0.3537544863975823,0.00010012016654041722,False
Argentina,2001,74.0,75.92074144099001,-1.9207414409900139,-0.4849823145806485,9.944097251671706e-05,False
Ukraine,2000,67.5,70.38997666916929,-2.889976669169286,-0.7292432706824282,9.934210372654943e-05,False
Sweden,2012,81.7,80.21325585452075,1.4867441454792498,0.3757045963862939,9.905705254985304e-05,False
Togo,2004,54.9,57.31715725086275,-2.4171572508627506,-0.6100580216350489,9.903630035622288e-05,False
Tajikistan,2009,66.7,69.93450932420645,-3.234509324206442,-0.8161114655875207,9.901351280060849e-05,False
Israel,2005,80.0,77.2108776612681,2.7891223387319,0.7038144244610699,9.860018163499093e-05,False
China,2013,75.6,72.55567372071768,3.0443262792823162,0.768155368652994,9.857420134378734e-05,False
Ecuador,2013,76.0,73.13926048104017,2.860739518959832,0.7218669645110213,9.80492166578656e-05,False
Barbados,2006,74.1,76.90885535031745,-2.808855350317458,-0.7087858362014049,9.783428794731596e-05,False
Poland,2006,75.2,73.6751581131829,1.5248418868171,0.38528321415929784,9.779984614588912e-05,False
Uruguay,2007,75.4,73.99038363767745,1.4096163623225522,0.35628578073699907,9.775818854785286e-05,False
Cyprus,2005,78.7,76.27906744171634,2.420932558283667,0.6110026368368774,9.763450820154181e-05,False
Tonga,2004,72.2,75.3024658100772,-3.1024658100771916,-0.7828106257683364,9.752039742734829e-05,False
Cyprus,2010,79.5,76.20784788429815,3.292152115701853,0.8306390691061849,9.681330465197283e-05,False
Trinidad and Tobago,2005,69.5,72.1782434155202,-2.6782434155201997,-0.6758547662931239,9.666674765802574e-05,False
Kenya,2007,56.8,55.001555534641014,1.7984444653589833,0.45415913140967473,9.621369176453152e-05,False
Saudi Arabia,2008,73.3,71.42490891730277,1.8750910826972245,0.4734605553485248,9.571766766042602e-05,False
Guinea,2013,58.8,60.886423269222554,-2.086423269222557,-0.5266985259837786,9.566196849070304e-05,False
Belize,2010,69.5,72.97177518634963,-3.471775186349632,-0.875932755483423,9.554568545111969e-05,False
Libya,2011,71.3,73.70520295363728,-2.4052029536372856,-0.6070278933401572,9.551300533513681e-05,False
Morocco,2004,72.0,69.60949381307833,2.3905061869216695,0.6033234943442973,9.543351688134447e-05,False
Ireland,2001,77.0,79.34677408488766,-2.346774084887656,-0.5923016076599007,9.535103937455202e-05,False
France,2013,82.0,80.44628021732747,1.5537197826725304,0.39253310534660174,9.531444158226163e-05,False
Madagascar,2011,63.8,66.86568869651661,-3.0656886965166166,-0.7735278388874488,9.501239087088769e-05,False
Latvia,2002,73.0,76.36117123594605,-3.3611712359460455,-0.8480351833410491,9.429625026124956e-05,False
Philippines,2000,66.8,68.75020397393575,-1.950203973935757,-0.4923691744997106,9.37506228845777e-05,False
Benin,2001,55.5,57.749221955394624,-2.249221955394624,-0.5677093787804427,9.374701688301758e-05,False
Finland,2005,78.9,80.99179249930557,-2.091792499305569,-0.5280374322577457,9.320824027150528e-05,False
Libya,2009,72.7,74.8582595677376,-2.158259567737602,-0.5447846876277211,9.314545185830891e-05,False
Madagascar,2009,62.8,65.92475209026325,-3.1247520902632573,-0.788412475650895,9.289625932436083e-05,False
Barbados,2005,73.9,76.78639667525773,-2.8863966752577284,-0.7283140273803959,9.284904462038844e-05,False
Philippines,2014,68.4,71.7043735011041,-3.304373501104095,-0.8337060018403002,9.264731245713163e-05,False
Kenya,2006,55.3,53.6545512614646,1.6454487385354,0.41560644721269224,9.255175061684155e-05,False
Grenada,2004,73.0,76.10920866283158,-3.109208662831577,-0.784491314752077,9.241417902433983e-05,False
Bosnia and Herzegovina,2001,74.9,71.81819750425245,3.081802495747553,0.7775804624407168,9.231749792873423e-05,False
Mauritius,2006,71.8,74.76672385190452,-2.9667238519045185,-0.7485639035825498,9.217942399521703e-05,False
Trinidad and Tobago,2009,71.0,69.84651906724727,1.1534809327527284,0.2918150129510951,9.211584690426694e-05,False
Qatar,2014,78.1,76.65747957669207,1.4425204233079256,0.3645180838471136,9.197751683332535e-05,False
Barbados,2013,75.2,77.91997469060199,-2.719974690601987,-0.6863535299832703,9.184644321640287e-05,False
Peru,2008,73.9,71.37687861171412,2.5231213882858867,0.636730226929429,9.166296824268218e-05,False
Hungary,2002,72.5,74.8487103716128,-2.348710371612796,-0.5927705850340138,9.158395188835633e-05,False
Philippines,2010,67.9,71.12080143788593,-3.2208014378859247,-0.8126271636548529,9.149575766310397e-05,False
Brazil,2009,73.6,76.07854570168072,-2.47854570168073,-0.6254928239392042,9.1287011638051e-05,False
Zimbabwe,2011,54.9,53.48459725679411,1.4154027432058882,0.357687838502542,9.127560718848039e-05,False
Azerbaijan,2005,68.4,71.09722854364354,-2.697228543643533,-0.6806166937514397,9.123557307578704e-05,False
Barbados,2012,75.1,77.81400119665415,-2.714001196654152,-0.684844518080634,9.113111609919378e-05,False
Netherlands,2012,81.1,82.64924561577735,-1.5492456157773518,-0.3913725286506888,9.08038224556294e-05,False
Bosnia and Herzegovina,2002,75.4,72.10045935874095,3.299540641259057,0.8324795383891722,9.050111190006776e-05,False
Argentina,2006,75.2,78.01464199828025,-2.8146419982802513,-0.7102135599040558,9.045622369070551e-05,False
Australia,2009,81.7,83.3607973095904,-1.660797309590393,-0.41945595260196694,9.041302743137177e-05,False
Belize,2014,70.0,73.48490941464982,-3.4849094146498203,-0.879226092359355,8.994662724948221e-05,False
Uzbekistan,2010,68.3,71.52472228430376,-3.224722284303766,-0.8136096928172408,8.981559381704043e-05,False
Maldives,2000,69.6,72.02003858582545,-2.420038585825452,-0.6107378921544816,8.958050987151046e-05,False
Cuba,2003,77.4,73.96605877977825,3.4339412202217545,0.8663703720459461,8.950876780684165e-05,False
Central African Republic,2000,46.0,44.63169542256943,1.368304577430571,0.34581863467923024,8.921580204199326e-05,False
Nicaragua,2014,74.5,72.4828848105473,2.0171151894526957,0.5091986638596558,8.912671373173205e-05,False
Ecuador,2012,75.5,72.7427806799822,2.7572193200177963,0.6957287033766595,8.856233015180796e-05,False
Ireland,2002,77.4,79.57437892481268,-2.1743789248126717,-0.5488199728975687,8.828578733199834e-05,False
Australia,2003,83.0,84.48867120936617,-1.4886712093661743,-0.3760973955617798,8.740522284354174e-05,False
Brazil,2010,73.8,76.24520781515196,-2.44520781515196,-0.6170688285379667,8.691768473631482e-05,False
Sri Lanka,2011,74.5,72.6640387381155,1.8359612618845063,0.4635443862221008,8.633420227048173e-05,False
Indonesia,2009,67.9,70.48216511609722,-2.582165116097215,-0.6515871274665256,8.599197052534443e-05,False
Belize,2009,69.5,72.85381776629396,-3.3538177662939574,-0.8461513123537686,8.597901050709236e-05,False
Bangladesh,2010,69.9,67.7888404404344,2.111159559565607,0.5328764421189714,8.594056206990132e-05,False
Hungary,2013,75.5,78.15785211036135,-2.657852110361347,-0.6706664973465252,8.589574872897245e-05,False
Guatemala,2014,71.7,69.0764889432547,2.6235110567453006,0.6620086797087104,8.573682217421155e-05,False
Cameroon,2002,51.6,53.45511738391835,-1.8551173839183477,-0.4683657042967975,8.568407897238007e-05,False
Zimbabwe,2009,50.0,48.78307169165306,1.2169283083469367,0.3077043742265015,8.564118482376265e-05,False
Netherlands,2002,78.4,80.51495623935487,-2.1149562393548678,-0.5338291358349843,8.52243456649896e-05,False
Uzbekistan,2005,67.3,70.04627763832463,-2.746277638324628,-0.6929554916274375,8.514674329140804e-05,False
India,2000,62.5,64.65421526671527,-2.154215266715269,-0.5437194195754081,8.474057589908326e-05,False
Romania,2007,72.9,75.90243581017437,-3.0024358101743616,-0.7575351318219237,8.382804573959437e-05,False
Guatemala,2003,69.4,67.15104842778015,2.248951572219852,0.5675886697159219,8.376556861281916e-05,False
Equatorial Guinea,2004,54.1,55.838744799791,-1.7387447997910002,-0.439039895707489,8.374026665377435e-05,False
Syrian Arab Republic,2005,73.5,70.53577298680382,2.9642270131961794,0.7478993904845843,8.34429792997485e-05,False
Lithuania,2000,71.6,75.11065148793048,-3.510651487930488,-0.8856958689390824,8.329382306204792e-05,False
Barbados,2014,75.4,78.01577459185427,-2.6157745918542616,-0.6600471588857936,8.32565905697578e-05,False
Cameroon,2000,51.4,49.718783601212024,1.6812163987879742,0.4245458372768468,8.302106998272357e-05,False
Colombia,2006,73.1,70.55463664845597,2.545363351544026,0.6422960085978099,8.294839414689608e-05,False
Haiti,2008,62.1,59.4775293214248,2.6224706785752048,0.661733714198635,8.29294000525248e-05,False
Belize,2008,69.6,72.15976084873824,-2.55976084873825,-0.6459247118334431,8.280817884339396e-05,False
Bhutan,2006,65.8,68.2467599793799,-2.4467599793799053,-0.6174397070331388,8.27170799741499e-05,False
Romania,2012,74.4,77.2403303157814,-2.840330315781401,-0.7166561953263655,8.23758304012023e-05,False
Lebanon,2007,74.4,72.33816661222451,2.0618333877754935,0.5204259730620671,8.2214411759541e-05,False
Paraguay,2004,71.9,69.87991262149576,2.0200873785042432,0.5099033152772142,8.158439210150274e-05,False
Bangladesh,2008,69.1,67.24882666281567,1.8511733371843206,0.46734592014692067,8.15745637498512e-05,False
Tajikistan,2010,67.3,70.12648285602037,-2.8264828560203767,-0.7131612000016512,8.150036961659661e-05,False
Poland,2008,75.5,73.98315755248694,1.5168424475130564,0.38314129018965454,8.125887640304608e-05,False
Burundi,2002,51.5,49.959086089260175,1.5409139107398246,0.38919795850463207,8.072734613175317e-05,False
Central African Republic,2005,45.9,47.34876897837014,-1.4487689783701398,-0.36599692888909635,8.044813976069115e-05,False
Tonga,2006,72.4,75.51694576064376,-3.116945760643759,-0.7863955592559081,8.015626738059459e-05,False
Bulgaria,2014,74.3,76.8317393236741,-2.5317393236741026,-0.6388479661693114,8.00237049785196e-05,False
Bulgaria,2005,72.1,74.96196984654276,-2.861969846542763,-0.7221018969940152,7.99003589341917e-05,False
Uganda,2011,59.3,57.804845945906266,1.4951540540937316,0.3776699677245652,7.987952356785571e-05,False
Ethiopia,2007,58.5,56.255541829470054,2.2444581705299456,0.5664342897751244,7.960847412727213e-05,False
Malta,2003,78.5,76.29715753903702,2.2028424609629838,0.5559428813424403,7.90209721697143e-05,False
Kenya,2009,59.1,57.543652516703816,1.5563474832961859,0.3930709978780418,7.90064530787288e-05,False
Zambia,2011,58.2,59.88943104322152,-1.6894310432215178,-0.4265866027213442,7.900308486374112e-05,False
Uzbekistan,2002,67.1,69.50138455783532,-2.4013845578353283,-0.6059835956952119,7.890969077238474e-05,False
United Arab Emirates,2001,74.5,72.35204817359678,2.147951826403215,0.5421080398909887,7.875402570984219e-05,False
Mauritius,2013,74.1,76.73108993320747,-2.631089933207477,-0.6638865287531293,7.848171567038628e-05,False
Cuba,2010,78.0,79.27119454924897,-1.2711945492489747,-0.32128577972257216,7.823379232200561e-05,False
Uzbekistan,2012,68.8,70.71600199016021,-1.9160019901602112,-0.48365312260031074,7.750582072824863e-05,False
Belize,2000,68.3,71.09964260327416,-2.7996426032741653,-0.7063766032247953,7.737513458539036e-05,False
Iraq,2005,66.8,69.22483211221919,-2.4248321122191925,-0.6118857933377764,7.72496147814623e-05,False
Cameroon,2003,51.8,53.51714541549396,-1.7171454154939596,-0.4335528118683038,7.692039571982029e-05,False
Tonga,2005,72.3,73.27335152613519,-0.9733515261351897,-0.24637381059836277,7.645276212307794e-05,False
Mozambique,2009,53.8,52.28378546514992,1.5162145348500786,0.3829456504291539,7.643335652957078e-05,False
Suriname,2003,68.0,65.32568531213255,2.674314687867451,0.6747740468387512,7.629273119404007e-05,False
Spain,2004,81.0,78.91770963228925,2.0822903677107547,0.5255461163455429,7.611676889978724e-05,False
Paraguay,2006,72.3,70.31614171985076,1.983858280149235,0.5007418270286492,7.605906726437124e-05,False
Algeria,2008,74.1,71.7502608585923,2.349739141407696,0.5929509406498147,7.593747084285696e-05,False
Mexico,2014,76.6,73.27140826582455,3.328591734175447,0.8397536494074903,7.59146832422507e-05,False
Albania,2002,73.3,70.80906723815482,2.4909327618451726,0.6285417996734705,7.590140478688549e-05,False
Cabo Verde,2004,71.4,68.23030742620857,3.169692573791437,0.7996800662934134,7.568568077160675e-05,False
Sri Lanka,2012,74.5,72.800922914722,1.699077085278006,0.42898975968805647,7.520787040461049e-05,False
Botswana,2014,65.1,67.24049113877989,-2.1404911387798933,-0.5402070438299199,7.499157775056623e-05,False
United Arab Emirates,2000,74.2,72.15900359773684,2.0409964022631613,0.51513357078339,7.498607709630986e-05,False
Samoa,2008,72.5,70.81014702427932,1.689852975720683,0.4266644415185419,7.493755518315847e-05,False
Israel,2000,78.9,76.27343213031837,2.6265678696816366,0.6627287439916754,7.454965116280069e-05,False
Tajikistan,2002,64.3,66.52735708880373,-2.2273570888037284,-0.5620969598474134,7.446541318279744e-05,False
Burundi,2003,51.9,50.38497610272582,1.515023897274176,0.38262867893324515,7.42290251394314e-05,False
Sudan,2002,59.4,60.38544298536094,-0.9854429853609403,-0.2493822091470977,7.395369651554315e-05,False
Qatar,2012,77.8,76.49914237166423,1.3008576283357627,0.32871068220338995,7.390192637696178e-05,False
United Arab Emirates,2013,76.7,74.33351937278007,2.3664806272199286,0.5971589425093752,7.356648236377689e-05,False
Greece,2009,80.0,78.16151391878444,1.8384860812155637,0.46409803009656747,7.353292820164856e-05,False
United Arab Emirates,2003,74.9,72.7578701110461,2.142129888953903,0.5406119529743166,7.352941114973301e-05,False
China,2007,74.4,71.75160771286203,2.6483922871379804,0.668226061379664,7.346752747469853e-05,False
Mauritius,2009,72.8,75.52230894005329,-2.7223089400532956,-0.6868612511446424,7.332215192408091e-05,False
Italy,2011,82.0,80.24063468248835,1.7593653175116515,0.4441595936443698,7.271568041323693e-05,False
Cabo Verde,2003,71.1,67.93736939195509,3.162630608044907,0.797887280672334,7.251670847459916e-05,False
Bhutan,2007,66.5,69.01831255002806,-2.5183125500280568,-0.6354271956219083,7.235690816692931e-05,False
Rwanda,2014,65.7,67.27728371291248,-1.5772837129124753,-0.3982928680652566,7.231067579418895e-05,False
Canada,2010,81.2,79.83000047088979,1.369999529110217,0.3460974030971007,7.202608202054725e-05,False
Benin,2005,56.5,58.43613530045712,-1.9361353004571171,-0.488692171467995,7.199718513315789e-05,False
Albania,2009,76.1,73.29270481990082,2.8072951800991746,0.7082829968791644,7.192280467476655e-05,False
Madagascar,2012,64.3,66.69784578168395,-2.397845781683955,-0.6050565531698071,7.18224344434056e-05,False
Belize,2001,68.2,70.96682524769572,-2.7668252476957207,-0.6980786040647126,7.181602965995069e-05,False
Jamaica,2010,75.0,71.85789847071196,3.142101529288041,0.7927074906782031,7.179540831872088e-05,False
Panama,2009,76.8,74.2873191414423,2.512680858557701,0.6340011986170162,7.102830375878261e-05,False
Poland,2004,74.9,77.56099611997755,-2.66099611997754,-0.671390943838436,7.061251648578413e-05,False
Malta,2006,79.3,77.33404036680838,1.9659596331916163,0.4961981134344468,7.046460062027371e-05,False
Bosnia and Herzegovina,2003,75.2,72.63743805143429,2.5625619485657154,0.6465736435224706,7.045584822736363e-05,False
Guinea-Bissau,2002,52.8,54.76476968941798,-1.9647696894179845,-0.4958972570068663,7.029823630935923e-05,False
Argentina,2005,74.9,76.54463603882367,-1.6446360388236627,-0.4152411784010415,7.018078221119322e-05,False
Netherlands,2013,81.4,82.71705430444067,-1.31705430444066,-0.33275097608095827,6.987081417331775e-05,False
Syrian Arab Republic,2006,73.7,71.0454356683419,2.654564331658108,0.6697658386787034,6.98247807911465e-05,False
Nicaragua,2011,74.5,71.88692027866978,2.613079721330223,0.6593061297621643,6.967262418627749e-05,False
Samoa,2007,72.2,70.66982938588002,1.5301706141199816,0.38640502874221794,6.93322821316194e-05,False
Tonga,2008,72.6,75.44042165715375,-2.8404216571537546,-0.7166245299933858,6.928706775009193e-05,False
Zambia,2010,58.0,57.045184953508425,0.954815046491575,0.2416269964544981,6.909135646094105e-05,False
Kuwait,2013,74.5,75.89909390307437,-1.3990939030743732,-0.3533930443302249,6.862181317278848e-05,False
Samoa,2001,75.0,71.80505042422624,3.1949495757737623,0.8060228210351993,6.852935856367123e-05,False
Brazil,2007,73.3,75.56607404449868,-2.26607404449868,-0.5718232798153449,6.834470634036559e-05,False
India,2011,66.8,69.61296469312909,-2.8129646931290893,-0.7096959770644968,6.800653087763581e-05,False
Mozambique,2010,54.0,52.54647691801601,1.4535230819839882,0.3670892538400485,6.757510336412561e-05,False
Uganda,2010,58.4,57.22244806401027,1.177551935989726,0.2976210883408863,6.751121813089793e-05,False
Indonesia,2007,67.5,69.8280261968623,-2.3280261968622966,-0.5874342250664049,6.733824437958266e-05,False
France,2003,79.3,77.95923281345614,1.3407671865438573,0.3386966923834773,6.722298541138166e-05,False
Denmark,2014,84.0,82.9181950487111,1.0818049512889019,0.2735304842786811,6.709538467277114e-05,False
Sweden,2011,81.7,80.46546995435938,1.234530045640625,0.3119525346630016,6.68451579107776e-05,False
Indonesia,2013,68.7,70.48879553402813,-1.7887955340281252,-0.4515347565908496,6.681169529670306e-05,False
Jordan,2006,72.8,75.0063568004694,-2.2063568004694076,-0.5567614600186975,6.652698097718454e-05,False
Brazil,2012,74.5,76.69220573385874,-2.192205733858742,-0.5531934676414475,6.630911267536415e-05,False
New Zealand,2012,81.1,82.24660221806731,-1.146602218067315,-0.28982185806988947,6.629758548648826e-05,False
Nepal,2011,68.4,71.07072421756064,-2.6707242175606325,-0.6738240744077554,6.621768635605414e-05,False
Jordan,2001,71.9,73.65301320357527,-1.7530132035752644,-0.4425154477976898,6.620666822883976e-05,False
Germany,2002,78.4,77.10588500918007,1.294114990819935,0.3269423727031123,6.6056143772283e-05,False
Tonga,2007,72.5,75.4084477636986,-2.9084477636986037,-0.7337640919138726,6.602097942998451e-05,False
Grenada,2002,79.0,76.13620026039699,2.86379973960301,0.7225050575061094,6.585531834551049e-05,False
Jordan,2002,72.1,73.95413725308181,-1.8541372530818165,-0.46799135009753134,6.571193748515031e-05,False
Estonia,2014,77.3,79.42093493033586,-2.1209349303358636,-0.5352266169864167,6.569759716469876e-05,False
Madagascar,2008,62.3,63.911714261920956,-1.6117142619209588,-0.4069152944303441,6.561011068235426e-05,False
Jordan,2009,73.3,75.22678041363704,-1.9267804136370472,-0.48629510876961174,6.551233564272298e-05,False
India,2012,67.3,70.1902638713835,-2.890263871383496,-0.729176322687584,6.54054230484855e-05,False
Saudi Arabia,2010,73.7,75.49440821413168,-1.7944082141316784,-0.4529389358488604,6.530306296377929e-05,False
Papua New Guinea,2010,61.8,64.45265549976769,-2.6526554997676897,-0.6692635937271993,6.513373879146743e-05,False
Swaziland,2006,47.8,47.007183048133825,0.7928169518661718,0.20088750822400403,6.511511773731803e-05,False
Croatia,2002,74.8,72.28614922717635,2.5138507728236448,0.6342678628156684,6.503895181316585e-05,False
Madagascar,2014,65.1,67.34189026551104,-2.2418902655110458,-0.5657098016495016,6.498961845410058e-05,False
India,2010,66.4,68.99532858454587,-2.595328584545868,-0.6548067493581095,6.440839118150963e-05,False
Denmark,2008,78.8,79.92353322893703,-1.1235332289370348,-0.2839903678646396,6.363444794827909e-05,False
Paraguay,2005,72.1,70.3767981760466,1.7232018239533886,0.43498617751866486,6.349012585882483e-05,False
Vanuatu,2003,69.4,67.61483061159169,1.7851693884083204,0.45059685079753725,6.314779583652912e-05,False
Suriname,2010,73.0,70.16906356233275,2.8309364376672477,0.7142067212933002,6.305360340913926e-05,False
Antigua and Barbuda,2006,74.8,76.91905328326271,-2.1190532832627156,-0.5347364151671613,6.284572342718172e-05,False
Panama,2004,75.8,73.72444667522939,2.0755533247706097,0.523772102425714,6.275743832158677e-05,False
Botswana,2013,64.2,62.858977712249306,1.3410222877506968,0.3387212467414991,6.271221811996947e-05,False
France,2002,79.2,77.92156335331416,1.2784366466858472,0.3229649212574844,6.269386552877055e-05,False
Bulgaria,2008,72.9,75.6287422385142,-2.728742238514201,-0.6884360653560865,6.247519210888616e-05,False
Slovenia,2007,78.3,80.20922053756503,-1.9092205375650337,-0.481851105230018,6.24435057941016e-05,False
India,2013,67.6,70.52582490457016,-2.925824904570163,-0.7381311816543112,6.238460373264319e-05,False
Slovenia,2006,78.1,79.99807231801908,-1.8980723180190893,-0.4790404444940713,6.223216786889188e-05,False
Niger,2005,53.7,52.60276672175606,1.097233278243941,0.27735828750287966,6.217120590644688e-05,False
Slovenia,2012,82.0,80.29957139651147,1.7004286034885325,0.4292393433594565,6.214628116309664e-05,False
Panama,2002,75.7,73.53739794896039,2.162602051039613,0.5457086227949274,6.206481978534037e-05,False
Brazil,2008,73.4,75.47306768955605,-2.0730676895560407,-0.52314053765417,6.186690525576666e-05,False
Portugal,2007,78.7,76.92829139537801,1.7717086046219919,0.4471930855728657,6.132854625805968e-05,False
Tajikistan,2005,65.5,67.92494348433118,-2.4249434843311803,-0.6118353851866988,6.120535597850273e-05,False
Slovenia,2005,77.5,79.42439473849976,-1.9243947384997568,-0.48566657856809614,6.106891797140212e-05,False
India,2004,64.0,65.98851111162581,-1.9885111116258116,-0.501824270328924,6.095567148512437e-05,False
Romania,2005,71.9,74.71362905505703,-2.813629055057021,-0.7098337113789388,6.0948921454081684e-05,False
Bulgaria,2013,74.1,76.48945411362845,-2.38945411362846,-0.6028866354951935,6.0828750842203016e-05,False
Israel,2004,81.0,78.89644475820921,2.1035552417907866,0.5308174279257859,6.057653117446874e-05,False
Italy,2010,81.8,80.20616928561,1.5938307143899948,0.402371324595658,6.031694581400045e-05,False
Papua New Guinea,2009,61.6,64.08657153487297,-2.4865715348729722,-0.6273678141489819,6.026865295744103e-05,False
Mauritius,2012,73.9,76.23307823892551,-2.333078238925509,-0.5886714194427669,6.01987573094591e-05,False
Romania,2006,72.5,75.24731957214146,-2.747319572141464,-0.6931101337836848,6.013795164828027e-05,False
Lebanon,2008,74.5,72.66139201431194,1.838607985688057,0.46404224851580533,6.009952719118864e-05,False
Mauritius,2011,73.6,76.0459262511326,-2.4459262511326045,-0.6171193746937033,5.999712122548336e-05,False
Hungary,2001,72.3,74.19176766887622,-1.891767668876227,-0.4774364596327924,5.980027056597508e-05,False
Guyana,2004,65.1,63.26351599688561,1.8364840031143856,0.46350434049912614,5.9683068550463135e-05,False
Mauritania,2007,61.2,59.416211664680375,1.7837883353196275,0.4502249727557452,5.9546616482819284e-05,False
Armenia,2002,72.6,70.28066848067469,2.319331519325303,0.5852023628221461,5.948497138014365e-05,False
Israel,2008,81.0,79.06124970809785,1.9387502919021529,0.4892740266365369,5.938348736728177e-05,False
Uzbekistan,2003,67.2,69.34050593970024,-2.1405059397002333,-0.5401237291403463,5.927257219151916e-05,False
Brazil,2013,74.7,76.71346505922713,-2.01346505922713,-0.5081030099400076,5.920229880162562e-05,False
Nepal,2013,69.3,71.83567281512444,-2.5356728151244425,-0.6397420632617238,5.9191903506232676e-05,False
Canada,2005,81.0,79.45256976014782,1.5474302398521758,0.3906739261888445,5.91383772167183e-05,False
Italy,2012,82.0,80.39803948218018,1.601960517819819,0.4044105225792614,5.9124328567062926e-05,False
India,2001,62.9,64.72541493837397,-1.8254149383739744,-0.46071045510883774,5.897468938158847e-05,False
Guatemala,2004,69.6,67.64948177749001,1.9505182225099844,0.49223706482273466,5.8938918613049435e-05,False
Uruguay,2010,76.3,78.30347646615569,-2.003476466155689,-0.505582997804704,5.877085619566625e-05,False
Netherlands,2001,78.3,80.15594113873897,-1.8559411387389702,-0.46840120287623244,5.870981652292914e-05,False
Iceland,2007,81.3,82.73880532854004,-1.4388053285400417,-0.363310285327871,5.868797210445451e-05,False
Bangladesh,2013,71.0,69.20965163825899,1.7903483617410103,0.4518722365152822,5.8681979901857284e-05,False
Cameroon,2011,55.6,56.564722446104184,-0.964722446104183,-0.24399008568252675,5.86477829663462e-05,False
Spain,2009,81.6,80.02200208402782,1.5779979159721762,0.3983700985211402,5.860776023539573e-05,False
Burundi,2001,51.3,49.96363722016951,1.3363627798304876,0.33751038406336453,5.843920642179518e-05,False
Jordan,2003,72.3,74.21175630204918,-1.9117563020491843,-0.4824650502058847,5.8398132435165514e-05,False
Luxembourg,2004,78.7,77.37636187308698,1.3236381269130248,0.3343049702037953,5.828131366365541e-05,False
Dominican Republic,2013,73.4,71.28896721002783,2.111032789972171,0.5326886667494858,5.8177159299084925e-05,False
Sri Lanka,2013,74.6,73.0295167575801,1.570483242419897,0.39647297160865796,5.806460225329399e-05,False
Ethiopia,2008,59.8,57.76386680308448,2.0361331969155145,0.5138093842999594,5.8028618175591005e-05,False
Cameroon,2008,54.2,55.71227822647286,-1.5122782264728585,-0.38180884208667526,5.778406473819866e-05,False
Austria,2014,81.4,80.17562873605306,1.2243712639469493,0.3093076871640425,5.7670057599678115e-05,False
Poland,2003,74.7,77.18045035065056,-2.480450350650557,-0.6258106410328234,5.735517713412931e-05,False
Cameroon,2005,52.8,54.252104708189606,-1.4521047081896086,-0.3666470013771606,5.7113304979548e-05,False
Malaysia,2000,72.4,70.58676546131544,1.8132345386845685,0.4576270552247844,5.6820233471821853e-05,False
Liberia,2011,62.0,63.223883346520715,-1.223883346520715,-0.3091763510848505,5.6786094466321025e-05,False
Philippines,2013,68.1,70.07244114212354,-1.972441142123543,-0.4977487646362391,5.670874580586296e-05,False
New Zealand,2002,78.7,80.37046696727839,-1.6704669672783865,-0.4216521651949833,5.6676534306885896e-05,False
Tonga,2010,72.8,75.18244039704496,-2.3824403970449595,-0.6010969163424335,5.649645839523105e-05,False
Australia,2000,79.5,80.10916864819367,-0.6091686481936733,-0.15469481565660997,5.6458363833102915e-05,False
Uzbekistan,2013,69.1,70.7921441744991,-1.6921441744991057,-0.4271122842634022,5.644474473356434e-05,False
Thailand,2010,73.9,72.05210480918117,1.8478951908188321,0.4663575839957929,5.6205854989179236e-05,False
Algeria,2003,71.7,69.86187461718751,1.8381253828124926,0.4638951712277373,5.6147816184126066e-05,False
India,2006,64.8,66.98574867471137,-2.185748674711377,-0.5515098304300589,5.5963640231445556e-05,False
Jordan,2000,71.7,73.39051456052357,-1.6905145605235674,-0.4266970581689895,5.578422626901091e-05,False
South Africa,2010,58.0,59.05760021493852,-1.0576002149385175,-0.2673174759146155,5.5775501032305644e-05,False
Greece,2006,79.7,78.0586811674272,1.6413188325728072,0.41430180542472544,5.577525854349237e-05,False
Haiti,2013,62.7,64.11458910747943,-1.4145891074794292,-0.35718604401794496,5.563901269824519e-05,False
Bhutan,2008,67.0,69.20813603759947,-2.2081360375994734,-0.5571488468636651,5.515476736253492e-05,False
Malta,2002,78.2,76.12528219771784,2.0747178022821657,0.5235178282237217,5.511158523530846e-05,False
Bulgaria,2006,72.2,74.91504705208285,-2.715047052082852,-0.6849502497486015,5.500202837830349e-05,False
Jordan,2008,73.1,75.11288786082565,-2.012887860825657,-0.5079320963999235,5.488265839887194e-05,False
Uruguay,2006,76.2,77.58951351754324,-1.3895135175432358,-0.35086397354638066,5.4847898103227345e-05,False
Bhutan,2004,64.2,63.27037682149271,0.9296231785072919,0.2351129392693007,5.446606258971464e-05,False
India,2008,65.5,67.83390380819957,-2.3339038081995653,-0.5888498506687554,5.435918747129925e-05,False
Mauritius,2003,71.5,73.68055336378826,-2.1805533637882633,-0.5501912533775887,5.431547124961523e-05,False
Oman,2014,76.4,74.38979210204639,2.01020789795362,0.5072527583988287,5.4227813229355135e-05,False
Lebanon,2004,73.7,75.50884967094893,-1.8088496709489306,-0.45650454823454684,5.4141261278088245e-05,False
Burkina Faso,2000,51.0,49.85768256349934,1.1423174365006616,0.28861743868722095,5.4022603746618406e-05,False
Qatar,2006,76.6,74.88896802113788,1.7110319788621098,0.43185422127557455,5.3969606105522344e-05,False
Pakistan,2007,64.4,63.07142411558872,1.3285758844112863,0.3355076592400068,5.3710978079168816e-05,False
India,2014,68.0,70.7792426752988,-2.7792426752988035,-0.7011313791906423,5.353744210941286e-05,False
Latvia,2013,74.1,76.09610354736918,-1.996103547369188,-0.5036931521061043,5.3445224424300094e-05,False
Bulgaria,2004,72.2,74.54779607631279,-2.3477960763127896,-0.5923468007834685,5.3299935378235844e-05,False
Madagascar,2013,64.7,66.98212756868433,-2.2821275686843308,-0.5757906117960652,5.3114970840736016e-05,False
Guinea,2000,52.5,51.231653840254,1.2683461597460024,0.32033467776648167,5.2994677486717444e-05,False
South Africa,2004,53.7,52.928433863950495,0.7715661360495076,0.1953712729221433,5.2945667491266526e-05,False
Serbia,2000,72.6,71.3123969457607,1.2876030542392982,0.32518207944469835,5.2831507700210346e-05,False
Italy,2009,81.6,80.1134841328098,1.4865158671901924,0.3752796177594553,5.274774681740214e-05,False
Oman,2010,75.6,73.8740064113089,1.7259935886910966,0.4356147637993804,5.258765980052279e-05,False
Armenia,2004,73.0,70.64969425325367,2.3503057467463293,0.5929739281626116,5.2194725010786814e-05,False
Peru,2003,72.1,70.54547702323102,1.554522976768979,0.3924071188916907,5.211150306554457e-05,False
Bulgaria,2011,73.7,76.1481353819107,-2.448135381910703,-0.6176349347162602,5.146157196365753e-05,False
Haiti,2009,62.5,60.48765926612917,2.012340733870829,0.507772635434109,5.122373125647231e-05,False
Bangladesh,2007,68.6,67.14322378563197,1.4567762143680199,0.3677742644790074,5.1032710211818936e-05,False
Guyana,2006,65.2,67.77980397773723,-2.579803977737228,-0.650830829474136,5.096829653310982e-05,False
Lebanon,2001,73.0,73.71063214911143,-0.7106321491114329,-0.18004053181040106,5.094955523001082e-05,False
Guatemala,2001,68.4,66.76617632598155,1.6338236740184584,0.41237733491312994,5.079487555827037e-05,False
Barbados,2004,73.8,76.02795261303262,-2.2279526130326275,-0.5621186832184778,5.0348395371206037e-05,False
Zimbabwe,2003,44.5,43.8287270467782,0.671272953221802,0.17015308184503727,5.034685616473843e-05,False
Latvia,2005,76.0,78.14079396263287,-2.14079396263287,-0.5401465043821787,5.0279632847004256e-05,False
Libya,2010,72.8,74.49923407155512,-1.699234071555125,-0.428854463297309,5.0100256797237064e-05,False
Nicaragua,2009,73.2,71.05337928917844,2.1466207108215656,0.5416135971694034,4.996602443513512e-05,False
Portugal,2003,77.3,78.88741527191905,-1.5874152719190562,-0.4006776002180362,4.9904906587299456e-05,False
Germany,2003,78.5,77.32585980652351,1.1741401934764895,0.2965853384951241,4.982873872093146e-05,False
Samoa,2000,72.0,70.45741320946367,1.5425867905363333,0.3893815749779922,4.971061891843695e-05,False
Lebanon,2013,74.9,72.78154742062358,2.1184525793764237,0.5345113555347202,4.968832052103016e-05,False
Sao Tome and Principe,2010,66.2,68.42967472562945,-2.229674725629451,-0.5625491885239471,4.966563451472287e-05,False
Sri Lanka,2014,74.7,73.2838778272592,1.416122172740799,0.35752204721029424,4.963500774280392e-05,False
Netherlands,2000,78.1,79.86133314452388,-1.7613331445238884,-0.4445000032466928,4.960595778564009e-05,False
Poland,2000,73.7,76.10169034025384,-2.401690340253836,-0.605915765476779,4.9574308495558814e-05,False
Suriname,2002,67.9,65.52185369319967,2.378146306800332,0.5999794216385251,4.9497468316266243e-05,False
Panama,2008,76.5,74.17066842770471,2.3293315722952883,0.5876710769463974,4.923675200781428e-05,False
Nicaragua,2012,73.9,72.17343101932512,1.7265689806748838,0.43573595055304787,4.911798031238143e-05,False
Paraguay,2008,72.7,70.89658603142534,1.8034139685746595,0.4551012036255669,4.9037733439692875e-05,False
Panama,2010,76.5,74.73315812300324,1.7668418769967644,0.44588421476035706,4.900376343834717e-05,False
Serbia,2009,74.1,75.63878299947352,-1.5387829994735256,-0.3884157476357745,4.8736730188436403e-05,False
Uzbekistan,2004,67.8,69.80497561319083,-2.0049756131908367,-0.5059007974660777,4.86185338631429e-05,False
Azerbaijan,2003,67.8,70.02986306424997,-2.229863064249969,-0.5625897628050665,4.836800883933924e-05,False
Portugal,2010,79.6,78.46783420913002,1.1321657908699763,0.28600050953222367,4.807729119482255e-05,False
Nicaragua,2013,73.9,72.20041732597271,1.6995826740272975,0.4289281579179636,4.807011766020146e-05,False
Netherlands,2003,78.7,80.25178391884468,-1.5517839188446771,-0.3916860572326113,4.804732886666453e-05,False
Bulgaria,2012,73.9,76.24626981291253,-2.3462698129125243,-0.5919354330960335,4.80445333924722e-05,False
Romania,2008,73.1,75.04249923628308,-1.9424992362830835,-0.4901494385713816,4.8012764733263416e-05,False
Luxembourg,2003,78.6,77.31585546486454,1.2841445351354537,0.3242659918063174,4.7914750829071086e-05,False
Mauritius,2004,71.9,73.99594971114543,-2.0959497111454226,-0.5288282161411976,4.780767448662003e-05,False
Seychelles,2000,71.8,73.745674207828,-1.9456742078280058,-0.4909476187819778,4.7670799534704464e-05,False
Kuwait,2005,73.6,75.11543579888988,-1.5154357988898823,-0.38252508570448934,4.764749808680929e-05,False
Hungary,2010,74.5,76.26697776482234,-1.766977764822343,-0.44590929682967295,4.763742471923512e-05,False
Bangladesh,2006,68.2,66.81291154118945,1.3870884588105525,0.3501889785533696,4.730814833252773e-05,False
Uzbekistan,2008,67.9,69.49243203948252,-1.5924320394825173,-0.4019205763558967,4.707506149733406e-05,False
Dominican Republic,2010,72.7,70.38934557668553,2.3106544233144746,0.5829508577453499,4.700320233551298e-05,False
United Arab Emirates,2011,76.3,74.29575298274715,2.004247017252851,0.5057074896719319,4.698694866746861e-05,False
Sweden,2008,81.1,79.77483744073788,1.325162559262111,0.33458780378925,4.69470152576421e-05,False
Bulgaria,2007,72.6,75.06892183616495,-2.4689218361649523,-0.6228539029221835,4.691575470653977e-05,False
Bulgaria,2010,73.4,75.71224369265585,-2.3122436926558407,-0.5833510075500405,4.6899750670593055e-05,False
Senegal,2012,65.6,64.02695124982847,1.5730487501715231,0.39703452810566364,4.680177758926174e-05,False
Nigeria,2007,55.0,56.4753824265992,-1.4753824265991966,-0.37242687714049755,4.67387420156319e-05,False
Austria,2001,78.6,77.51994958218064,1.0800504178193506,0.2728674009479271,4.672045940557684e-05,False
Spain,2008,81.3,79.80850478542095,1.4914952145790465,0.37648519928711016,4.6601337470867416e-05,False
Albania,2000,72.6,70.61096474954172,1.9890352504582722,0.5018707996853119,4.660031946326291e-05,False
Uzbekistan,2001,67.4,69.27169344156262,-1.8716934415626127,-0.4722940283794067,4.6584461017969324e-05,False
New Zealand,2006,79.9,81.01581361892869,-1.1158136189286836,-0.2818661425408232,4.637270025100829e-05,False
Mexico,2006,75.8,73.88648827880868,1.9135117211913126,0.4828314786014519,4.6135766743196323e-05,False
Italy,2002,80.0,78.30495648013103,1.6950435198689746,0.4277700774640479,4.6035139903246e-05,False
El Salvador,2001,68.9,70.82049028056458,-1.9204902805645787,-0.4845892481683028,4.593994433895791e-05,False
Azerbaijan,2000,66.6,68.65225824346216,-2.0522582434621626,-0.5178033895661679,4.587711715018002e-05,False
Brunei Darussalam,2005,76.2,74.61956358893151,1.58043641106849,0.3988874348790557,4.566041090050715e-05,False
Tajikistan,2011,68.1,70.2287559754216,-2.128755975421612,-0.5370858735880796,4.560156264532775e-05,False
Bulgaria,2009,73.2,75.55499840592516,-2.3549984059251585,-0.5941222494684777,4.530045252375369e-05,False
Thailand,2005,72.5,70.58046713227229,1.9195328677277104,0.484342783478364,4.5107471832267464e-05,False
Oman,2005,74.3,72.99109856289802,1.30890143710198,0.33047510034779215,4.5052362012586854e-05,False
New Zealand,2001,78.5,80.0096337785892,-1.5096337785892047,-0.3810426141549007,4.500826887715111e-05,False
Suriname,2011,76.0,73.8642407028606,2.1357592971394013,0.5388478292392614,4.4965019868638406e-05,False
United Arab Emirates,2010,76.2,74.11636938930303,2.0836306106969715,0.5257066123585761,4.4963561655737696e-05,False
South Africa,2005,53.8,53.090689511928964,0.7093104880710328,0.1796083108371683,4.482318742182043e-05,False
Poland,2002,74.5,76.77438110237811,-2.274381102378115,-0.5737944718156538,4.482218410994504e-05,False
Spain,2011,82.1,80.72717307385794,1.3728269261420536,0.34657476224618833,4.4771468440391636e-05,False
Equatorial Guinea,2010,56.1,57.018973978360606,-0.9189739783606043,-0.2323100661125199,4.464864689129548e-05,False
Italy,2007,81.3,79.81576028644648,1.4842397135535208,0.3746408790722132,4.454817713312016e-05,False
Mauritius,2007,72.9,74.9208165534971,-2.0208165534970988,-0.5098697967867072,4.453838117697115e-05,False
Denmark,2000,76.9,78.506106040712,-1.6061060407119925,-0.4053473623576528,4.4537760419878883e-05,False
Portugal,2002,77.2,78.79934442064257,-1.5993444206425664,-0.40364156733722595,4.4273738629185174e-05,False
Cabo Verde,2007,72.3,70.20597567089071,2.0940243291092884,0.5283223802396881,4.41927053660506e-05,False
Thailand,2003,71.7,69.78957935027866,1.9104206497213454,0.4820383802868584,4.3883335332018704e-05,False
Chile,2003,77.9,75.61825159534207,2.2817484046579324,0.5756469803399611,4.3878106431397985e-05,False
Solomon Islands,2000,65.8,64.532890518894,1.2671094811059902,0.3199383163576737,4.387688543678256e-05,False
Mauritius,2005,72.1,74.20304383295498,-2.103043832954981,-0.5305941216916015,4.383763717562303e-05,False
Antigua and Barbuda,2007,75.0,76.73950990903423,-1.7395099090342256,-0.43896088025981056,4.380086197145217e-05,False
Armenia,2001,72.6,70.62605057327414,1.9739494267258522,0.4980509953634443,4.373957373735335e-05,False
Morocco,2000,68.6,67.28424726461385,1.3157527353861411,0.3321884495543045,4.368109745731347e-05,False
Serbia,2008,74.0,72.79370959445849,1.206290405541509,0.30461872619664965,4.3598413210751604e-05,False
Armenia,2005,73.0,70.84188018279359,2.158119817206412,0.5444767661126466,4.349324683322509e-05,False
Chile,2002,77.8,75.3747827024224,2.4252172975776034,0.6118169925334036,4.3343562600786353e-05,False
Indonesia,2008,67.7,69.10341095361748,-1.403410953617481,-0.3542653755459377,4.312950293145709e-05,False
Uruguay,2013,76.8,78.43517936673028,-1.6351793667302843,-0.4126620410490839,4.294144034365412e-05,False
Iceland,2005,81.0,82.23796778743746,-1.237967787437455,-0.3125898687516018,4.292832604929639e-05,False
Thailand,2006,73.0,71.15420824285046,1.8457917571495415,0.46574110970550536,4.2751764289486345e-05,False
Slovenia,2009,79.1,80.48737769192121,-1.3873776919212162,-0.35022106311857,4.252567773258847e-05,False
India,2002,63.3,64.86178588297015,-1.561785882970156,-0.3941640823323477,4.250359678419994e-05,False
Jordan,2007,73.0,74.90384634275297,-1.9038463427529706,-0.48037213238028775,4.241815817751925e-05,False
Uruguay,2014,76.8,78.44505587747815,-1.645055877478157,-0.41514683294809057,4.2367851826352323e-05,False
Oman,2011,75.8,74.30033811719554,1.4996618828044603,0.37850904933041424,4.23345912294138e-05,False
Tajikistan,2003,65.2,66.98671776619743,-1.7867177661974267,-0.4508487426145276,4.229885721119892e-05,False
Guyana,2008,66.3,68.16551537676088,-1.8655153767608823,-0.4707081539669303,4.20641022758167e-05,False
Portugal,2001,76.9,78.48919952961116,-1.5891995296111503,-0.4010681596673432,4.198756290212972e-05,False
Brunei Darussalam,2014,77.6,76.19581357243969,1.4041864275603047,0.35445099504901917,4.197322770213587e-05,False
Bangladesh,2005,67.8,66.52272375355864,1.2772762464413603,0.32247906432758017,4.1728557888468865e-05,False
South Africa,2008,55.3,54.568588465600456,0.7314115343995411,0.185109824511062,4.170931291277486e-05,False
Poland,2014,77.3,79.0734672523446,-1.7734672523446022,-0.4475045297523065,4.1617903899681285e-05,False
Netherlands,2007,82.0,80.73677045319381,1.263229546806187,0.31893987303470495,4.160577431621777e-05,False
Zimbabwe,2008,48.2,49.06254736501529,-0.8625473650152884,-0.2180753864404169,4.15280228080728e-05,False
Nicaragua,2007,72.5,70.48055922708129,2.0194407729187134,0.5095044953533477,4.138999255441028e-05,False
Ireland,2011,84.0,82.75369091858232,1.246309081417678,0.31467598745886693,4.138160610124798e-05,False
Hungary,2011,74.8,76.45063753303705,-1.650637533037056,-0.41654408581505015,4.1062207713602585e-05,False
Belarus,2010,73.0,73.87082918986124,-0.8708291898612401,-0.22015205092428236,4.104988728897101e-05,False
Belgium,2007,79.5,77.9519453384896,1.548054661510406,0.39069170123709435,4.088899005786225e-05,False
Georgia,2001,73.0,71.18827028305208,1.811729716947923,0.45714110305473,4.050298394236873e-05,False
Saudi Arabia,2007,73.2,74.62234343277864,-1.4223434327786322,-0.35901009927778366,4.0130807160554646e-05,False
Iceland,2008,81.4,82.61196849258751,-1.211968492587502,-0.30601187974640154,3.9827610238733524e-05,False
Pakistan,2005,62.9,63.9679028089395,-1.0679028089395004,-0.26972863044938056,3.936505253329608e-05,False
Indonesia,2005,67.2,68.42563808511743,-1.2256380851174242,-0.30944860251581363,3.91882955897665e-05,False
Slovenia,2002,76.6,78.23755389497703,-1.6375538949770316,-0.4132326469644416,3.910222691495973e-05,False
Serbia,2005,73.0,74.6730581780721,-1.6730581780720968,-0.4221757484163264,3.8416846898843805e-05,False
Uzbekistan,2006,67.6,69.74053953344963,-2.1405395334496404,-0.5400165814290923,3.841337801028823e-05,False
Papua New Guinea,2012,62.2,64.147037635149,-1.9470376351490017,-0.49123469305119544,3.838284292758072e-05,False
Poland,2001,74.2,76.34018409227662,-2.1401840922766127,-0.5399266038783735,3.834737547726574e-05,False
Chad,2005,48.6,49.678718247373794,-1.0787182473737928,-0.2724398625279702,3.828346176851185e-05,False
South Africa,2009,56.5,55.75650302583314,0.7434969741668596,0.18809086983705828,3.8160382727654304e-05,False
Mozambique,2014,56.7,58.236039199566015,-1.5360391995660123,-0.3876400080088321,3.778255347830612e-05,False
Austria,2000,78.1,77.12194146983423,0.978058530165768,0.24709139720716328,3.767153238515469e-05,False
Burundi,2007,54.8,53.962209275676045,0.837790724323952,0.21179471334600014,3.765144412176452e-05,False
Romania,2004,71.7,73.91697099665281,-2.2169709966528046,-0.5592800552337289,3.7234544774164605e-05,False
India,2003,63.7,65.1685508261828,-1.468550826182792,-0.37062860994630686,3.716711892170604e-05,False
Nepal,2006,66.0,67.61314627148235,-1.61314627148235,-0.4070668842266823,3.711305001616091e-05,False
Niger,2004,52.9,53.74612375855503,-0.8461237585550307,-0.21388332544855684,3.710525288524361e-05,False
Zimbabwe,2000,46.0,45.36354856137454,0.6364514386254569,0.1611752394066137,3.697196147416603e-05,False
Tonga,2013,73.2,75.25655328267466,-2.056553282674656,-0.5188340553258342,3.6860173024746145e-05,False
Guyana,2010,65.9,67.50965264116466,-1.609652641164658,-0.40618375154780695,3.6752170826138706e-05,False
Albania,2015,77.8,75.62725943668991,2.172740563310086,0.5481258217971554,3.6740537349322005e-05,False
Myanmar,2000,62.1,63.22091344768927,-1.1209134476892686,-0.28304772016915136,3.665854291343244e-05,False
Mexico,2004,75.4,73.65053132845274,1.7494686715472625,0.44142090764572445,3.644626568104219e-05,False
Sudan,2010,62.5,63.17305243074289,-0.6730524307428922,-0.17035814763186846,3.637807208812776e-05,False
Ecuador,2000,72.8,70.95703243805747,1.8429675619425296,0.46498797087775634,3.633521063853086e-05,False
Thailand,2007,73.3,71.60718043429934,1.6928195657006597,0.42714128229120696,3.6274071390991296e-05,False
Guinea,2008,56.8,58.287738692714626,-1.487738692714629,-0.3754560365862744,3.6204974848957595e-05,False
Dominican Republic,2011,73.1,71.17108621712106,1.9289137828789364,0.4866512989668171,3.599683350568487e-05,False
Romania,2003,71.1,73.24679360639405,-2.1467936063940556,-0.5415794281032125,3.590131458858207e-05,False
Zimbabwe,2002,44.8,44.18492501867185,0.6150749813281493,0.15578670876418466,3.5846630891418374e-05,False
Cabo Verde,2012,72.7,71.22982111697505,1.470178883024957,0.3710279244600106,3.5810609078473676e-05,False
Luxembourg,2001,78.0,76.81424689844806,1.1857531015519385,0.29936932430073016,3.580283874732091e-05,False
Poland,2009,75.7,77.54807763050451,-1.8480776305045055,-0.4662719392004072,3.568908980448763e-05,False
Indonesia,2003,66.9,66.23744374371996,0.6625562562800411,0.167703732933074,3.538475327003237e-05,False
Romania,2013,74.6,76.53571880291531,-1.9357188029153178,-0.48836240039115936,3.5283360931737074e-05,False
Croatia,2003,74.7,72.79506318654518,1.9049368134548246,0.4806024955688081,3.527195305992687e-05,False
Maldives,2006,75.0,73.30548386954514,1.6945161304548577,0.42756185111484113,3.5267766749745265e-05,False
Indonesia,2000,66.3,67.30292824968157,-1.002928249681574,-0.25332328332417015,3.525282003118455e-05,False
China,2008,74.5,72.700146999232,1.799853000767996,0.45411074817567815,3.4917909316314836e-05,False
Qatar,2000,76.2,75.13916563280068,1.0608343671993197,0.2678985153863944,3.482511971205319e-05,False
Swaziland,2013,57.6,58.41528789825172,-0.815287898251718,-0.2060934120067701,3.479195330561468e-05,False
El Salvador,2000,69.0,70.5492980936882,-1.5492980936881935,-0.3909566142485321,3.455828751968441e-05,False
France,2009,81.1,80.13656446032833,0.9634355396716643,0.24337172330194978,3.4484946122085635e-05,False
Paraguay,2012,73.6,72.40583521870677,1.1941647812932246,0.30147408636221207,3.4390210549147013e-05,False
Zambia,2014,61.1,62.46058800564721,-1.3605880056472088,-0.34340134529697447,3.437608501006167e-05,False
Belize,2011,69.4,71.54783832028693,-2.1478383202869225,-0.541834367474735,3.4371827205187154e-05,False
Qatar,2003,76.5,75.29803505577958,1.2019649442204212,0.3034381326171281,3.430937653991593e-05,False
Togo,2005,55.0,55.748276084922495,-0.7482760849224945,-0.18922653065704356,3.396475563683048e-05,False
Chile,2001,77.3,75.14147587853606,2.158524121463941,0.5445257867568555,3.387323215817651e-05,False
Central African Republic,2004,45.7,46.60695925570674,-0.9069592557067381,-0.22914655771795528,3.375771937677749e-05,False
Bhutan,2011,68.3,70.3924253870335,-2.092425387033501,-0.5278597173664386,3.3688586883172465e-05,False
Iraq,2004,67.2,68.83157500519586,-1.631575005195856,-0.4116865048358053,3.3687414629705744e-05,False
Croatia,2010,76.6,75.00336154085741,1.5966384591425822,0.4028809722714565,3.366640796682797e-05,False
Oman,2009,75.4,74.21213829360397,1.1878617063960348,0.2998788927658034,3.3638160092213987e-05,False
Seychelles,2003,72.1,73.63672503923817,-1.5367250392381777,-0.38777817139215465,3.328706522951823e-05,False
United Arab Emirates,2009,76.0,74.02838178909829,1.9716182109017097,0.4973988315325344,3.301783413218927e-05,False
Chile,2006,78.9,76.99725433701425,1.902745662985751,0.48003576200908066,3.2967614810627496e-05,False
Malta,2005,79.0,77.59381125268048,1.4061887473195185,0.3548775964342704,3.27270945247257e-05,False
Guinea,2002,52.9,54.052246357835806,-1.152246357835807,-0.2908973853688093,3.262739409358925e-05,False
Burundi,2004,52.6,51.61962450640924,0.9803754935907634,0.247612500406804,3.25073729248134e-05,False
Guatemala,2013,71.4,69.5753725916447,1.8246274083553118,0.460339776752721,3.246692577807254e-05,False
Mexico,2003,75.0,73.37996873908621,1.620031260913791,0.40876764714169217,3.2409673112386136e-05,False
Belize,2007,69.6,71.5286318312021,-1.928631831202111,-0.486558094779259,3.240098635124952e-05,False
Bhutan,2014,69.4,71.05414893600447,-1.6541489360044608,-0.41736615356689316,3.2291691627683394e-05,False
Seychelles,2002,72.1,73.56802529068763,-1.4680252906876348,-0.3704560495543434,3.2194309688374714e-05,False
Guinea,2011,58.1,59.79348945166328,-1.6934894516632752,-0.42728100255090495,3.211582028383006e-05,False
Mauritius,2008,72.7,71.77480696439997,0.9251930356000315,0.23371419496140053,3.204292128599195e-05,False
Malawi,2010,52.9,52.190839518254,0.7091604817459967,0.17935863768838226,3.195452672432021e-05,False
Mexico,2011,76.1,74.47732939737313,1.6226706026268687,0.4094282496543035,3.177556896163835e-05,False
Nicaragua,2008,72.5,70.81274978461707,1.6872502153829316,0.42570580498720356,3.1756648454153545e-05,False
Cambodia,2003,63.0,61.269825524064125,1.7301744759358755,0.43652434667747564,3.157709943662054e-05,False
Nepal,2005,65.4,66.94431273541831,-1.544312735418302,-0.3896771781101616,3.1557982060352936e-05,False
Denmark,2006,78.1,79.2592239615734,-1.159223961573403,-0.2926432895287253,3.148136491960346e-05,False
Kuwait,2014,74.6,75.64889911049814,-1.0488991104981409,-0.2648554239306928,3.147717447261465e-05,False
Ethiopia,2010,61.8,60.29777853155617,1.5022214684438282,0.3790682909398215,3.146942471733848e-05,False
Togo,2001,54.6,53.72113640478412,0.8788635952158828,0.2220448087320826,3.1465517471219565e-05,False
Tonga,2014,73.3,75.20986198081874,-1.9098619808187465,-0.48182007748275224,3.141073352427722e-05,False
Seychelles,2001,72.0,73.56192077361163,-1.5619207736116323,-0.39411200944473457,3.116063974767863e-05,False
Guatemala,2011,71.1,69.39295753854474,1.7070424614552593,0.43068964712510527,3.102571141431103e-05,False
Bhutan,2012,68.7,70.37428912795347,-1.6742891279534717,-0.42243316907761486,3.095960495736673e-05,False
Peru,2006,74.2,72.23542513141113,1.964574868588869,0.49561021105293945,3.0872405491349555e-05,False
Bosnia and Herzegovina,2012,76.8,75.54321733022371,1.2567826697762854,0.31721472092845837,3.0836567415496764e-05,False
El Salvador,2003,69.9,71.70702569188967,-1.8070256918896632,-0.45589142955803164,3.075242820275245e-05,False
Peru,2002,72.6,71.41260300749047,1.1873969925095196,0.29973231980790394,3.06757174778592e-05,False
Iceland,2013,82.4,81.42283742094305,0.9771625790569516,0.2467810840436694,3.064582457582672e-05,False
Serbia,2006,73.6,75.03277968942815,-1.432779689428159,-0.36155960242252466,3.0459783972642302e-05,False
Chile,2005,78.4,76.48311253209661,1.9168874679033934,0.48358519798319444,3.0439359485011865e-05,False
Chad,2002,48.1,48.85136383780956,-0.7513638378095564,-0.18994703085501996,3.038114360763207e-05,False
Papua New Guinea,2008,61.4,63.12136077016898,-1.7213607701689781,-0.43429419753586884,3.0347581809946496e-05,False
Albania,2011,76.6,74.64217458849457,1.957825411505425,0.49390514816765296,3.0302165990879854e-05,False
Ukraine,2012,77.0,75.51187701350787,1.4881229864921295,0.3755055659411721,3.026420911089252e-05,False
Brunei Darussalam,2012,78.3,77.35921075890242,0.9407892410975762,0.23761798990401478,3.0254191794267424e-05,False
Georgia,2003,72.7,71.31062190775764,1.3893780922423673,0.350619477857644,3.0141762809592162e-05,False
Morocco,2010,72.8,71.30503662158003,1.4949633784199676,0.37722841784877365,3.012382873717899e-05,False
Cambodia,2011,67.0,68.98497112468948,-1.98497112468948,-0.5007477995736994,3.0111970248652173e-05,False
Bulgaria,2001,71.6,73.50012661842844,-1.9001266184284447,-0.47935671541804437,2.995802626077934e-05,False
Albania,2004,73.0,71.44529245875557,1.5547075412444258,0.39228468966379043,2.994025501692199e-05,False
Guatemala,2012,71.3,69.71130251193092,1.588697488069073,0.40085088714963407,2.982295329457939e-05,False
Solomon Islands,2009,68.1,69.20517449804007,-1.1051744980400713,-0.2790103965666421,2.97574632153852e-05,False
Bosnia and Herzegovina,2014,77.2,75.89304493719305,1.3069550628069493,0.32984373787957144,2.9463751453818965e-05,False
Uruguay,2009,76.6,78.02074278331047,-1.420742783310473,-0.3585166258276601,2.93131841337032e-05,False
Kuwait,2003,73.4,74.75290435088232,-1.3529043508823122,-0.3414205756459417,2.926245601933949e-05,False
Panama,2006,76.2,74.44922472821371,1.7507752717862957,0.4417014732374137,2.924874185175125e-05,False
Guinea-Bissau,2004,53.5,54.77306707555102,-1.273067075551019,-0.3213022356770289,2.917998406969104e-05,False
Germany,2009,80.0,80.8769401352844,-0.8769401352844,-0.22152765408432207,2.900731113058401e-05,False
Mexico,2008,75.6,74.11422811755531,1.4857718824446806,0.37490074152860414,2.8724647405198622e-05,False
Papua New Guinea,2011,62.0,63.525857685743844,-1.5258576857438442,-0.3850010279408162,2.835318987988788e-05,False
Peru,2010,73.7,72.1862003699769,1.513799630023101,0.3819611764708055,2.8264671917711634e-05,False
Norway,2010,81.0,81.95446634564286,-0.9544663456428566,-0.24103625711694532,2.8205576975267912e-05,False
Netherlands,2004,79.2,80.35652216760906,-1.1565221676090545,-0.2919274296450303,2.8033229301408726e-05,False
Morocco,2001,69.0,67.83893201771033,1.1610679822896657,0.29307233281851,2.8000278737667262e-05,False
Myanmar,2006,64.2,63.11901425113888,1.0809857488611243,0.27289650472976723,2.7825201752465553e-05,False
Zimbabwe,2012,56.6,55.70625449199882,0.8937455080011816,0.22574178173986317,2.7761670813226063e-05,False
Mauritius,2000,71.0,72.60691423253472,-1.60691423253472,-0.40542636382678604,2.7640017098030446e-05,False
Cameroon,2007,53.6,52.606338408055926,0.9936615919440754,0.25089875668653167,2.754588153508246e-05,False
Estonia,2001,78.0,76.3750945736343,1.6249054263657001,0.4099603166123247,2.7498837047554117e-05,False
Montenegro,2011,75.4,77.14242341873049,-1.742423418730482,-0.43958407784455006,2.74818987639798e-05,False
Oman,2002,73.3,72.201925218079,1.0980747819209995,0.2771965297364078,2.738711494304241e-05,False
Malaysia,2010,74.1,72.59372780006991,1.5062721999300805,0.38005610145553337,2.7268083339343514e-05,False
El Salvador,2005,71.0,72.94648628192307,-1.9464862819230717,-0.49102714521099594,2.713960999542022e-05,False
Denmark,2003,77.3,78.47835066681043,-1.1783506668104309,-0.29741653848092076,2.7009377950316086e-05,False
Mauritania,2001,61.0,59.84146678885629,1.1585332111437125,0.2924205499829176,2.670923495069525e-05,False
China,2012,75.4,73.82602865962538,1.5739713403746265,0.3971156444124538,2.6702000256018777e-05,False
Burkina Faso,2002,51.0,50.182950978056404,0.8170490219435962,0.2064176977657946,2.654537305848634e-05,False
Senegal,2007,62.1,61.132317183796516,0.9676828162034852,0.24434216843948647,2.6386754851552864e-05,False
Australia,2002,79.9,80.47853317525517,-0.5785331752551599,-0.14642322290866336,2.6349985294777124e-05,False
Cuba,2008,77.9,78.72179228968143,-0.8217922896814258,-0.20760758643279945,2.6264196944856048e-05,False
Mexico,2009,75.7,74.14304802150313,1.556951978496869,0.3928223576638093,2.6260924306418953e-05,False
South Africa,2007,54.5,53.94294120253417,0.5570587974658281,0.1410236974208217,2.6127548078756142e-05,False
Armenia,2006,72.9,71.17982939221659,1.720170607783416,0.43396451974957523,2.6046914204514948e-05,False
Brazil,2014,74.8,76.06156261785827,-1.2615626178582744,-0.3183739748728928,2.6036185179049357e-05,False
Barbados,2008,74.4,75.83737629494019,-1.4373762949401794,-0.3626813141769181,2.6011619204697714e-05,False
Indonesia,2002,66.7,67.29406316091143,-0.594063160911432,-0.15031855814468173,2.5991367841979945e-05,False
Denmark,2001,77.0,78.20820783756743,-1.2082078375674286,-0.30492785660536215,2.584937218251401e-05,False
New Zealand,2005,79.9,80.76822063569008,-0.8682206356900792,-0.21928982003695174,2.5847782610633957e-05,False
Belize,2005,69.0,70.6521566637098,-1.6521566637098033,-0.4168173472810555,2.5795425903572626e-05,False
Uruguay,2011,77.0,78.3116496816525,-1.3116496816524972,-0.33099137356554514,2.5554352765583356e-05,False
Bosnia and Herzegovina,2005,75.0,73.62067892371829,1.3793210762817125,0.34804536784966805,2.5515476969300362e-05,False
Saudi Arabia,2006,73.2,74.34249458905205,-1.142494589052049,-0.2883670989646782,2.5486229293117892e-05,False
Belize,2004,68.7,70.30614829776648,-1.606148297766481,-0.4052173640920235,2.5482883382905296e-05,False
Jordan,2012,73.7,72.52598496221725,1.1740150377827518,0.2963075231558728,2.535752830831514e-05,False
Botswana,2012,63.4,62.328732365527586,1.071267634472413,0.2704205615484188,2.5288286620124362e-05,False
Morocco,2002,69.5,68.36046251885102,1.1395374811489773,0.287617640372511,2.5060493448422945e-05,False
Albania,2014,77.5,75.6983913058179,1.801608694182093,0.4544882548975475,2.5042244649504575e-05,False
Mexico,2005,75.3,73.88119228961814,1.4188077103818557,0.3579926632132939,2.496920034536189e-05,False
Uzbekistan,2007,67.8,68.76072688450256,-0.9607268845025629,-0.24257258342604707,2.493944050479534e-05,False
Serbia,2002,72.9,74.22618248980964,-1.3261824898096393,-0.3346477649240296,2.4881577071731693e-05,False
Panama,2005,75.8,74.15706244175848,1.6429375582415133,0.414485935949475,2.4763624064591755e-05,False
New Zealand,2000,78.6,79.75173399505344,-1.1517339950534478,-0.2906873255714467,2.474283756340388e-05,False
Guinea,2001,52.5,53.446521542175944,-0.9465215421759439,-0.23899237445414603,2.473343943980157e-05,False
Sri Lanka,2002,73.7,72.32444657737372,1.3755534226262824,0.34708853699407705,2.467019006154321e-05,False
Tonga,2002,71.9,73.74421014647847,-1.84421014647846,-0.46522570795971685,2.460561822732367e-05,False
Vanuatu,2013,71.6,70.31463193700982,1.2853680629901731,0.32435927934510955,2.457400692134821e-05,False
China,2009,74.9,73.26822351926008,1.63177648073993,0.4116707761487674,2.4538628125320086e-05,False
Ecuador,2002,73.6,71.67884691853932,1.9211530814606732,0.48462307887518224,2.4370924003761822e-05,False
Spain,2012,82.0,80.97893792458154,1.021062075418456,0.25776242343777206,2.432408843490041e-05,False
Iraq,2013,69.5,68.93858128771946,0.5614187122805419,0.14208043742862408,2.4276559576759305e-05,False
Mauritius,2002,71.5,73.14287278844301,-1.6428727884430145,-0.41446592805788407,2.425413548532592e-05,False
Pakistan,2004,63.7,62.90973087297217,0.7902691270278339,0.19964046099862015,2.4062731543780347e-05,False
Cuba,2005,77.2,75.9926399145365,1.207360085463506,0.30469615407773903,2.4005056072787087e-05,False
Tajikistan,2012,68.8,70.35350643354776,-1.553506433547767,-0.39193660659473434,2.400065390608687e-05,False
Switzerland,2000,79.7,78.77428266780308,0.9257173321969248,0.23374225443895738,2.3891113623156757e-05,False
Tonga,2009,72.5,71.84895159994221,0.651048400057789,0.1646060056377887,2.3882658488924445e-05,False
Italy,2003,79.9,78.72103735538866,1.178962644611346,0.29753885477104397,2.3836191183347294e-05,False
Nepal,2010,68.0,69.6185421163609,-1.6185421163608993,-0.40832825961987623,2.367045803814206e-05,False
Nicaragua,2010,73.2,71.71782853910553,1.4821714608944774,0.373952646672269,2.3642148806972415e-05,False
Turkey,2013,75.2,76.6555789793316,-1.455578979331591,-0.3672477111126914,2.3385066335232934e-05,False
Solomon Islands,2013,68.8,67.7592042548678,1.0407957451322005,0.2627208491114079,2.321503336400286e-05,False
Belize,2006,69.4,70.9112104432712,-1.511210443271196,-0.3812689073077129,2.3208752706385904e-05,False
Brazil,2005,72.7,73.78795160189696,-1.087951601896961,-0.27459891964374467,2.3019049501560692e-05,False
Uganda,2012,60.0,58.876644219382825,1.1233557806171746,0.2835189941131661,2.300039504128443e-05,False
Guinea,2010,57.8,59.18854409519769,-1.3885440951976946,-0.3503483404262552,2.3000098464054378e-05,False
Grenada,2000,74.0,75.72899737613685,-1.7289973761368458,-0.4361681442266543,2.2910185170193705e-05,False
Sri Lanka,2003,73.9,72.54441071798244,1.3555892820175615,0.34204138918759974,2.288347569734618e-05,False
Netherlands,2005,79.4,80.34284487333466,-0.94284487333465,-0.2380422179685808,2.2803149472321366e-05,False
Cambodia,2009,66.1,67.62627568103848,-1.5262756810384843,-0.3850632131277321,2.2798857934129132e-05,False
Slovenia,2010,79.5,80.48642661256443,-0.9864266125644292,-0.24901964393752013,2.278715090172572e-05,False
Kuwait,2001,73.2,74.43573696983569,-1.2357369698356848,-0.3118325956994243,2.2518004985569517e-05,False
Serbia,2004,73.0,74.40172876612489,-1.40172876612489,-0.3536669665604355,2.2467131807361134e-05,False
Solomon Islands,2008,68.0,67.02274085764952,0.9772591423504764,0.24670602068353756,2.2425964525643622e-05,False
Burundi,2006,54.1,54.67668779234488,-0.5766877923448774,-0.14587975061244335,2.2413053737253414e-05,False
Chad,2007,49.4,50.228069573595064,-0.8280695735950658,-0.2091293207547677,2.2165347320628894e-05,False
Montenegro,2010,75.3,76.89695505287241,-1.596955052872417,-0.40287521498786855,2.2149462315538555e-05,False
Morocco,2009,72.3,71.05882354139533,1.24117645860467,0.31319912594733335,2.2071788923609017e-05,False
Bhutan,2010,67.9,69.68740751386494,-1.7874075138649346,-0.4508882695903103,2.2064849951613144e-05,False
Serbia,2012,74.9,75.96476022737369,-1.0647602273736823,-0.26874415351075503,2.1951022189895416e-05,False
Peru,2005,72.8,71.36202524861824,1.4379747513817591,0.36279797454903506,2.186843799920792e-05,False
Azerbaijan,2014,72.5,73.84349540391898,-1.343495403918979,-0.33898375908663175,2.1801929281113008e-05,False
Azerbaijan,2010,71.1,72.56504694051138,-1.4650469405113853,-0.369619994919477,2.1633258405566463e-05,False
Tonga,2001,71.8,73.60800820975567,-1.8080082097556698,-0.4560787255477082,2.1555623447698282e-05,False
Rwanda,2001,48.6,49.3202153400934,-0.7202153400933966,-0.18196532546727567,2.135227190078825e-05,False
Mexico,2010,75.6,74.23133404556006,1.3686659544399333,0.3453239005593253,2.134724209022736e-05,False
Norway,2005,81.0,81.8735464689798,-0.8735464689797965,-0.22056962659989357,2.1327599004087333e-05,False
South Africa,2006,54.0,53.505267107785954,0.4947328922140457,0.12526122698079004,2.1283850615390003e-05,False
Botswana,2010,61.1,61.90507325441058,-0.8050732544105799,-0.20332634346010048,2.1282743200723508e-05,False
Oman,2001,72.9,71.91445863808383,0.9855413619161766,0.2487784754754468,2.1272911100997194e-05,False
Saudi Arabia,2012,74.1,75.34653651562695,-1.246536515626957,-0.31454199393536253,2.123757007395712e-05,False
Cuba,2006,78.0,76.5321050840362,1.4678949159637966,0.37033458340285413,2.1225522207684112e-05,False
Brunei Darussalam,2013,77.1,77.92233453693436,-0.8223345369343633,-0.20767113761720907,2.1178730877325186e-05,False
Jordan,2014,74.0,72.83659199775657,1.163408002243429,0.29359129766163744,2.1067462663090568e-05,False
Brunei Darussalam,2007,76.0,76.8388055301273,-0.8388055301273027,-0.2118165353944342,2.102382941955578e-05,False
Suriname,2013,71.2,72.69076243012333,-1.4907624301233255,-0.37609547893939976,2.080022984471755e-05,False
New Zealand,2004,79.2,80.0225660526589,-0.8225660526588996,-0.20772214284641283,2.067072784043923e-05,False
Israel,2002,79.3,78.04674135790331,1.2532586420966823,0.31622991265536443,2.0582718081939204e-05,False
Sao Tome and Principe,2008,65.4,66.79369161385405,-1.3936916138540454,-0.35162500422577503,2.0563208974969547e-05,False
Saudi Arabia,2005,73.1,74.12602107488951,-1.0260210748895133,-0.25896719620688663,2.0473400677165988e-05,False
Armenia,2000,72.0,70.6652465970325,1.3347534029674932,0.33676711607163934,2.0303845197533704e-05,False
Azerbaijan,2006,69.2,68.65760506926065,0.5423949307393485,0.13721509269793428,2.0298702459750657e-05,False
Jordan,2010,73.4,74.67260929722599,-1.2726092972259835,-0.32110393043931623,2.0270730366796228e-05,False
Nepal,2007,66.6,67.9319223489639,-1.3319223489639,-0.33605218165999623,2.0149775068628073e-05,False
Mauritius,2001,71.5,72.86075666408497,-1.360756664084974,-0.34331976568080347,2.0130234802811345e-05,False
Vanuatu,2014,71.7,70.46119186316204,1.2388081368379602,0.31258349044917805,2.0107978221432086e-05,False
Montenegro,2012,75.6,77.07104107537475,-1.4710410753747567,-0.3711180030393951,2.0030942538547817e-05,False
Morocco,2007,71.4,70.2380870387058,1.161912961294206,0.2932034203161699,1.997568713542068e-05,False
Tonga,2000,71.6,72.56804768691127,-0.9680476869112766,-0.24435553047226116,1.9957246686649093e-05,False
Colombia,2005,73.1,71.73128175299459,1.368718247005404,0.3453247722016543,1.9926977539869555e-05,False
Ghana,2004,58.3,57.23236287747417,1.0676371225258237,0.2694454596136752,1.9830013209614268e-05,False
Guinea-Bissau,2005,53.9,54.92577120661579,-1.0257712066157936,-0.25889646264383004,1.9799298617614e-05,False
Tajikistan,2007,66.1,66.93982174794586,-0.8398217479458623,-0.21205342622495,1.9671920324435796e-05,False
Turkey,2011,74.5,75.84451528840768,-1.3445152884076776,-0.33922014696313624,1.9459414818990895e-05,False
Barbados,2010,74.7,74.24110384880993,0.4588961511900749,0.11621427642478088,1.935986595699234e-05,False
Tunisia,2013,74.9,76.37271045655285,-1.4727104565528464,-0.3715329801496144,1.930656765505558e-05,False
Azerbaijan,2011,71.6,72.86934560008812,-1.2693456000881298,-0.3202713691894136,1.9200227438566267e-05,False
Bahrain,2002,74.9,73.68192460308981,1.2180753969101943,0.3073494947858929,1.919696861788699e-05,False
Vanuatu,2012,71.4,70.28648299824958,1.1135170017504237,0.28099914789978203,1.9159348908510093e-05,False
Solomon Islands,2001,66.2,65.46696693578443,0.7330330642155758,0.18515616295207243,1.915472170651319e-05,False
Iceland,2000,79.7,80.61575065301595,-0.915750653015948,-0.23116970846972415,1.9048056883466922e-05,False
Lithuania,2006,76.0,76.92193597632593,-0.9219359763259263,-0.23272544079975951,1.88611582864251e-05,False
Albania,2013,77.2,75.6728387424453,1.5271612575547096,0.3852552507329327,1.8785026928772923e-05,False
Sao Tome and Principe,2003,63.4,64.09508870092431,-0.695088700924309,-0.17559679606700965,1.8702760927137385e-05,False
Cuba,2007,78.1,77.37802495982142,0.7219750401785774,0.182360245657411,1.8413407445601202e-05,False
Poland,2011,76.7,77.99061467786255,-1.2906146778625498,-0.32562481418235173,1.8407601895657703e-05,False
Luxembourg,2000,77.8,76.94825558348923,0.851744416510769,0.21503846754755257,1.8398778813331086e-05,False
Panama,2003,75.5,74.14367322512675,1.3563267748732528,0.34218762161462224,1.83503863228495e-05,False
Algeria,2014,75.4,74.35038185084296,1.049618149157041,0.26488790110246474,1.829153240375705e-05,False
Comoros,2007,66.0,66.86465345386858,-0.8646534538685842,-0.2182882479727151,1.8272591413472825e-05,False
Nepal,2008,67.0,68.26200137093272,-1.2620013709327225,-0.3184107894137434,1.818491513987849e-05,False
Slovenia,2011,79.8,80.66364571682193,-0.8636457168219351,-0.21803313855619783,1.8179376797911516e-05,False
Rwanda,2011,63.8,64.97042658653365,-1.170426586533651,-0.29533042126627557,1.8151055230675003e-05,False
Nicaragua,2005,71.2,69.6101001519888,1.5898998480111999,0.40106548487884464,1.7971156415230395e-05,False
Thailand,2004,71.6,70.39454980967172,1.2054501903282784,0.3041551068718574,1.7924861144434735e-05,False
Uganda,2009,57.5,56.747360123589985,0.7526398764100151,0.1900673866582407,1.755751427286023e-05,False
Poland,2010,76.3,77.58894602680716,-1.2889460268071673,-0.3251957138139756,1.7482419025151087e-05,False
Mauritania,2014,63.0,64.07601294578345,-1.0760129457834466,-0.2715298872021858,1.746373785497806e-05,False
Turkey,2009,73.9,72.55047725194468,1.3495227480553211,0.3404642317146438,1.7402889269949914e-05,False
Malaysia,2013,74.6,73.27718842425662,1.3228115757433727,0.3337310734208283,1.738919291909315e-05,False
Turkey,2002,71.2,69.98520185509423,1.214798144905771,0.30650445436755025,1.724183660577915e-05,False
Bahrain,2005,75.3,76.21028318157512,-0.9102831815751244,-0.2297673659603932,1.7119733550708152e-05,False
Azerbaijan,2013,72.2,73.36517511548762,-1.1651751154876138,-0.2939949327648607,1.6971410549737836e-05,False
Malaysia,2012,74.5,73.22167544160224,1.278324558397756,0.32251291225558054,1.6879952659162042e-05,False
Brazil,2006,73.0,73.95842063450814,-0.9584206345081441,-0.24189011056010537,1.6705111668907865e-05,False
Paraguay,2014,73.9,73.01914779725647,0.8808522027435401,0.222346850914943,1.6656623233978254e-05,False
Jordan,2005,72.4,73.1591423328256,-0.75914233282559,-0.19168897722135203,1.654252750429058e-05,False
Croatia,2001,74.9,73.64596848264848,1.254031517351521,0.3163862295314866,1.651512131745461e-05,False
Azerbaijan,2012,71.9,73.07770821931,-1.1777082193099915,-0.297147580695206,1.6364923696927196e-05,False
Ghana,2000,57.2,56.378604350665476,0.8213956493345265,0.20736446503199465,1.629429573713247e-05,False
Colombia,2010,73.6,72.35229295926295,1.2477070407370405,0.31478992539758704,1.6285856294679434e-05,False
Cambodia,2008,65.6,67.04548336334776,-1.445483363347762,-0.3646444667311271,1.624792645318027e-05,False
Croatia,2000,74.7,73.53951515744347,1.160484842556528,0.2928046068657359,1.616561872274459e-05,False
Tajikistan,2001,64.0,64.62274007113014,-0.6227400711301385,-0.1573368114652995,1.5926255610119405e-05,False
Montenegro,2008,74.6,76.00930331391824,-1.4093033139182438,-0.355520927175987,1.5909667965629785e-05,False
Portugal,2005,77.7,78.52802711454515,-0.8280271145451508,-0.2090284841201877,1.5847724403553384e-05,False
Trinidad and Tobago,2010,74.0,72.96174485368736,1.0382551463126362,0.2619964234010634,1.581591438179292e-05,False
Iceland,2010,81.8,82.56953714739318,-0.76953714739318,-0.19429535991807304,1.5798515909777732e-05,False
Germany,2000,78.0,78.61362692233041,-0.6136269223304112,-0.1550384394395472,1.5677757732098786e-05,False
Serbia,2011,74.6,75.49350759069782,-0.8935075906978227,-0.2255208061380778,1.5582071711761093e-05,False
Greece,2003,79.1,78.12208344689239,0.9779165531076046,0.24678808680242323,1.5524731244404112e-05,False
Iceland,2009,81.6,80.86069748937072,0.7393025106292725,0.1866751036984525,1.5432747052498547e-05,False
Tunisia,2011,74.8,76.13906170957739,-1.3390617095773933,-0.3378083974512217,1.526769818150816e-05,False
Niger,2006,54.5,55.05779168779772,-0.5577916877977174,-0.14097915652686846,1.5235831708057386e-05,False
Bahrain,2011,76.1,75.12309779114457,0.9769022088554209,0.24652892530513315,1.5230843533824886e-05,False
Guyana,2005,65.0,64.02277328072239,0.9772267192776098,0.2466100613546891,1.5178372939561019e-05,False
Morocco,2008,71.8,70.80321350220338,0.9967864977966201,0.25153879003141505,1.5165052651495517e-05,False
Turkey,2014,75.5,76.69183222809008,-1.1918322280900782,-0.3006941525110759,1.5031961757539547e-05,False
Tajikistan,2008,66.4,67.20279688070369,-0.8027968807036814,-0.2026599850183571,1.4949355875941e-05,False
Montenegro,2009,75.0,76.35612769356351,-1.3561276935635078,-0.3421058140694943,1.4736438494516304e-05,False
Georgia,2007,74.4,73.24724184926262,1.1527581507373839,0.29084151825497484,1.4641118190232579e-05,False
Tunisia,2012,74.9,76.20774974175103,-1.3077497417510244,-0.3299090506224804,1.4581498962283462e-05,False
Suriname,2014,71.4,72.63705938197187,-1.2370593819718607,-0.31208869231353215,1.446899503172847e-05,False
Kenya,2011,61.2,62.1339132886209,-0.9339132886209001,-0.2356869528692931,1.4462619306512727e-05,False
Maldives,2005,74.3,73.48940190557317,0.8105980944268225,0.2046122925203939,1.4070620762865347e-05,False
United Arab Emirates,2014,76.9,76.19163791824583,0.7083620817541743,0.17886060744351717,1.4055518182617327e-05,False
Solomon Islands,2011,68.5,69.37055082086295,-0.8705508208629453,-0.2197160559267978,1.4030464198510046e-05,False
Burkina Faso,2005,53.3,53.8273671772718,-0.527367177271806,-0.13329429809361837,1.3836696335695464e-05,False
Solomon Islands,2010,68.3,69.11181027595146,-0.8118102759514585,-0.20491416444377927,1.3830481851891798e-05,False
Georgia,2000,71.8,70.63500036814584,1.1649996318541582,0.2939179577342206,1.3754860503427478e-05,False
Cambodia,2010,66.6,67.94775989789426,-1.3477598978942638,-0.3399857693402965,1.3530741094472713e-05,False
Uruguay,2002,75.4,74.54833324264649,0.851666757353513,0.21495100736100703,1.3510895702698697e-05,False
Montenegro,2013,75.8,77.04199252796198,-1.2419925279619832,-0.3133229784523729,1.350517407377463e-05,False
Liberia,2007,57.9,57.39368450032133,0.5063154996786707,0.12799008198451378,1.3474651308110836e-05,False
Tunisia,2014,75.1,76.35526152806182,-1.2552615280618227,-0.3166673331284335,1.3454783482745942e-05,False
Niger,2008,56.0,56.55159432408743,-0.5515943240874321,-0.13938160770541758,1.3436990882384109e-05,False
Papua New Guinea,2007,61.1,62.20865301608089,-1.1086530160808863,-0.27971154961331857,1.3370714890031196e-05,False
Guinea-Bissau,2014,58.4,59.362433156632235,-0.9624331566322368,-0.24285780495175438,1.3187273754418916e-05,False
Libya,2000,78.0,77.14318697773804,0.8568130222619601,0.21624310375671973,1.31834585580369e-05,False
Sri Lanka,2005,74.2,73.06872680148922,1.1312731985107831,0.2854101347528432,1.3096709597769619e-05,False
Lebanon,2005,73.9,74.8606225975264,-0.9606225975263953,-0.24240035467743615,1.3091748528500927e-05,False
Peru,2013,75.3,74.21487818395221,1.0851218160477885,0.2737774416971629,1.3081244618311564e-05,False
Suriname,2008,69.8,68.6497121548259,1.1502878451740912,0.29020192870712036,1.2997248664945007e-05,False
Nepal,2014,69.6,70.25970429594602,-0.6597042959460282,-0.16658874092523254,1.2990738920761732e-05,False
Albania,2012,76.9,75.6345298363279,1.2654701636721057,0.31923636650450504,1.2988697724616712e-05,False
Morocco,2003,69.9,68.99990564873696,0.9000943512630499,0.22714528095428443,1.2920196537748871e-05,False
Iraq,2008,69.3,70.1847836342871,-0.8847836342871034,-0.2232865554105608,1.2867366568721428e-05,False
Brunei Darussalam,2001,74.7,75.52943990835865,-0.8294399083586512,-0.20934178147916963,1.2862929685701712e-05,False
Jordan,2011,73.6,72.80243240057911,0.7975675994208871,0.20131121051247472,1.2823364592411574e-05,False
Guinea,2005,54.7,54.040989937261386,0.6590100627386164,0.16641032996173136,1.2790374727952933e-05,False
Pakistan,2003,63.5,62.91827112745527,0.5817288725447298,0.14695188235781653,1.2749845148807374e-05,False
Bahrain,2004,75.2,76.02204064065528,-0.822040640655274,-0.2074754476123554,1.2717584266597616e-05,False
Poland,2013,77.1,76.12845118412959,0.9715488158704062,0.2451491334199767,1.2704529736054634e-05,False
Latvia,2007,78.0,77.14391194466663,0.8560880553333732,0.21605349895438855,1.2681652581922551e-05,False
Sao Tome and Principe,2006,64.7,65.62059647649899,-0.9205964764989858,-0.23230816159919218,1.2653287282695063e-05,False
Algeria,2000,71.3,70.28463107123527,1.0153689287647296,0.2561911296731007,1.2561030478384011e-05,False
Seychelles,2006,72.2,73.16855789992798,-0.9685578999279727,-0.24439311698742486,1.2519843626745e-05,False
Croatia,2005,75.2,74.04128018885652,1.1587198111434844,0.29232190781826095,1.2468875281842975e-05,False
Slovenia,2003,76.5,77.27746451234073,-0.7774645123407282,-0.19623789894103189,1.2245701568692545e-05,False
Ukraine,2001,67.7,68.30693833002024,-0.6069383300202418,-0.1532874421213547,1.2194807323800661e-05,False
Suriname,2000,67.4,67.78249143791636,-0.3824914379163573,-0.09682272030135962,1.206568417005415e-05,False
Senegal,2013,66.0,65.21471371071584,0.7852862892841586,0.19820498129898215,1.2013915044538481e-05,False
Papua New Guinea,2004,59.9,60.58417630621224,-0.6841763062122439,-0.17273312836854574,1.1924197367489036e-05,False
Croatia,2008,76.0,76.94176492020168,-0.9417649202016776,-0.23763209086361473,1.1815167655224443e-05,False
Samoa,2004,71.4,70.8902510562133,0.509748943786704,0.12881505758253023,1.1795276433431118e-05,False
Guinea-Bissau,2007,55.0,55.79105036779418,-0.7910503677941776,-0.1996539034935279,1.1793567293038546e-05,False
Canada,2004,80.0,79.29843947927273,0.7015605207272699,0.17710909400865693,1.1762689660525662e-05,False
Tunisia,2009,74.7,75.91360530274225,-1.213605302742252,-0.30614955053350457,1.1692166591472209e-05,False
Cabo Verde,2013,72.8,73.93459671479953,-1.1345967147995282,-0.2862327878964074,1.1656257400996354e-05,False
Greece,2007,79.4,80.12024837399426,-0.7202483739942522,-0.18181443422266305,1.1637796147013132e-05,False
Netherlands,2006,79.8,80.48219201790609,-0.6821920179060896,-0.17222821991612414,1.1628273900913272e-05,False
Croatia,2007,75.8,76.78663755159441,-0.9866375515944128,-0.24893737266563787,1.1506624705962615e-05,False
Vanuatu,2011,71.2,70.33259593524899,0.867404064751014,0.218887696329438,1.1429085414930969e-05,False
Haiti,2014,63.1,63.7281096865714,-0.6281096865713991,-0.15860271559193273,1.1369094484072002e-05,False
Senegal,2002,58.4,58.8032644503668,-0.40326445036679814,-0.1020214777102902,1.1351776963624738e-05,False
Finland,2010,79.9,79.16828999362033,0.7317100063796715,0.18469624655955624,1.129844797874716e-05,False
Senegal,2014,66.4,65.59969236436791,0.8003076356320946,0.20197573070534686,1.1080176387685805e-05,False
Spain,2001,79.4,78.4492230801373,0.9507769198627045,0.23989331121647237,1.1015883363488686e-05,False
Guinea,2006,55.6,56.34524153400828,-0.7452415340082794,-0.18810023990688327,1.0986624833709498e-05,False
El Salvador,2009,71.4,72.70860767812238,-1.308607678122371,-0.33009261843579857,1.0976766907338352e-05,False
Mauritius,2014,74.2,75.07791873631383,-0.8779187363138305,-0.22153093448401756,1.0954147817074526e-05,False
Bahrain,2009,76.0,76.77718585690106,-0.7771858569010561,-0.19614619162409144,1.0833956818662461e-05,False
Guinea,2007,56.4,55.77186550565718,0.6281344943428167,0.15859804360390267,1.0788525190855737e-05,False
Barbados,2000,73.3,72.34129506879336,0.9587049312066398,0.24188801410485147,1.0740584328309416e-05,False
Iceland,2001,80.0,80.69040677439565,-0.6904067743956546,-0.17428096669848286,1.067223214475571e-05,False
Morocco,2014,74.1,73.01286255482569,1.0871374451743065,0.2742588972121796,1.0646089256763873e-05,False
Poland,2012,76.8,77.79412673491505,-0.9941267349150564,-0.2508132696215366,1.05302309542499e-05,False
Greece,2004,79.2,78.39199404867114,0.808005951328866,0.20390713196098326,1.0511459980007012e-05,False
Morocco,2006,71.0,70.16446089049273,0.8355391095072662,0.21084440811540342,1.045867115619487e-05,False
Guinea-Bissau,2001,52.5,53.13919674766491,-0.6391967476649114,-0.1613777918937689,1.04472601289023e-05,False
Slovenia,2004,77.2,77.9073738495317,-0.7073738495316917,-0.1785507784239315,1.0409018784855522e-05,False
Solomon Islands,2007,67.6,66.93641552377333,0.6635844762266601,0.16751878482846544,1.0348108713520367e-05,False
Saudi Arabia,2004,73.1,73.86592656424264,-0.7659265642426476,-0.19330076283608935,1.0279021585250544e-05,False
Zambia,2012,59.2,58.83275767026314,0.367242329736861,0.09293544902490575,1.0268953475547986e-05,False
Montenegro,2014,75.9,76.97633265835988,-1.076332658359874,-0.27153009426834823,1.0170230709309512e-05,False
Guyana,2003,65.3,64.24407207915431,1.05592792084569,0.26638621805815865,1.0131349825242972e-05,False
Portugal,2004,78.0,77.34000222716652,0.6599977728334778,0.16661070166629277,1.0090015043099665e-05,False
Solomon Islands,2002,66.5,65.90313336888377,0.5968666311162281,0.15070938210108123,1.0057376032334564e-05,False
Tajikistan,2014,69.6,68.94031423765794,0.6596857623420505,0.16653146583839668,1.0054232564716868e-05,False
Seychelles,2010,72.4,71.80477787412262,0.5952221258773847,0.1502948897851801,1.0039863905713527e-05,False
Botswana,2011,62.2,62.76013435629632,-0.5601343562963166,-0.14145796738572064,9.977114318019595e-06,False
Uganda,2006,54.9,55.38857782240929,-0.48857782240929026,-0.12344329648730484,9.934341072451142e-06,False
Solomon Islands,2012,68.7,69.42880414198092,-0.7288041419809161,-0.18394136159929841,9.892252258921172e-06,False
Denmark,2011,79.7,80.17393432594086,-0.47393432594085994,-0.1197547887894638,9.80335717499031e-06,False
Tunisia,2008,74.7,73.97668776510625,0.7233122348937542,0.18255529047172883,9.746167409946028e-06,False
Guinea-Bissau,2006,54.4,55.11488965735309,-0.7148896573530905,-0.18043180162052644,9.659284734612692e-06,False
Latvia,2003,78.0,76.97618239205366,1.0238176079463415,0.2582858453409815,9.572399985475333e-06,False
China,2014,75.8,74.81947645925553,0.9805235407444712,0.247372753332027,9.549257716047434e-06,False
New Zealand,2014,81.5,81.95667666928252,-0.4566766692825155,-0.11540529807889563,9.538515571560377e-06,False
Bahrain,2010,76.1,75.28902001704407,0.8109799829559279,0.204641388179652,9.474827432302887e-06,False
Mozambique,2011,54.3,53.72685686062695,0.5731431393730446,0.14472281221844618,9.452772593286544e-06,False
Estonia,2013,76.9,77.64306378656651,-0.7430637865665091,-0.18752682329850198,9.432636365998605e-06,False
China,2011,75.2,74.20153305744338,0.9984669425566182,0.2518938920077522,9.408775009610634e-06,False
Seychelles,2009,72.3,72.98614000723548,-0.6861400072354797,-0.17318299784178842,9.329731351511009e-06,False
Azerbaijan,2002,67.8,67.42671637838257,0.373283621617432,0.09442369862140969,9.314293705386537e-06,False
Serbia,2003,73.0,73.94855718855928,-0.9485571885592776,-0.2393118356106014,9.253485754549847e-06,False
Cabo Verde,2008,72.4,71.49894168389183,0.9010583161081769,0.2273396308154066,9.229427650717795e-06,False
Ghana,2005,58.9,58.15077556741316,0.7492244325868356,0.1890746188114019,9.147634595376611e-06,False
Togo,2007,55.9,56.41222631354718,-0.5122263135471812,-0.12937727333925902,9.13501150476723e-06,False
Togo,2003,54.7,55.20289628826675,-0.5028962882667471,-0.1270281875516268,9.124778578996655e-06,False
Tunisia,2006,74.4,75.46067360261263,-1.0606736026126242,-0.26757083847862795,9.092769332173197e-06,False
Norway,2012,81.3,80.65355485877473,0.6464451412252714,0.16317818347159938,9.065968438534214e-06,False
Tonga,2011,72.9,73.56910543847326,-0.6691054384732524,-0.16888612984354545,9.027243231587027e-06,False
Azerbaijan,2007,73.0,71.98449150473633,1.0155084952636741,0.25618439321629993,8.973313434958394e-06,False
Suriname,2006,69.3,68.19355496047172,1.1064450395282819,0.2791077040337335,8.957968970587436e-06,False
Armenia,2014,74.6,73.60806341707027,0.9919365829297249,0.2502423857719671,8.953567662977699e-06,False
Bahrain,2008,75.8,75.06820557022809,0.7317944297719094,0.18467944922926985,8.94561853967107e-06,False
Botswana,2009,59.2,59.663533231207325,-0.4635332312073217,-0.11711533317456509,8.934173788902883e-06,False
Equatorial Guinea,2009,55.7,55.12532745966037,0.574672540339634,0.14509666950154623,8.903486925843653e-06,False
Guinea-Bissau,2010,56.7,56.05780088836521,0.6421991116347954,0.16210455547726124,8.848667073598109e-06,False
Georgia,2011,73.9,74.62809521767778,-0.728095217677776,-0.1837421908412863,8.628466469645272e-06,False
Tunisia,2007,74.6,75.63655477972563,-1.036554779725634,-0.2614850635379411,8.574109849360056e-06,False
Myanmar,2014,66.4,67.04528832379995,-0.6452883237999458,-0.1628773866201524,8.554476442207923e-06,False
Bahrain,2003,75.0,75.7219910146164,-0.7219910146164068,-0.1822028284041662,8.552479411466292e-06,False
Suriname,2009,70.0,70.9651251259231,-0.9651251259230946,-0.2434779519011604,8.447226836960667e-06,False
Lesotho,2002,46.4,46.10090369692608,0.29909630307391666,0.07574793821911316,8.293405018714185e-06,False
Tunisia,2010,74.8,74.13883636394024,0.6611636360597544,0.16687172508064368,8.265574812308115e-06,False
Azerbaijan,2004,68.4,68.99185915052828,-0.5918591505282791,-0.14941154247329813,8.215219554330296e-06,False
Israel,2003,79.7,78.92828306436347,0.7717169356365332,0.19472788822408357,8.20464533800965e-06,False
Austria,2002,78.7,78.26006604731967,0.43993395268033453,0.11115307057193138,8.059363442014985e-06,False
Thailand,2012,74.3,75.13917439242509,-0.8391743924250932,-0.21172650091464626,8.053174585447841e-06,False
Canada,2003,79.7,79.11237613067789,0.5876238693221154,0.14834143776318387,8.052286953510902e-06,False
Trinidad and Tobago,2013,71.0,72.15965531149412,-1.1596553114941202,-0.292512272524927,8.029402364465069e-06,False
Uganda,2014,61.5,60.7171124200556,0.7828875799444006,0.1975401620931883,8.016602211086634e-06,False
Guinea-Bissau,2011,57.1,56.48401550805168,0.6159844919483248,0.15548406021288727,7.969032553119494e-06,False
Bahrain,2012,76.5,77.17394220406376,-0.6739422040637635,-0.17008489847023855,7.90169057697526e-06,False
Vanuatu,2000,69.0,68.31082761308566,0.6891723869143362,0.17392193571979558,7.87295179374907e-06,False
Serbia,2007,73.8,74.33174059199986,-0.5317405919998635,-0.1342614893905507,7.830611039817109e-06,False
Niger,2007,55.2,55.61368389735448,-0.4136838973544741,-0.10454038052156063,7.816617483827732e-06,False
Papua New Guinea,2013,62.4,62.75315657301068,-0.35315657301067915,-0.08931032237500208,7.669694654777416e-06,False
Ghana,2001,57.4,56.76142477977615,0.6385752202238493,0.1611678894701255,7.5670587799716065e-06,False
Tonga,2003,72.0,72.59819047206514,-0.5981904720651414,-0.15099349366165096,7.564089877402939e-06,False
Jordan,2004,72.5,73.00601558432241,-0.5060155843224123,-0.12777704357572417,7.563339280743281e-06,False
Togo,2000,54.6,54.14767149473539,0.4523285052646102,0.11425875682599987,7.524852704143932e-06,False
Swaziland,2004,45.6,45.340430595446996,0.25956940455300526,0.06579284744709707,7.483317974210576e-06,False
Peru,2007,74.0,73.01886536156707,0.981134638432934,0.24750157467687392,7.4650260023789394e-06,False
Rwanda,2003,52.0,52.446674375218514,-0.44667437521851383,-0.11283344830433298,7.4492931203977485e-06,False
Slovenia,2000,76.0,75.27650619127022,0.7234938087297849,0.18256279380369966,7.4104689194178355e-06,False
Antigua and Barbuda,2009,75.4,74.60590744901,0.7940925509900012,0.20035429543637814,7.364936203698119e-06,False
Brunei Darussalam,2002,74.8,75.40786857086843,-0.6078685708684333,-0.15342745610867234,7.349606936440735e-06,False
Samoa,2014,73.8,73.14985353765547,0.650146462344523,0.16407820122242603,7.286558996720975e-06,False
Papua New Guinea,2003,59.6,60.21113983234684,-0.6111398323468364,-0.15424976151090122,7.254565648006758e-06,False
Ecuador,2011,75.3,74.28170819875899,1.0182918012410056,0.2568656363551417,7.227355130864881e-06,False
Morocco,2013,73.9,73.00578644005358,0.8942135599464223,0.22558741968728802,7.1887370661312874e-06,False
Uruguay,2003,75.4,76.31875165441294,-0.9187516544129295,-0.23177226802419512,7.152604426687567e-06,False
Turkey,2007,73.2,72.3069003423676,0.8930996576324048,0.22530571021998425,7.118611793119751e-06,False
Algeria,2002,71.6,70.78300413633633,0.8169958636636636,0.20612289723451616,7.097067576989809e-06,False
Bahrain,2006,75.5,74.78393526847637,0.7160647315236304,0.18068473968798812,7.052971107004904e-06,False
Rwanda,2005,55.3,54.827631955208965,0.47236804479103256,0.11929112940669562,7.0183201826569655e-06,False
Myanmar,2005,63.9,63.38465265212697,0.5153473478730319,0.1301107581108833,6.85376499935695e-06,False
Brunei Darussalam,2004,76.4,75.84070120855587,0.5592987914441352,0.1411808585852955,6.8193967521009125e-06,False
Armenia,2009,73.3,72.43859261187576,0.8614073881242348,0.21731300212734042,6.810350297083128e-06,False
Cabo Verde,2014,73.0,73.92477158223006,-0.9247715822300648,-0.2332850989054918,6.7913197627660346e-06,False
Montenegro,2007,74.2,75.14170539716,-0.9417053971599927,-0.2375534336034389,6.7620004027345124e-06,False
Saudi Arabia,2003,73.0,73.67684114953082,-0.6768411495308158,-0.1707934199994175,6.6499204936658265e-06,False
Peru,2014,75.3,74.43065166616927,0.8693483338307288,0.21931216198384312,6.629024900063653e-06,False
Rwanda,2009,61.0,61.66046560540196,-0.66046560540196,-0.1666653714922953,6.565564043214102e-06,False
Kenya,2012,62.1,62.79863667609239,-0.6986366760923914,-0.1762844475012156,6.560120721486704e-06,False
Pakistan,2002,63.2,62.783786336865646,0.41621366313435715,0.10514087062550827,6.541204097854956e-06,False
Algeria,2001,71.4,70.63136265340461,0.7686373465953977,0.1939260024986721,6.531796511057117e-06,False
Algeria,2012,75.1,76.02768169212281,-0.9276816921228175,-0.23401517903230123,6.517736405401013e-06,False
Belgium,2005,78.9,79.42784751483198,-0.5278475148319757,-0.13325074729056086,6.477041852766172e-06,False
Sao Tome and Principe,2004,63.8,64.26391677705134,-0.46391677705133816,-0.11714909357614905,6.464817412636911e-06,False
Cuba,2012,78.7,78.0171385697769,0.6828614302230989,0.17230696350725852,6.444523303104421e-06,False
Tajikistan,2006,65.9,66.36724654892,-0.46724654891998796,-0.1179864115551993,6.418403940009855e-06,False
Algeria,2007,73.8,73.05594012072602,0.7440598792739763,0.18772815612680707,6.315632035988319e-06,False
Senegal,2006,61.3,60.82658141065376,0.47341858934623815,0.11953779141904015,6.302206392726966e-06,False
India,2007,65.2,65.76697257892646,-0.5669725789264533,-0.14310311408419743,6.2980129927189025e-06,False
Malawi,2008,50.0,50.29605822667264,-0.2960582266726419,-0.07490518983170481,6.264872453472223e-06,False
Ecuador,2009,75.1,74.13639997715916,0.9636000228408363,0.24306641677992605,6.246737308104457e-06,False
Zimbabwe,2010,52.4,52.04622399332891,0.3537760066710902,0.08941882519905589,6.245525981391468e-06,False
Armenia,2012,74.4,73.57354437559394,0.8264556244060657,0.20849497455862198,6.245003412932417e-06,False
Guyana,2014,66.0,66.43857477583495,-0.43857477583495097,-0.11076172345239983,6.22630667030046e-06,False
Saudi Arabia,2001,72.8,73.45747469213913,-0.6574746921391323,-0.16590426134250694,6.153489067232693e-06,False
Saudi Arabia,2011,73.9,74.569071900403,-0.6690719004029972,-0.16882518604286356,6.062066123943214e-06,False
Bahrain,2000,74.5,75.08400887495961,-0.5840088749596077,-0.1473894334124422,6.008475983955646e-06,False
Canada,2002,79.5,78.97292377322188,0.5270762267781208,0.13304524671246826,5.977203243932258e-06,False
Sao Tome and Principe,2007,65.1,65.76294473282782,-0.6629447328278246,-0.16727948594734937,5.972298201064065e-06,False
Uruguay,2001,75.2,76.01837992093739,-0.8183799209373888,-0.20645540248039182,5.9699297107865326e-06,False
Bulgaria,2000,71.1,71.6163331648554,-0.5163331648554106,-0.1303384386486828,5.953775575870011e-06,False
Antigua and Barbuda,2010,75.6,76.34034578275653,-0.7403457827565347,-0.18678604099768922,5.939074908020726e-06,False
Sao Tome and Principe,2012,66.9,67.37442681895666,-0.4744268189566583,-0.11978238245656114,5.928068298166882e-06,False
Georgia,2006,73.9,73.19478319603971,0.7052168039602975,0.17793171732179897,5.905556041055419e-06,False
Sao Tome and Principe,2009,65.8,65.21949801606686,0.5805019839331322,0.14650319461090208,5.878802592708793e-06,False
Uruguay,2005,75.7,76.07984016833319,-0.3798401683331889,-0.09596443362816927,5.834987626858599e-06,False
Germany,2001,78.3,78.67516620203449,-0.37516620203449236,-0.09478687751690813,5.797353845473769e-06,False
United Arab Emirates,2012,76.5,76.04213198414467,0.45786801585532544,0.11560843860172959,5.785573232400046e-06,False
Barbados,2002,73.5,72.75798399921054,0.7420160007894623,0.1872043147702897,5.770651118894196e-06,False
Slovenia,2001,76.2,75.57376965215992,0.6262303478400781,0.15802292355542652,5.73098135278569e-06,False
Spain,2000,79.1,78.41209968743416,0.6879003125658301,0.17356351102187012,5.673485422262535e-06,False
Algeria,2013,75.3,76.13035911060226,-0.8303591106022594,-0.20947034111147791,5.645872027445015e-06,False
Armenia,2013,74.4,73.6146469026184,0.7853530973816021,0.1981248102260614,5.5863457686341975e-06,False
Azerbaijan,2008,73.0,72.29942214447227,0.700577855527726,0.17675691795246048,5.571712189683174e-06,False
Georgia,2012,74.2,74.87229418551206,-0.6722941855120581,-0.1696282231496849,5.551058504891302e-06,False
Spain,2003,79.4,78.79907109352895,0.6009289064710543,0.15164338123637128,5.535180813474419e-06,False
Uruguay,2000,75.1,75.84297362295429,-0.7429736229542954,-0.1874416545511869,5.518526489788942e-06,False
United Arab Emirates,2002,74.7,74.28111045877405,0.41888954122595123,0.10578502716483563,5.4960621576918205e-06,False
Zambia,2007,52.6,52.28302624207494,0.3169737579250622,0.08013398201610944,5.476557965174026e-06,False
Pakistan,2006,64.2,64.6197135335888,-0.4197135335887907,-0.1059910899983457,5.445656002654238e-06,False
Paraguay,2003,71.7,72.57901281247905,-0.8790128124790471,-0.22173160477899195,5.393549438887013e-06,False
Swaziland,2012,56.5,56.81943072006543,-0.3194307200654265,-0.08074805132635501,5.369329214323511e-06,False
Tunisia,2005,74.2,75.03522061403095,-0.8352206140309448,-0.210691441529252,5.338609387171168e-06,False
Cambodia,2005,62.9,63.735113885071854,-0.8351138850718556,-0.21066397268709597,5.298901090095938e-06,False
Pakistan,2000,62.8,62.43724895640422,0.3627510435957788,0.09164350173497705,5.2156318096196895e-06,False
Saudi Arabia,2000,72.6,73.18241672150404,-0.5824167215040461,-0.14697184317270612,5.200603685371017e-06,False
Pakistan,2011,65.5,65.9473305566596,-0.447330556659594,-0.11293720347199063,5.121626446680924e-06,False
Mauritania,2008,61.4,60.90164375975351,0.49835624024648695,0.1257903663742869,5.120605973698952e-06,False
Iraq,2014,67.9,68.54918095856726,-0.649180958567257,-0.16379519546086,5.110080598033695e-06,False
United Arab Emirates,2004,75.1,74.70935238715504,0.3906476128449583,0.09866218427014976,5.088258175924677e-06,False
Antigua and Barbuda,2014,76.2,75.51596957871816,0.6840304212818467,0.1725771888708816,5.03881395586616e-06,False
Sri Lanka,2000,71.5,72.10938782468389,-0.6093878246838926,-0.1537651624174482,5.032210593922804e-06,False
Central African Republic,2003,45.7,46.04397860968599,-0.3439786096859905,-0.08691222112864146,5.019896058813488e-06,False
Malaysia,2005,73.4,73.9891167014728,-0.5891167014727898,-0.1486551083005378,4.949142166207958e-06,False
Thailand,2009,73.7,73.0196293891944,0.6803706108055962,0.1716531564889944,4.946603092990871e-06,False
Niger,2009,57.1,57.433361576788336,-0.33336157678833445,-0.08423724258162808,4.93027833789583e-06,False
Saudi Arabia,2002,72.9,73.49267542893524,-0.5926754289352374,-0.14955091108711774,4.899135110120939e-06,False
Bahrain,2001,74.7,75.24541122303667,-0.5454112230366661,-0.13764022743593782,4.870835839430569e-06,False
Vanuatu,2010,71.0,70.38513776272193,0.614862237278075,0.15514143833004454,4.8594562754329614e-06,False
Malawi,2013,56.7,57.04282413627958,-0.34282413627957453,-0.08661256271225276,4.754559290554135e-06,False
El Salvador,2013,73.0,73.82850280418033,-0.8285028041803315,-0.20898941925785677,4.7390248150107325e-06,False
Ecuador,2010,75.0,74.15943942818177,0.8405605718182301,0.21202867098417635,4.709982243488139e-06,False
Cabo Verde,2009,72.4,71.72051586939075,0.6794841306092536,0.17142528551595462,4.692303491289252e-06,False
Canada,2001,79.4,78.92552613816805,0.47447386183195306,0.11975938159739391,4.530033439388325e-06,False
Cambodia,2004,61.5,61.07438833427355,0.42561166572644993,0.10744962223924391,4.485108776031525e-06,False
Antigua and Barbuda,2011,75.7,76.32992314708423,-0.6299231470842273,-0.15892581154083404,4.260018236216191e-06,False
Papua New Guinea,2000,58.9,59.30316785884666,-0.40316785884666473,-0.10178755537003935,4.164616349172238e-06,False
Trinidad and Tobago,2001,69.1,68.53325012707653,0.5667498729234666,0.14300207332943093,4.148392888020565e-06,False
Namibia,2013,66.1,65.64326795801965,0.4567320419803451,0.11527880185777102,4.103563340041936e-06,False
Turkey,2010,74.2,73.46747978386186,0.7325202161381412,0.18478351186100628,4.0768762831845e-06,False
El Salvador,2010,72.0,72.80156883279588,-0.8015688327958799,-0.20218983621902878,4.072711999910543e-06,False
Togo,2002,54.7,54.37418462813042,0.32581537186958087,0.08230711029344341,4.065738765630546e-06,False
India,2005,64.4,64.81629424506612,-0.416294245066112,-0.10508999315201832,4.032192886599776e-06,False
Norway,2002,78.9,79.31402675084738,-0.41402675084736984,-0.10451746242701118,3.984252655059678e-06,False
Thailand,2008,73.5,72.91167727266108,0.5883227273389195,0.1484352070089501,3.965627837729733e-06,False
Guinea-Bissau,2009,56.3,55.86773608527438,0.43226391472561687,0.1091096163947149,3.916098594797886e-06,False
Iceland,2006,81.1,80.7020259910433,0.39797400895669455,0.10047190612650632,3.911390647898945e-06,False
Antigua and Barbuda,2013,76.1,75.50667612170051,0.5933238782994863,0.14969444978677254,3.904693461154658e-06,False
Peru,2004,72.2,71.44502492351214,0.7549750764878667,0.1904410137972109,3.886378748088891e-06,False
Tonga,2012,73.0,73.42782112383154,-0.42782112383153503,-0.1079889909260776,3.865095808953008e-06,False
Sri Lanka,2001,72.7,72.16714903382604,0.5328509661739673,0.1344515925320445,3.79935293901926e-06,False
Ireland,2003,78.0,78.4735570136994,-0.4735570136994056,-0.11950841663057185,3.730784711845248e-06,False
Turkey,2003,71.6,72.17776447776615,-0.5777644777661521,-0.14576898069330688,3.711044687463484e-06,False
Namibia,2014,65.9,66.32949753517258,-0.4294975351725725,-0.10840656413710222,3.692852805516783e-06,False
Belize,2003,68.4,67.83043607441738,0.5695639255826279,0.14370097547105679,3.65439785886211e-06,False
Thailand,2013,74.5,75.04377559644202,-0.5437755964420177,-0.13720021332894444,3.5917474200266785e-06,False
Botswana,2007,56.9,57.141337819544674,-0.24133781954467537,-0.06102694996437881,3.4727439676692176e-06,False
Croatia,2009,76.3,76.7927747526245,-0.49277475262449855,-0.12434441857542625,3.4623956404067536e-06,False
Mozambique,2012,54.8,55.20129113034956,-0.40129113034956276,-0.10129347136319573,3.4383007064584807e-06,False
Belgium,2008,79.5,79.85286262370514,-0.35286262370513555,-0.08909387235733342,3.3961073571190453e-06,False
Bahrain,2014,76.8,77.26040901498314,-0.46040901498314213,-0.1161864846603273,3.3772623590163424e-06,False
Brazil,2000,75.0,75.62170606961052,-0.621706069610525,-0.1568376284077478,3.361426221297425e-06,False
Uganda,2008,56.3,55.98893008303382,0.3110699169661757,0.0785677092342954,3.325877439345454e-06,False
Algeria,2004,72.3,71.75128983049045,0.5487101695095475,0.13843747212703583,3.296564934434331e-06,False
Germany,2006,79.6,79.32332089308028,0.2766791069197154,0.06990943308382697,3.2865516074259203e-06,False
United Arab Emirates,2005,75.3,74.99161212168404,0.3083878783159548,0.07789092351431749,3.2851204156524277e-06,False
Colombia,2012,74.3,74.8916371193918,-0.5916371193918053,-0.14925631110139798,3.2557217215824033e-06,False
Algeria,2006,73.4,72.90245486317131,0.49754513682869117,0.12553996903652428,3.1858511026842e-06,False
Brunei Darussalam,2008,77.2,76.88583528119676,0.3141647188032408,0.07934125675137714,3.176280911358231e-06,False
El Salvador,2004,70.0,69.78712885209868,0.21287114790132478,0.05385443499672737,3.171495165749639e-06,False
Suriname,2005,68.9,69.52109496894052,-0.6210949689405112,-0.15667986390797498,3.1663920295572664e-06,False
Peru,2000,71.4,72.03549050428337,-0.6354905042833678,-0.1603075774155052,3.111379305064696e-06,False
Greece,2005,79.3,78.91328444446519,0.3867155555348063,0.09761073487865528,3.076391362418267e-06,False
Samoa,2005,71.6,72.01505805267537,-0.4150580526753771,-0.10475067005276477,3.052413981383909e-06,False
Qatar,2004,76.6,76.2584791704016,0.34152082959839447,0.08622571592340501,3.0520979843020277e-06,False
Philippines,2003,67.2,67.42048735316759,-0.2204873531675844,-0.055761668489750865,3.0334688542026913e-06,False
Tajikistan,2004,65.9,66.21481550647457,-0.31481550647455947,-0.07949959613382314,3.0290331731692165e-06,False
Tunisia,2004,74.0,74.64696511450481,-0.646965114504809,-0.16319832474338114,3.0150315280392748e-06,False
Jordan,2013,73.9,74.48007878895781,-0.5800787889578061,-0.14633800730574484,3.0135066997272933e-06,False
Tunisia,2003,73.7,74.34970271809478,-0.6497027180947725,-0.1638882025633704,3.002484623966669e-06,False
Papua New Guinea,2002,59.3,59.63543548340867,-0.33543548340867346,-0.0846913456566123,3.0021063129408394e-06,False
Antigua and Barbuda,2012,75.9,75.39121340945906,0.5087865905409501,0.12836544041159795,2.8604218654781935e-06,False
Malaysia,2004,73.2,73.68840057643392,-0.4884005764339179,-0.12322721665900245,2.847682571471716e-06,False
Tunisia,2001,73.2,73.80611507402787,-0.6061150740278691,-0.15289759050633364,2.8445641844148085e-06,False
Paraguay,2002,71.5,72.10365494557306,-0.6036549455730551,-0.1522774329903717,2.8437265408834174e-06,False
Ukraine,2011,75.0,74.65285486130388,0.3471451386961206,0.08763389314667779,2.8061348262984428e-06,False
Sweden,2002,79.9,79.5407637272125,0.3592362727875127,0.0906792913965436,2.7949175423291913e-06,False
Niger,2010,58.2,58.46252607163067,-0.262526071630667,-0.06632577568523422,2.7904775675709835e-06,False
Colombia,2007,73.5,72.95791050037303,0.5420894996269681,0.13675773388823945,2.7900221710929797e-06,False
Germany,2008,79.9,79.6492913695042,0.25070863049580794,0.06335155785924816,2.78763129277103e-06,False
Germany,2007,79.8,79.55531587171156,0.24468412828844066,0.06183329190377749,2.739855240314427e-06,False
Sweden,2001,79.8,79.42532104647316,0.3746789535268391,0.09456779720396827,2.736825076087805e-06,False
Seychelles,2014,73.0,73.43537900462957,-0.43537900462956713,-0.10986160090268432,2.711283427785114e-06,False
Papua New Guinea,2001,59.1,59.42017878052305,-0.32017878052305093,-0.08083360824998191,2.5811769776029996e-06,False
Lebanon,2011,75.0,74.54047540123037,0.45952459876963303,0.11594132985191356,2.5126852221114044e-06,False
France,2000,78.8,79.13102723742864,-0.3310272374286427,-0.08356314179367112,2.498176310645382e-06,False
Cambodia,2007,65.0,65.52089997053275,-0.5208999705327528,-0.13141023054874007,2.497508047493855e-06,False
Kenya,2008,57.9,57.59898537285202,0.30101462714797833,0.07600270531907997,2.4690862250731393e-06,False
Guinea,2009,57.3,57.09164440259639,0.2083555974036102,0.05267909671628476,2.452583790621181e-06,False
Suriname,2012,71.3,70.81502442322802,0.4849755767719728,0.1223540228290435,2.438471014847616e-06,False
Mauritania,2000,60.0,59.666114617389105,0.3338853826108945,0.08428015983294003,2.4149897618975006e-06,False
Mauritania,2011,62.2,61.85308004960689,0.3469199503931151,0.08756376327596502,2.4130221351590173e-06,False
Central African Republic,2012,53.0,53.30610388037399,-0.30610388037398906,-0.07728141226768642,2.390787015402292e-06,False
Algeria,2011,74.9,75.44602583967529,-0.5460258396752806,-0.13774086640106745,2.3737597814942773e-06,False
Guyana,2000,65.4,66.0654538546954,-0.6654538546954001,-0.1678470646023471,2.3413584051578276e-06,False
Armenia,2011,73.9,73.44848077595444,0.451519224045569,0.11391917999763382,2.3373678778225957e-06,False
Portugal,2008,79.0,79.31112946402428,-0.3111294640242761,-0.0785447215999271,2.32538981751789e-06,False
India,2009,66.0,65.77226053819159,0.22773946180841165,0.05754455006014816,2.243737032399871e-06,False
Rwanda,2010,62.8,62.430982249372086,0.3690177506279113,0.09312496644663902,2.2198687528277204e-06,False
Central African Republic,2002,45.6,45.37836953393611,0.22163046606389258,0.05600404259923866,2.1833122095017654e-06,False
Brunei Darussalam,2003,76.0,75.65780351348751,0.342196486512492,0.08636480085452743,2.1529246530137886e-06,False
Armenia,2010,73.5,73.01518692186801,0.48481307813199237,0.12230590593006527,2.145900404580206e-06,False
Sri Lanka,2009,71.8,72.07713514490545,-0.27713514490545776,-0.0699756035845528,2.144579981554658e-06,False
Solomon Islands,2006,67.6,67.88881218026444,-0.28881218026444344,-0.07291617760746427,2.1374780609273007e-06,False
Thailand,2014,74.6,75.02846232987271,-0.4284623298727155,-0.10810264640941893,2.133502060812122e-06,False
Finland,2009,79.7,79.37986434751356,0.32013565248644227,0.08080508514272061,2.1031891361008274e-06,False
Tunisia,2000,72.9,73.42965221952146,-0.5296522195214521,-0.13360707145837705,2.084435010216462e-06,False
El Salvador,2014,73.3,73.85395255479104,-0.5539525547910387,-0.1397327421737815,2.082018760578101e-06,False
Bhutan,2009,67.4,67.7536551638177,-0.3536551638176917,-0.08924792144251799,2.034596857048771e-06,False
Dominican Republic,2012,72.1,72.56348612329532,-0.46348612329532557,-0.11692685400789177,2.009080051623744e-06,False
Myanmar,2001,62.5,62.76498185310938,-0.2649818531093828,-0.06690615410502868,1.9430719259950636e-06,False
Tunisia,2002,73.5,74.015232896014,-0.5152328960139982,-0.12996902219736897,1.9427400175199574e-06,False
Ghana,2008,63.0,62.60609993553098,0.3939000644690225,0.09938619907112921,1.928751904459453e-06,False
Serbia,2001,73.1,73.60326600742967,-0.5032660074296729,-0.12695204735639548,1.926864111604445e-06,False
Samoa,2013,73.6,73.23409406781414,0.36590593218585354,0.09233073616579314,1.9067715907913943e-06,False
Myanmar,2002,62.8,63.07255321650188,-0.27255321650188336,-0.06881140640459625,1.9064690393031475e-06,False
Georgia,2010,73.8,73.51914848953442,0.2808515104655811,0.07090007257149425,1.8721695398685224e-06,False
Romania,2011,74.3,74.10496286865089,0.19503713134911038,0.04929351192797862,1.8462437700519466e-06,False
New Zealand,2007,81.0,81.22360553117576,-0.22360553117576387,-0.05648163810671679,1.8145459974964768e-06,False
Bulgaria,2002,71.8,72.11081731862346,-0.31081731862346373,-0.07844483735099911,1.7669396655964077e-06,False
Pakistan,2012,65.7,65.95971675052522,-0.2597167505252145,-0.06557187867625362,1.7595987707861739e-06,False
Iceland,2012,82.5,82.74491315266008,-0.24491315266007518,-0.061843050271234976,1.745276346793786e-06,False
Sri Lanka,2006,73.8,73.38031078149169,0.4196892185083101,0.10587989507016984,1.7196918603884384e-06,False
Ecuador,2008,74.6,74.11877300672137,0.48122699327862506,0.12138965292250518,1.645177969944471e-06,False
Nepal,2009,67.5,67.27570324014214,0.22429675985786446,0.05664314560313465,1.5768523049751315e-06,False
Peru,2009,73.8,73.3073641366963,0.492635863303704,0.12426372106287453,1.5647081243090491e-06,False
Vanuatu,2002,69.3,68.96895158478901,0.3310484152109865,0.08353506656585427,1.5640468940884409e-06,False
Guinea,2004,54.0,54.2322220430167,-0.2322220430166979,-0.05863648094472888,1.5311274941675866e-06,False
Lebanon,2012,75.0,74.64543664963858,0.35456335036141695,0.08945736458628722,1.454381412409172e-06,False
Colombia,2003,72.4,71.97335820229164,0.4266417977083705,0.1076246024894692,1.4424489893176057e-06,False
Denmark,2012,80.0,80.17227177620367,-0.1722717762036723,-0.04353838653444754,1.4195264857028167e-06,False
Cambodia,2001,58.5,58.18801618617196,0.31198381382804286,0.07872485053247442,1.401237642664355e-06,False
Greece,2008,79.9,79.6647634090985,0.23523659090150772,0.05938789694662253,1.3767840091095722e-06,False
Cambodia,2013,67.8,67.54557814352314,0.2544218564768528,0.06421805203413043,1.3229246492615032e-06,False
Cabo Verde,2010,72.5,72.10671541856026,0.3932845814397439,0.09921225070948879,1.30432139665799e-06,False
Poland,2007,75.3,75.60793195730032,-0.3079319573003261,-0.0776991688210046,1.2806850645319417e-06,False
Peru,2011,74.5,74.09871914244111,0.40128085755888776,0.10122704698048568,1.276771429518823e-06,False
Oman,2013,76.2,75.97619988745744,0.2238001125425626,0.05649961861478309,1.2269050901034304e-06,False
Paraguay,2009,73.0,72.73393352917132,0.26606647082867596,0.06714656099780299,1.2066128124522935e-06,False
Cambodia,2002,59.3,59.011763766983776,0.2882362330162209,0.0727328403277922,1.2053147629680997e-06,False
Ecuador,2014,76.0,75.72316968012618,0.2768303198738238,0.0698586401846361,1.204015719493597e-06,False
Georgia,2013,74.5,74.8846014101996,-0.3846014101995934,-0.09701987824791129,1.185914749503158e-06,False
Lebanon,2006,74.1,74.36415853460183,-0.26415853460183314,-0.06666213386385489,1.1241444754870726e-06,False
Cambodia,2014,68.3,68.5643049484031,-0.26430494840310814,-0.06669524982938246,1.0398980581778176e-06,False
Germany,2010,81.0,80.83186914051332,0.1681308594866806,0.04246959482569041,1.0343514562133099e-06,False
Bahrain,2007,75.6,75.32095136302817,0.27904863697182236,0.07041007014528221,1.0263702303584201e-06,False
Gabon,2013,64.6,64.40171178983057,0.198288210169423,0.050062541205468485,1.0227698185157048e-06,False
Vanuatu,2001,69.1,68.84058841201966,0.25941158798033825,0.06546059381016407,1.0049635054085064e-06,False
Lithuania,2005,78.0,78.28457815643924,-0.28457815643923823,-0.071802215059762,9.935998372980068e-07,False
Georgia,2014,74.5,74.84746956021945,-0.3474695602194515,-0.08765370581372371,9.905881241824958e-07,False
United Arab Emirates,2007,75.6,75.42933035546464,0.1706696445353515,0.043103787070218495,9.630709921192173e-07,False
Guinea,2003,53.3,53.1139920744249,0.1860079255750975,0.04696556309334177,9.54672151474041e-07,False
Kenya,2013,62.6,62.85629982991673,-0.2562998299167276,-0.06467069178336124,8.799797085370901e-07,False
Antigua and Barbuda,2008,75.2,74.93533091095595,0.2646690890440482,0.06677937505627009,8.694352785762459e-07,False
Malaysia,2006,73.6,73.85506945406514,-0.2550694540651506,-0.06435929766209868,8.513314033497039e-07,False
Zimbabwe,2001,45.3,45.397757676038395,-0.09775767603839824,-0.02475309305180301,8.473454073393121e-07,False
Sri Lanka,2010,74.5,74.25104126853482,0.24895873146518,0.06281880953010596,8.399307035717777e-07,False
Lebanon,2014,74.8,74.5169657737037,0.2830342262962944,0.07140646646157031,8.349586579436696e-07,False
Trinidad and Tobago,2003,69.3,69.64659613332245,-0.3465961333224499,-0.08742792349347739,8.265374471453654e-07,False
Sri Lanka,2008,72.3,72.1228176026557,0.1771823973442963,0.04473315180880804,8.057822498491831e-07,False
Australia,2007,81.3,81.45872863142515,-0.1587286314251486,-0.040084369560025146,7.841937196009686e-07,False
Slovenia,2008,78.9,78.70181865649332,0.1981813435066897,0.05002060280780951,7.710591340278658e-07,False
Netherlands,2014,81.7,81.57500532406726,0.12499467593274005,0.03158979028620139,7.450735965518456e-07,False
Ghana,2006,59.4,59.624074787044535,-0.2240747870445361,-0.05654218864997002,7.231279755534521e-07,False
Vanuatu,2004,69.6,69.83426949623531,-0.23426949623531357,-0.05910882513325466,6.745828541470131e-07,False
Malaysia,2002,72.9,72.67576704401365,0.22423295598635207,0.05657931186069377,6.7139539537859e-07,False
South Africa,2011,58.9,58.76843836094208,0.13156163905792084,0.033234600802853204,6.59441968297978e-07,False
Lebanon,2010,74.9,74.66692779032907,0.23307220967093656,0.05880582099841993,6.497239055862881e-07,False
Sweden,2000,79.6,79.40907633402821,0.19092366597178057,0.04818440393425649,6.451067173570675e-07,False
Azerbaijan,2001,67.5,67.34030065227651,0.15969934772348893,0.04031821666477857,6.411679240705962e-07,False
Bhutan,2013,69.1,68.92578784561421,0.17421215438578486,0.043973533046254135,6.357812083820964e-07,False
El Salvador,2012,73.0,73.31232644366345,-0.3123264436634514,-0.07878165888027551,6.236907543444706e-07,False
Cameroon,2001,51.5,51.64642000298228,-0.14642000298228197,-0.036970259437185564,5.958566952101068e-07,False
Samoa,2010,72.6,72.79349798982989,-0.1934979898298934,-0.04882956152906431,5.884794904346003e-07,False
Germany,2004,79.1,79.21757662399841,-0.11757662399841706,-0.02970698364123392,5.788480703260093e-07,False
Croatia,2006,75.9,76.12946173308808,-0.2294617330880726,-0.057890923267605074,5.533926793252539e-07,False
Algeria,2009,74.4,74.1212371216804,0.2787628783196112,0.070317826019545,5.510110352713713e-07,False
Myanmar,2004,63.5,63.36441290134787,0.13558709865213103,0.03423535507122105,5.149301403694553e-07,False
Sri Lanka,2007,73.7,73.49543258295122,0.20456741704877857,0.05161453055216018,5.123504593318e-07,False
Cambodia,2012,67.4,67.24467650877288,0.1553234912271222,0.03920549808163719,5.01786504284756e-07,False
United Arab Emirates,2006,75.4,75.27985946850094,0.1201405314990609,0.030344655042404103,5.011324563881592e-07,False
Brunei Darussalam,2009,76.8,76.66241135807311,0.13758864192688236,0.03473727036621694,4.898551298913647e-07,False
Norway,2004,79.8,79.94308059704353,-0.14308059704353582,-0.036120019228532016,4.835552850986275e-07,False
Trinidad and Tobago,2006,69.6,69.86575589351219,-0.26575589351219264,-0.06703603595388097,4.834035982967742e-07,False
Finland,2008,79.6,79.43511884011647,0.16488115988352092,0.04161205186066525,4.830237186335732e-07,False
Myanmar,2012,65.9,66.05527566974145,-0.15527566974144236,-0.0391911526047357,4.716341533907981e-07,False
Portugal,2006,78.5,78.64654329698011,-0.1465432969801128,-0.03699072752792359,4.6469571372266727e-07,False
Finland,2006,79.2,79.35079142272568,-0.1507914227256748,-0.03805861563080095,4.3555632048854537e-07,False
Portugal,2000,76.6,76.45673226398507,0.14326773601491993,0.03616287475264892,4.316922887212355e-07,False
Nepal,2004,64.7,64.77906464878846,-0.07906464878846009,-0.019998727783015646,4.112582039429941e-07,False
Guinea-Bissau,2008,55.6,55.7413845294648,-0.1413845294648013,-0.03568656024579559,4.0888489744356836e-07,False
Paraguay,2010,73.2,73.35731245228703,-0.15731245228703017,-0.039698916728135504,4.0020417513668253e-07,False
Seychelles,2005,72.2,72.01954459850734,0.18045540149266515,0.04553037508266589,3.9211137767884593e-07,False
Sao Tome and Principe,2011,66.6,66.74367219642875,-0.14367219642875284,-0.03626101186034264,3.861307635095417e-07,False
Myanmar,2003,63.2,63.07869001149403,0.12130998850597052,0.030627655923387453,3.837796688926256e-07,False
Vanuatu,2005,69.9,69.7308439614983,0.16915603850171124,0.042681660723123765,3.7606988474035196e-07,False
Samoa,2012,73.2,73.03479417958408,0.16520582041592036,0.04168567620133722,3.69025304681242e-07,False
Croatia,2013,77.7,77.52800922956551,0.17199077043449051,0.04339538833340626,3.6649757600197353e-07,False
Kenya,2014,62.9,63.068918780177825,-0.16891878017782602,-0.04262072826414059,3.5981198472233857e-07,False
Togo,2008,56.2,56.27665339705153,-0.07665339705152974,-0.01938323839445124,3.5003408543383187e-07,False
Maldives,2004,73.4,73.19687715598329,0.20312284401671832,0.05124089922232115,3.48472541357695e-07,False
Malaysia,2001,72.7,72.53988144186646,0.16011855813354714,0.04040207322914112,3.47256244830352e-07,False
Rwanda,2004,53.4,53.29543918394913,0.10456081605087064,0.02640414932756975,3.3141533250096884e-07,False
Seychelles,2004,72.1,72.27107664753544,-0.17107664753544327,-0.04316246876373982,3.297936908236252e-07,False
Uzbekistan,2014,69.2,69.2814653090458,-0.08146530904579663,-0.02058882838167649,3.177227660623706e-07,False
Colombia,2011,74.2,74.3883962985099,-0.18839629850990036,-0.04752662684291602,3.1139117874429497e-07,False
Belgium,2006,79.4,79.51496463576589,-0.11496463576588667,-0.029022017099678662,3.0967843890648646e-07,False
Guinea,2012,58.4,58.52147005475384,-0.12147005475384276,-0.030660529717117774,3.073617928815239e-07,False
Uruguay,2012,76.5,76.63289346883157,-0.13289346883156838,-0.03353842020195834,3.05920835844052e-07,False
Bulgaria,2003,72.0,72.12523436289611,-0.12523436289610856,-0.03160834633372734,3.019344036064747e-07,False
Malaysia,2007,73.7,73.56552698649732,0.13447301350268503,0.03393342001608971,2.720180209640732e-07,False
Colombia,2002,71.8,71.61025153991253,0.18974846008747193,0.04786452778203076,2.6458552666730726e-07,False
Cameroon,2009,54.8,54.697106087363736,0.10289391263626158,0.02597652826936824,2.6269574885957404e-07,False
Turkey,2012,74.8,74.65027671218022,0.14972328781978206,0.0377755439138135,2.590448353252087e-07,False
Croatia,2004,75.4,75.2391765605475,0.16082343945249988,0.04057320118994673,2.5902458866051557e-07,False
Ireland,2013,81.0,81.0957647987915,-0.09576479879150668,-0.02417848347928367,2.418698065947932e-07,False
Ireland,2014,81.2,81.10394340268847,0.09605659731153082,0.024251399612634884,2.3719769231707122e-07,False
Poland,2005,75.0,75.12155910422636,-0.12155910422636396,-0.030674461346678325,2.2009184288455576e-07,False
Malaysia,2003,73.1,72.9664994674199,0.13350053258010064,0.03368305247096101,2.1214921175262686e-07,False
Nepal,2012,68.9,68.95507639029458,-0.05507639029457323,-0.013933573820643294,2.1119343993573597e-07,False
Swaziland,2005,46.0,46.04351192584659,-0.043511925846587474,-0.011028543319001929,2.0885874018027269e-07,False
Barbados,2001,73.4,73.2691654713848,0.1308345286152104,0.03300856222532355,1.8346518717115283e-07,False
Qatar,2005,76.6,76.67641027082337,-0.0764102708233736,-0.019296049042023457,1.8085877366418653e-07,False
Croatia,2011,77.0,77.11544805596924,-0.1154480559692388,-0.029129603945135175,1.714129602821145e-07,False
Malaysia,2008,73.8,73.90323864026067,-0.10323864026067042,-0.02605285250242571,1.7107225016216088e-07,False
Canada,2000,79.1,79.00442078093761,0.09557921906238676,0.024122754569523463,1.6923139093298265e-07,False
Mozambique,2013,55.3,55.220788985495375,0.07921101450462231,0.019998447964079007,1.6164439613501257e-07,False
Lesotho,2001,47.8,47.84505324577937,-0.04505324577937131,-0.011401233084760496,1.5433587169101702e-07,False
Pakistan,2013,66.0,66.07508960661544,-0.0750896066154354,-0.018957877317822683,1.4502989543639742e-07,False
Guyana,2007,65.7,65.58676233014536,0.1132376698546409,0.028568676803832405,1.342890971325383e-07,False
Solomon Islands,2004,67.1,67.02330460183401,0.07669539816598103,0.019359151227746896,1.2444833592175295e-07,False
El Salvador,2008,71.7,71.78292727741899,-0.08292727741898887,-0.020927025693858067,1.0940777803413217e-07,False
Serbia,2010,74.4,74.46677458231059,-0.06677458231058608,-0.016855711060018166,9.847493265089112e-08,False
Guinea-Bissau,2003,53.0,52.93934886956484,0.06065113043516135,0.015313302343591522,9.825348804661893e-08,False
Algeria,2010,74.7,74.81056167164365,-0.1105616716436515,-0.027889967503060047,9.463553577269479e-08,False
Botswana,2008,57.5,57.540164597181736,-0.04016459718173593,-0.010154251834849025,8.886740589975946e-08,False
Solomon Islands,2003,66.8,66.73521108700453,0.06478891299546774,0.016353692720550945,8.842525073210093e-08,False
Georgia,2002,71.7,71.62689409673438,0.0731059032656276,0.018448973015094773,8.755881526622579e-08,False
Serbia,2013,75.3,75.24758989912796,0.0524101008720379,0.013234921724065683,8.370022041448287e-08,False
Paraguay,2007,72.5,72.60122007255666,-0.10122007255665721,-0.025533916179850336,8.302137109089002e-08,False
Zambia,2009,57.4,57.44681509344608,-0.04681509344607804,-0.0118261218538692,8.299818606688433e-08,False
Madagascar,2004,64.0,63.92026641876057,0.07973358123943086,0.0201179092048848,7.978686883626768e-08,False
Croatia,2014,77.8,77.72118222295111,0.07881777704888293,0.01988653743139056,7.596111095393289e-08,False
Colombia,2009,73.6,73.68329840751755,-0.08329840751756024,-0.021014559396077548,6.737397132633352e-08,False
Swaziland,2011,55.0,55.031372482083896,-0.03137248208389565,-0.007932833820808052,5.7879776139155e-08,False
United Arab Emirates,2008,75.8,75.7574628047969,0.042537195203095735,0.010742182899820412,5.6679090729264686e-08,False
Brunei Darussalam,2010,76.9,76.944486540454,-0.044486540453988255,-0.011233019233212566,5.655300792545677e-08,False
Malawi,2007,48.5,48.524797077420516,-0.024797077420515734,-0.0062763702096903275,4.9279724488190496e-08,False
Cameroon,2004,52.1,52.05975801911072,0.040241980889284434,0.01016094049225898,4.521537891401011e-08,False
Croatia,2012,77.1,77.15794782429276,-0.05794782429276779,-0.014620892848460736,4.1353808895997407e-08,False
Ethiopia,2014,64.2,64.2574099631178,-0.05740996311779156,-0.014485073252434475,4.0051729559880966e-08,False
Colombia,2008,73.5,73.43734368509804,0.06265631490195744,0.015806841720696855,3.748227233903177e-08,False
Peru,2012,74.9,74.83715693290816,0.06284306709184762,0.01585307350282794,3.3036351307400606e-08,False
Norway,2003,79.4,79.43647815291862,-0.03647815291861889,-0.009208912829464984,3.1980374077898165e-08,False
Sao Tome and Principe,2002,63.1,63.13229852393199,-0.03229852393199195,-0.008154651378362817,2.749309748560548e-08,False
Gabon,2014,65.5,65.53075026408523,-0.03075026408522774,-0.007763554548719236,2.4410508907492152e-08,False
France,2001,79.0,79.03172685077689,-0.031726850776891524,-0.008009267484312608,2.3712629024378058e-08,False
Myanmar,2013,66.2,66.16679578624787,0.03320421375212845,0.008380357075810111,2.074598802700825e-08,False
Malaysia,2009,74.0,73.96104478722066,0.03895521277934222,0.009829267843736503,2.0089387773224484e-08,False
Rwanda,2000,48.3,48.31845339311646,-0.018453393116459438,-0.004665953566288654,1.9766932084634032e-08,False
Germany,2005,79.2,79.2189686996318,-0.018968699631798813,-0.0047923483828422,1.4592026728001266e-08,False
Colombia,2001,71.5,71.54204969700673,-0.04204969700673189,-0.010607328970009483,1.367321674067331e-08,False
Oman,2012,76.0,75.97892153837535,0.02107846162465421,0.005321815400200942,1.1669536035486467e-08,False
Uruguay,2008,76.4,76.3764647014372,0.02353529856280545,0.005940243700871715,1.0837026419976302e-08,False
Malaysia,2014,74.8,74.77640917603786,0.023590823962138074,0.00595276587308991,7.91607040381872e-09,False
Thailand,2011,74.1,74.07528485539852,0.024715144601472616,0.00623560905882423,6.893589518481846e-09,False
Paraguay,2011,73.4,73.41635562748753,-0.016355627487527613,-0.004127998590378736,5.0731901432050955e-09,False
Equatorial Guinea,2011,56.2,56.191537241334196,0.008462758665807257,0.0021408724466618796,4.9213585039647015e-09,False
Saudi Arabia,2009,73.4,73.42196382363548,-0.021963823635474,-0.0055407759293570604,4.190352376260482e-09,False
Colombia,2000,71.4,71.41660920221526,-0.016609202215249752,-0.004189842888199224,2.21164557046883e-09,False
Pakistan,2014,66.2,66.20684152037612,-0.006841520376113408,-0.0017272692196837333,1.1983258710305963e-09,False
Suriname,2007,69.5,69.51124199329469,-0.011241993294689223,-0.0028359667221480546,1.0679236076520405e-09,False
El Salvador,2007,71.2,71.19567652772287,0.00432347227713592,0.001091021754832091,2.888342196594182e-10,False
Maldives,2003,72.7,72.7021892707507,-0.0021892707506907527,-0.0005523095146474875,4.6422094316004184e-11,False
