country,year,residual,abs_residual
Haiti,2010,-24.722320340078504,24.722320340078504
Eritrea,2000,-11.795472115081566,11.795472115081566
Niger,2013,9.418940701140535,9.418940701140535
Rwanda,2008,8.607730518416943,8.607730518416943
Uganda,2013,8.046822905053993,8.046822905053993
Italy,2004,7.896518355793404,7.896518355793404
Paraguay,2000,7.80209153979132,7.80209153979132
Nigeria,2008,7.690238139912751,7.690238139912751
Djibouti,2009,7.532466589392342,7.532466589392342
Ethiopia,2009,7.528170346759254,7.528170346759254
Portugal,2014,7.468806904362069,7.468806904362069
Haiti,2005,7.354455321075129,7.354455321075129
Madagascar,2005,7.338009036895421,7.338009036895421
Grenada,2002,7.136572141686244,7.136572141686244
Papua New Guinea,2006,7.117247402405894,7.117247402405894
Libya,2000,7.077009063125374,7.077009063125374
Ghana,2010,6.959745898933129,6.959745898933129
Mozambique,2005,6.942674115417326,6.942674115417326
New Zealand,2010,6.918702471053052,6.918702471053052
Finland,2014,6.905210382032308,6.905210382032308
Burundi,2000,6.9031445602364485,6.9031445602364485
Guatemala,2008,6.851731628804444,6.851731628804444
Spain,2007,6.829382967545129,6.829382967545129
Liberia,2012,6.701948152971973,6.701948152971973
Belgium,2014,6.6842727460707465,6.6842727460707465
Cabo Verde,2002,6.597278192437287,6.597278192437287
Germany,2014,6.583658091341135,6.583658091341135
Iceland,2004,6.5834103656896446,6.5834103656896446
Azerbaijan,2009,6.546728704277854,6.546728704277854
Samoa,2003,6.495536860809423,6.495536860809423
Mauritania,2006,6.482980559762069,6.482980559762069
Norway,2009,6.428476847631728,6.428476847631728
Bangladesh,2012,6.391666281528359,6.391666281528359
Italy,2005,6.3358142492079,6.3358142492079
Sweden,2007,6.287983783533292,6.287983783533292
France,2007,6.250788055240406,6.250788055240406
France,2008,6.157278832754187,6.157278832754187
Spain,2006,6.1523501568870245,6.1523501568870245
Luxembourg,2011,6.144487088465382,6.144487088465382
Eritrea,2008,6.11053074075069,6.11053074075069
Iraq,2011,6.1020337442123775,6.1020337442123775
Slovenia,2014,6.072873820048585,6.072873820048585
Zambia,2006,6.052904878014047,6.052904878014047
Chad,2009,5.928328387451202,5.928328387451202
Netherlands,2010,5.897542621720305,5.897542621720305
Vanuatu,2009,5.8903269957776985,5.8903269957776985
Turkey,2001,5.84728664324804,5.84728664324804
Rwanda,2001,-5.781919901319192,5.781919901319192
Singapore,2006,5.75844051959298,5.75844051959298
Romania,2001,5.73162572037883,5.73162572037883
Central African Republic,2014,5.689882680844242,5.689882680844242
Angola,2012,5.659272135692838,5.659272135692838
Ukraine,2014,5.653454491937211,5.653454491937211
Lithuania,2005,5.635075564890187,5.635075564890187
South Africa,2013,5.629238900585925,5.629238900585925
Malta,2011,5.571934710759251,5.571934710759251
Latvia,2003,5.556824888010141,5.556824888010141
Sweden,2006,5.549908236744599,5.549908236744599
Sudan,2005,5.48845173318216,5.48845173318216
Austria,2012,5.474083875084659,5.474083875084659
Zambia,2000,-5.462247539658819,5.462247539658819
Morocco,2005,5.455553201744777,5.455553201744777
Iceland,2003,5.429373845810247,5.429373845810247
Grenada,2001,5.346508921170894,5.346508921170894
Iraq,2010,5.278900321414355,5.278900321414355
Sierra Leone,2013,5.240063921811526,5.240063921811526
Liberia,2003,-5.204513975331793,5.204513975331793
Estonia,2000,5.196403011498077,5.196403011498077
Ireland,2010,5.193513343941532,5.193513343941532
Austria,2011,5.192362055993016,5.192362055993016
Iraq,2006,-5.155744139750013,5.155744139750013
Rwanda,2000,-5.153364570780369,5.153364570780369
Uganda,2000,-5.145372504457079,5.145372504457079
Romania,2000,5.14456283192041,5.14456283192041
Zambia,2001,-5.133692529556505,5.133692529556505
Australia,2004,5.0819580427781545,5.0819580427781545
Finland,2013,5.026948925987327,5.026948925987327
Trinidad and Tobago,2012,5.026224302720365,5.026224302720365
Greece,2014,5.010699778994592,5.010699778994592
Iraq,2012,5.0004595664603215,5.0004595664603215
Sierra Leone,2000,-4.991225055478196,4.991225055478196
Myanmar,2008,-4.9311878875090684,4.9311878875090684
Zambia,2013,4.842139802712815,4.842139802712815
Ukraine,2012,4.835697753245597,4.835697753245597
Uganda,2001,-4.8328540366478805,4.8328540366478805
Estonia,2001,4.789680858102017,4.789680858102017
Belgium,2013,4.763605206490951,4.763605206490951
Gabon,2005,4.740406360031194,4.740406360031194
Portugal,2013,4.7196134810403265,4.7196134810403265
Canada,2008,4.689127960334915,4.689127960334915
Luxembourg,2010,4.598079496944251,4.598079496944251
Romania,2002,4.522868152881443,4.522868152881443
Guatemala,2010,4.518718801463095,4.518718801463095
Burkina Faso,2001,4.50744665554091,4.50744665554091
Zambia,2002,-4.4655495894339765,4.4655495894339765
Slovenia,2013,4.367759888201576,4.367759888201576
Uganda,2002,-4.262268119571466,4.262268119571466
Iraq,2007,-4.231842041294271,4.231842041294271
Lesotho,2000,4.143646146108807,4.143646146108807
Ghana,2009,4.142915730968596,4.142915730968596
Sierra Leone,2002,4.118631482179552,4.118631482179552
Botswana,2003,-4.110500266843474,4.110500266843474
Latvia,2007,4.085642021567722,4.085642021567722
Botswana,2002,-4.072035639022872,4.072035639022872
Niger,2000,-4.042874288375948,4.042874288375948
Nicaragua,2003,4.035089982081544,4.035089982081544
Maldives,2001,3.9893572590909656,3.9893572590909656
Nigeria,2007,3.8859362358262857,3.8859362358262857
Comoros,2007,3.860139668698899,3.860139668698899
Mauritania,2005,3.8541325350542195,3.8541325350542195
Maldives,2000,-3.7980962502763163,3.7980962502763163
Netherlands,2009,3.791246957322798,3.791246957322798
Norway,2008,3.7808532352376574,3.7808532352376574
Dominican Republic,2012,-3.7466094564764063,3.7466094564764063
Switzerland,2003,3.7247564454145987,3.7247564454145987
Niger,2012,3.7240974270060008,3.7240974270060008
Germany,2013,3.718871991000782,3.718871991000782
Senegal,2005,3.682235055667377,3.682235055667377
Samoa,2002,3.658143540401028,3.658143540401028
Zambia,2003,-3.649039204206275,3.649039204206275
Canada,2007,3.640536719345235,3.640536719345235
France,2006,3.6259823112670375,3.6259823112670375
New Zealand,2011,3.5540208098364587,3.5540208098364587
Zimbabwe,2014,3.5474584341381785,3.5474584341381785
Canada,2006,3.5458271967472825,3.5458271967472825
Brazil,2000,3.5401405262383747,3.5401405262383747
Russian Federation,2014,3.516525012856448,3.516525012856448
Dominican Republic,2003,3.5139613161668137,3.5139613161668137
Papua New Guinea,2005,3.4953792366500522,3.4953792366500522
Iraq,2014,-3.493944268628397,3.493944268628397
Guatemala,2009,3.484988285263583,3.484988285263583
Ireland,2012,3.4774952292673333,3.4774952292673333
Haiti,2000,3.454496552359835,3.454496552359835
Liberia,2001,-3.4266290166908604,3.4266290166908604
Mozambique,2004,3.4107246408689207,3.4107246408689207
Nicaragua,2002,3.404564998807615,3.404564998807615
Dominican Republic,2000,3.3938039004900276,3.3938039004900276
Iraq,2009,3.3043538241030177,3.3043538241030177
Germany,2012,3.298208403519979,3.298208403519979
Vanuatu,2008,3.265846743048016,3.265846743048016
Lithuania,2006,3.241998906861326,3.241998906861326
Haiti,2003,3.236429864103144,3.236429864103144
Bhutan,2001,-3.225065844992727,3.225065844992727
Liberia,2014,-3.192563136391101,3.192563136391101
Kenya,2010,3.189040285962399,3.189040285962399
Greece,2013,3.178610925497239,3.178610925497239
Trinidad and Tobago,2011,3.1656899774583565,3.1656899774583565
Guatemala,2007,3.146211735599877,3.146211735599877
Sri Lanka,2004,-3.1458262666881467,3.1458262666881467
Ethiopia,2000,-3.137261822178104,3.137261822178104
El Salvador,2002,3.11868854195248,3.11868854195248
Ukraine,2011,3.1005958474329844,3.1005958474329844
Haiti,2002,3.097393485619783,3.097393485619783
Haiti,2001,3.0543136370295016,3.0543136370295016
Iceland,2002,3.052291845624495,3.052291845624495
Ghana,2014,-3.0465154836904773,3.0465154836904773
Niger,2002,-3.044601193610525,3.044601193610525
Norway,2007,3.040688679719466,3.040688679719466
Botswana,2004,-3.038769152990959,3.038769152990959
El Salvador,2006,3.031973830576632,3.031973830576632
Denmark,2014,3.0317149351342323,3.0317149351342323
Equatorial Guinea,2001,-3.019322453101111,3.019322453101111
Guyana,2002,3.0160519129324186,3.0160519129324186
Ghana,2012,-2.975178037579191,2.975178037579191
South Africa,2000,2.971787273633069,2.971787273633069
Guyana,2014,-2.9688126744305094,2.9688126744305094
Sierra Leone,2001,-2.9415312146698156,2.9415312146698156
Ukraine,2008,-2.9321509187851404,2.9321509187851404
New Zealand,2009,2.906298290763175,2.906298290763175
Dominican Republic,2013,-2.882934120482105,2.882934120482105
Botswana,2001,-2.8726558835371208,2.8726558835371208
Belize,2003,2.869638834349786,2.869638834349786
Samoa,2001,2.865416072135943,2.865416072135943
Israel,2006,2.8640998773506396,2.8640998773506396
Guyana,2013,-2.858476825311783,2.858476825311783
Sweden,2005,2.8563368482844,2.8563368482844
Guyana,2012,-2.853348165289475,2.853348165289475
Zimbabwe,2006,-2.845390459628149,2.845390459628149
Guyana,2001,2.829793429306058,2.829793429306058
Cabo Verde,2001,2.827053461977897,2.827053461977897
Suriname,2011,2.821733421344973,2.821733421344973
Switzerland,2002,2.803721667056436,2.803721667056436
Ghana,2013,-2.792590355386416,2.792590355386416
Grenada,2000,2.751140161968408,2.751140161968408
Zimbabwe,2013,2.7491686159267914,2.7491686159267914
Mali,2001,2.7336940761338155,2.7336940761338155
Liberia,2011,2.7246084187742525,2.7246084187742525
Guyana,2003,2.7215455754789133,2.7215455754789133
Latvia,2005,2.719455311989151,2.719455311989151
Barbados,2000,2.7179077443310575,2.7179077443310575
Botswana,2012,2.7160511623849786,2.7160511623849786
Zimbabwe,2005,-2.704206094571269,2.704206094571269
Uganda,2010,2.703672843540481,2.703672843540481
Malawi,2014,2.684808435803056,2.684808435803056
Senegal,2000,-2.6845969507304233,2.6845969507304233
Iraq,2005,-2.673050007147353,2.673050007147353
Ireland,2011,2.6663939053015326,2.6663939053015326
Madagascar,2004,2.641196676489841,2.641196676489841
Rwanda,2003,-2.641095731458634,2.641095731458634
Bangladesh,2011,2.6187857485428196,2.6187857485428196
Zambia,2004,-2.618336543580277,2.618336543580277
Turkmenistan,2000,2.6032721141757875,2.6032721141757875
Timor-Leste,2003,-2.573288854218916,2.573288854218916
Malawi,2001,-2.546535746883812,2.546535746883812
Israel,2007,2.537577467954094,2.537577467954094
Greece,2011,2.5314658714971614,2.5314658714971614
Bhutan,2002,-2.524226988930863,2.524226988930863
Zimbabwe,2011,2.519837829037918,2.519837829037918
Germany,2011,2.5070758077188344,2.5070758077188344
Uganda,2011,2.5023428549529427,2.5023428549529427
Guinea,2014,-2.502172855358239,2.502172855358239
Botswana,2011,2.499936750581753,2.499936750581753
Zimbabwe,2012,2.496325631419772,2.496325631419772
Malawi,2011,2.4871560000360873,2.4871560000360873
Malawi,2000,-2.479740229307822,2.479740229307822
Dominican Republic,2014,-2.478361880473969,2.478361880473969
Guyana,2011,-2.477138179335057,2.477138179335057
Zimbabwe,2007,-2.4767978845837817,2.4767978845837817
Maldives,2002,-2.4754108804678765,2.4754108804678765
Uganda,2004,-2.4729432871664656,2.4729432871664656
Zambia,2014,2.466624948845265,2.466624948845265
Mauritania,2004,2.4578270142651064,2.4578270142651064
Niger,2003,-2.4559398573050046,2.4559398573050046
Trinidad and Tobago,2008,-2.45569427689162,2.45569427689162
Bhutan,2000,-2.4331691757086134,2.4331691757086134
Uganda,2003,-2.41623811956584,2.41623811956584
Trinidad and Tobago,2013,-2.4148510614651855,2.4148510614651855
Senegal,2001,-2.4113623580643804,2.4113623580643804
Liberia,2000,-2.4109563365663718,2.4109563365663718
Equatorial Guinea,2000,-2.4095184334233437,2.4095184334233437
Ethiopia,2001,-2.4055305453522635,2.4055305453522635
Trinidad and Tobago,2014,-2.398697396574633,2.398697396574633
Libya,2011,-2.3929346628924577,2.3929346628924577
Malawi,2002,-2.391267755403895,2.391267755403895
Madagascar,2000,-2.3905318489613165,2.3905318489613165
Malawi,2012,2.3873387079548394,2.3873387079548394
Lesotho,2001,2.3867388777421894,2.3867388777421894
Haiti,2006,2.376271029443025,2.376271029443025
Rwanda,2002,2.3751472657435357,2.3751472657435357
Zambia,2008,2.372469246828814,2.372469246828814
Guinea-Bissau,2000,-2.3660288026269143,2.3660288026269143
Cabo Verde,2013,-2.3541485437154677,2.3541485437154677
Mozambique,2013,-2.3356479810401325,2.3356479810401325
Ghana,2011,-2.3329171230041794,2.3329171230041794
Australia,2003,2.3309294181047164,2.3309294181047164
Sri Lanka,2009,-2.323038169574815,2.323038169574815
Norway,2006,2.318406880782547,2.318406880782547
Guatemala,2000,-2.3168295506891923,2.3168295506891923
Botswana,2010,2.309666820904745,2.309666820904745
Zambia,2009,2.3048626359375888,2.3048626359375888
Belarus,2010,2.3022878160191453,2.3022878160191453
Turkey,2000,2.299624587786724,2.299624587786724
Estonia,2002,-2.296184169660762,2.296184169660762
Bosnia and Herzegovina,2000,2.263516528964473,2.263516528964473
Cabo Verde,2014,-2.2510391824731215,2.2510391824731215
Sierra Leone,2003,-2.2484758326864664,2.2484758326864664
Dominican Republic,2001,2.2234329060793385,2.2234329060793385
Equatorial Guinea,2012,2.222180246319624,2.222180246319624
Chile,2014,2.2198267457945633,2.2198267457945633
Cambodia,2000,-2.2159706922490585,2.2159706922490585
Swaziland,2005,-2.215330818346658,2.215330818346658
Togo,2014,-2.213576055095132,2.213576055095132
Latvia,2008,-2.2045929817327874,2.2045929817327874
South Africa,2014,-2.2032758653283793,2.2032758653283793
South Africa,2012,-2.1948389442451486,2.1948389442451486
Haiti,2007,2.191896695035936,2.191896695035936
Ukraine,2007,-2.1909534766158743,2.1909534766158743
Austria,2010,2.1848769669774697,2.1848769669774697
Namibia,2000,2.177277247097507,2.177277247097507
Mauritania,2014,-2.1768954019811275,2.1768954019811275
Albania,2015,-2.165994547376201,2.165994547376201
Afghanistan,2015,2.165994547372975,2.165994547372975
Zambia,2010,2.1579960127901927,2.1579960127901927
Malawi,2013,2.1577858022909595,2.1577858022909595
Barbados,2002,2.152386600423057,2.152386600423057
Azerbaijan,2007,2.1498435702961416,2.1498435702961416
Botswana,2014,2.141100435453673,2.141100435453673
Latvia,2001,-2.1376601620130202,2.1376601620130202
Ethiopia,2002,-2.12507349826474,2.12507349826474
Belize,2012,-2.114433828589341,2.114433828589341
Nicaragua,2000,2.0924985875117414,2.0924985875117414
Equatorial Guinea,2002,-2.0922358999870383,2.0922358999870383
Lithuania,2008,-2.079262665349731,2.079262665349731
Finland,2012,2.076617226333937,2.076617226333937
Cyprus,2014,2.0764887061818342,2.0764887061818342
Malawi,2010,2.074691801954941,2.074691801954941
Greece,2007,-2.065885190149089,2.065885190149089
Jamaica,2004,2.0651029523562414,2.0651029523562414
Jamaica,2000,2.062383517469229,2.062383517469229
Austria,2008,2.058514585140969,2.058514585140969
Greece,2009,-2.0547284859688375,2.0547284859688375
Azerbaijan,2000,-2.0540519389806207,2.0540519389806207
Sweden,2012,-2.0301185327135016,2.0301185327135016
Bhutan,2013,2.0300338905873048,2.0300338905873048
Dominican Republic,2002,2.028874857468466,2.028874857468466
Cabo Verde,2012,-2.0276325200184147,2.0276325200184147
Guatemala,2005,-2.024802366610203,2.024802366610203
Nigeria,2001,-2.016670787912112,2.016670787912112
Trinidad and Tobago,2002,2.016665787594306,2.016665787594306
Ukraine,2009,-2.0144190344910697,2.0144190344910697
Nigeria,2000,-2.0126396045478714,2.0126396045478714
Malta,2010,2.0065438530946693,2.0065438530946693
Nepal,2000,-1.9931697872446392,1.9931697872446392
Zimbabwe,2004,-1.9805566891547457,1.9805566891547457
Swaziland,2004,-1.980132383373494,1.980132383373494
Bhutan,2014,1.9766552867882012,1.9766552867882012
Zambia,2012,1.9725273785067614,1.9725273785067614
Guyana,2004,1.9666880828962903,1.9666880828962903
Haiti,2013,-1.9646437516868502,1.9646437516868502
Jamaica,2002,1.961212656976869,1.961212656976869
Cambodia,2003,1.9595824480376578,1.9595824480376578
Estonia,2007,-1.9582928027431308,1.9582928027431308
Barbados,2001,1.9538823402900505,1.9538823402900505
South Africa,2011,-1.9504765840632245,1.9504765840632245
Haiti,2008,1.9493357072189994,1.9493357072189994
Guinea-Bissau,2001,-1.946234641383974,1.946234641383974
France,2002,-1.9371120492261582,1.9371120492261582
Jamaica,2003,1.9353641872112064,1.9353641872112064
Sweden,2013,-1.9346935631203763,1.9346935631203763
Guyana,2009,-1.9223978873048964,1.9223978873048964
Guyana,2000,1.90424360429202,1.90424360429202
Nepal,2002,-1.9025781539669495,1.9025781539669495
Azerbaijan,2008,1.902577143329907,1.902577143329907
Latvia,2009,-1.9018489809835302,1.9018489809835302
Sweden,2009,-1.8978422489654463,1.8978422489654463
Jamaica,2008,-1.8973403142465344,1.8973403142465344
Guatemala,2001,-1.8932814926168078,1.8932814926168078
Norway,2011,-1.8924187570661246,1.8924187570661246
Sri Lanka,2003,1.8914043810345476,1.8914043810345476
Botswana,2013,1.8898702723505565,1.8898702723505565
France,2003,-1.8836518447715775,1.8836518447715775
Malawi,2003,-1.8830842387992064,1.8830842387992064
Mali,2000,-1.8812788818839365,1.8812788818839365
Sweden,2011,-1.8669936654771249,1.8669936654771249
Zambia,2005,-1.8636097957513016,1.8636097957513016
Romania,2009,-1.860590652875132,1.860590652875132
Niger,2004,-1.8603813628172432,1.8603813628172432
Mauritania,2011,-1.8585234594415851,1.8585234594415851
Jamaica,2001,1.8555385629193637,1.8555385629193637
Guatemala,2012,-1.8547270826779254,1.8547270826779254
Norway,2012,-1.850130337431267,1.850130337431267
Mauritania,2009,-1.845212091057057,1.845212091057057
Bangladesh,2000,-1.840546776359588,1.840546776359588
France,2012,-1.8397843726324226,1.8397843726324226
Namibia,2005,-1.836423006473602,1.836423006473602
Guatemala,2011,-1.8247062550798745,1.8247062550798745
Kazakhstan,2014,1.822496059250227,1.822496059250227
Jamaica,2012,-1.811739246659542,1.811739246659542
Haiti,2004,1.8087365024190802,1.8087365024190802
Guatemala,2013,-1.8003059074071075,1.8003059074071075
South Africa,2001,1.7862847490926015,1.7862847490926015
Bhutan,2012,1.7827058533878102,1.7827058533878102
Russian Federation,2005,-1.78246813721303,1.78246813721303
Sweden,2008,-1.781390734606461,1.781390734606461
Guyana,2010,-1.7805856285791748,1.7805856285791748
Ghana,2008,1.780536716504919,1.780536716504919
Sri Lanka,2002,1.7802374481537129,1.7802374481537129
Central African Republic,2013,-1.7800188011073814,1.7800188011073814
Rwanda,2010,1.7765400463101955,1.7765400463101955
Botswana,2009,1.776314452321536,1.776314452321536
Norway,2014,-1.7753074248210083,1.7753074248210083
Germany,2008,-1.7741091273113767,1.7741091273113767
Niger,2001,1.7699675603286664,1.7699675603286664
Austria,2002,-1.767729483689081,1.767729483689081
Papua New Guinea,2014,-1.7667517820832899,1.7667517820832899
Samoa,2012,-1.7649977717825607,1.7649977717825607
Austria,2006,-1.760117130901591,1.760117130901591
Bangladesh,2001,-1.758518099310578,1.758518099310578
Sweden,2010,-1.7578926711935736,1.7578926711935736
Botswana,2008,1.756921823889087,1.756921823889087
Portugal,2009,-1.7565547347068957,1.7565547347068957
Portugal,2012,1.7530522653048308,1.7530522653048308
Honduras,2000,1.7473343545676698,1.7473343545676698
Sudan,2000,-1.7379616946571517,1.7379616946571517
Trinidad and Tobago,2009,-1.7345758933473974,1.7345758933473974
Norway,2013,-1.7329598715569716,1.7329598715569716
Netherlands,2008,1.7315250674578522,1.7315250674578522
Dominican Republic,2011,-1.7198408011138184,1.7198408011138184
Belgium,2009,-1.7193418197001762,1.7193418197001762
Austria,2005,-1.718989105892632,1.718989105892632
Mozambique,2014,-1.7156699675294078,1.7156699675294078
Canada,2012,-1.7059295416625844,1.7059295416625844
Rwanda,2004,-1.7017644773851472,1.7017644773851472
Comoros,2014,1.7015417056450133,1.7015417056450133
Nepal,2001,-1.6937500461562252,1.6937500461562252
Finland,2009,-1.6932700890767052,1.6932700890767052
Grenada,2009,-1.691445692468264,1.691445692468264
Estonia,2006,-1.689420367574641,1.689420367574641
Mauritania,2003,1.6893779292501137,1.6893779292501137
Senegal,2002,-1.6892895439277922,1.6892895439277922
Ireland,2000,-1.6873633067306741,1.6873633067306741
Germany,2007,-1.6858407094135828,1.6858407094135828
Niger,2005,-1.6827444760345571,1.6827444760345571
Samoa,2010,-1.6783682774993451,1.6783682774993451
Haiti,2014,-1.6770011167071388,1.6770011167071388
Mauritania,2007,-1.6763244437987765,1.6763244437987765
Latvia,2004,-1.6748035003611363,1.6748035003611363
Uganda,2014,1.6747413962813908,1.6747413962813908
Greece,2008,-1.6738728713044964,1.6738728713044964
Bhutan,2003,-1.6722439074348188,1.6722439074348188
Iceland,2011,-1.6721495452009805,1.6721495452009805
Central African Republic,2000,1.6707568441579568,1.6707568441579568
Eritrea,2007,1.6683917195588691,1.6683917195588691
Sweden,2014,-1.6668304829877911,1.6668304829877911
Uganda,2009,1.6605786846274668,1.6605786846274668
Zimbabwe,2008,-1.6604058967847735,1.6604058967847735
Trinidad and Tobago,2010,1.657501973337375,1.657501973337375
Mauritania,2013,-1.6551598827614526,1.6551598827614526
Germany,2002,-1.6512997421931317,1.6512997421931317
Mozambique,2012,-1.6512191215182952,1.6512191215182952
Estonia,2003,-1.6508719794436502,1.6508719794436502
Azerbaijan,2001,-1.64795748643823,1.64795748643823
Nicaragua,2001,1.6440066871103767,1.6440066871103767
Gabon,2000,1.64344685370218,1.64344685370218
Azerbaijan,2005,-1.6433214926725697,1.6433214926725697
Iceland,2009,-1.6402058561372002,1.6402058561372002
Nigeria,2002,-1.639877483715324,1.639877483715324
Samoa,2009,1.639599186301112,1.639599186301112
Austria,2000,-1.6385469339391818,1.6385469339391818
Cambodia,2001,-1.6380526548710392,1.6380526548710392
Grenada,2011,-1.6345307893489576,1.6345307893489576
Burundi,2014,-1.632867334513449,1.632867334513449
Lesotho,2005,-1.6300867483163088,1.6300867483163088
Germany,2005,-1.6294034747890578,1.6294034747890578
Antigua and Barbuda,2000,1.6249465288667437,1.6249465288667437
Ukraine,2010,-1.6211861474570384,1.6211861474570384
Iraq,2004,-1.6128807354808288,1.6128807354808288
Austria,2001,-1.610799008314416,1.610799008314416
Canada,2011,-1.6104162954139838,1.6104162954139838
Germany,2003,-1.610058685953689,1.610058685953689
Mauritania,2008,-1.6092159765999199,1.6092159765999199
Timor-Leste,2004,-1.6090709910681156,1.6090709910681156
Gabon,2014,-1.607324080724581,1.607324080724581
Ethiopia,2003,-1.6047704162352048,1.6047704162352048
France,2009,-1.6017434456341562,1.6017434456341562
Cabo Verde,2011,-1.5997377206795846,1.5997377206795846
Austria,2013,-1.5993231049785095,1.5993231049785095
Grenada,2008,-1.5986050828740446,1.5986050828740446
Uganda,2012,1.59545820273339,1.59545820273339
Samoa,2007,-1.594917335974145,1.594917335974145
Angola,2000,-1.5938832952353295,1.5938832952353295
Grenada,2012,-1.5933259606656947,1.5933259606656947
Latvia,2010,-1.5911899863982484,1.5911899863982484
Madagascar,2001,-1.5900994740357959,1.5900994740357959
Malawi,2004,-1.590034929422302,1.590034929422302
Canada,2014,-1.5852302613565854,1.5852302613565854
Luxembourg,2009,1.5851255981539083,1.5851255981539083
Austria,2003,-1.5849108713580335,1.5849108713580335
Germany,2006,-1.5841784367337226,1.5841784367337226
Antigua and Barbuda,2003,1.583943976751712,1.583943976751712
Bhutan,2010,1.5826031633702513,1.5826031633702513
Iceland,2013,-1.577975499071016,1.577975499071016
Estonia,2005,-1.5700536980618978,1.5700536980618978
Grenada,2007,-1.5669841230233033,1.5669841230233033
Sierra Leone,2011,1.5644103359165555,1.5644103359165555
Equatorial Guinea,2010,1.5633043528520076,1.5633043528520076
Guatemala,2014,-1.5623227521375043,1.5623227521375043
Samoa,2005,-1.5587633106280663,1.5587633106280663
Rwanda,2007,1.557939338672817,1.557939338672817
Portugal,2005,-1.5578196808191365,1.5578196808191365
Comoros,2013,1.5535373424240433,1.5535373424240433
Samoa,2008,-1.5513336194763099,1.5513336194763099
Canada,2013,-1.5496766764985495,1.5496766764985495
Belgium,2002,-1.5485736561979309,1.5485736561979309
Norway,2002,-1.5481646016822168,1.5481646016822168
Germany,2009,-1.5462710724033286,1.5462710724033286
Mauritania,2010,-1.5453081725501292,1.5453081725501292
Romania,2005,-1.5441854241970105,1.5441854241970105
Maldives,2014,1.5410545771762258,1.5410545771762258
Honduras,2003,1.5407177440151543,1.5407177440151543
Kazakhstan,2013,1.5385163536693511,1.5385163536693511
New Zealand,2012,-1.5378216886707747,1.5378216886707747
Italy,2012,-1.5302824105062456,1.5302824105062456
Samoa,2011,-1.5296652846984102,1.5296652846984102
Mozambique,2000,-1.5261667780653667,1.5261667780653667
Belize,2004,1.5254392814692892,1.5254392814692892
Antigua and Barbuda,2004,1.5253075416144242,1.5253075416144242
Greece,2006,-1.5246666747554656,1.5246666747554656
Maldives,2003,-1.523631592224362,1.523631592224362
Botswana,2007,1.5230266409894924,1.5230266409894924
Norway,2001,-1.5217778354413696,1.5217778354413696
Angola,2001,-1.5211808500649155,1.5211808500649155
Swaziland,2009,1.5209772084418063,1.5209772084418063
Ukraine,2005,-1.5202692802734674,1.5202692802734674
Germany,2001,-1.5166109139462804,1.5166109139462804
Comoros,2009,-1.5158768806668874,1.5158768806668874
Togo,2012,-1.5157661181725075,1.5157661181725075
Azerbaijan,2003,-1.5146113661378848,1.5146113661378848
France,2001,-1.512905108651367,1.512905108651367
Equatorial Guinea,2011,1.512441776769478,1.512441776769478
Kiribati,2000,1.5117316996874521,1.5117316996874521
Suriname,2010,1.5100513375580107,1.5100513375580107
Papua New Guinea,2013,-1.508901021742055,1.508901021742055
Zimbabwe,2000,1.508629171913924,1.508629171913924
Senegal,2014,1.5083852005247564,1.5083852005247564
Guinea-Bissau,2010,1.5075875761198034,1.5075875761198034
Guatemala,2006,-1.5071141534454569,1.5071141534454569
Swaziland,2003,-1.5065371484379284,1.5065371484379284
Estonia,2004,-1.5057336755864128,1.5057336755864128
Sudan,2001,-1.5031792629064427,1.5031792629064427
Iraq,2013,-1.5022425676140898,1.5022425676140898
Mauritania,2012,-1.5021461001947927,1.5021461001947927
Bangladesh,2002,-1.4995330129571158,1.4995330129571158
Guyana,2007,1.494245787853444,1.494245787853444
Finland,2007,-1.49320292678037,1.49320292678037
Romania,2010,-1.4902001920228969,1.4902001920228969
Swaziland,2008,1.4887175239680772,1.4887175239680772
Central African Republic,2007,-1.4861028236862097,1.4861028236862097
Djibouti,2012,-1.4856400744408447,1.4856400744408447
Belgium,2010,-1.483573359723792,1.483573359723792
Slovenia,2012,1.483269425103515,1.483269425103515
Romania,2003,-1.4816875393648417,1.4816875393648417
Antigua and Barbuda,2002,1.479241139019507,1.479241139019507
Ireland,2001,-1.4790288713132753,1.4790288713132753
Netherlands,2011,-1.477867488620575,1.477867488620575
Gabon,2013,-1.4767755399145273,1.4767755399145273
Samoa,2006,-1.4761213202711758,1.4761213202711758
Nicaragua,2005,-1.4728863977269384,1.4728863977269384
Grenada,2013,-1.4711222212577582,1.4711222212577582
Ukraine,2006,-1.4704053752864041,1.4704053752864041
Seychelles,2000,1.470177979383692,1.470177979383692
Indonesia,2004,-1.469375230679944,1.469375230679944
Jamaica,2014,-1.4664737859790762,1.4664737859790762
Papua New Guinea,2012,-1.4649830098342562,1.4649830098342562
Equatorial Guinea,2013,1.4622995358946156,1.4622995358946156
Slovenia,2003,-1.4621789036334718,1.4621789036334718
Vanuatu,2007,1.4614446305341176,1.4614446305341176
Sweden,2004,1.459748984088833,1.459748984088833
Haiti,2009,1.4581662012462715,1.4581662012462715
Jamaica,2011,-1.4573817626933447,1.4573817626933447
Honduras,2002,1.455875849414852,1.455875849414852
Finland,2008,-1.455074206116734,1.455074206116734
Portugal,2001,-1.4539530234092126,1.4539530234092126
Senegal,2003,-1.453652385603469,1.453652385603469
France,2011,-1.4511281617053697,1.4511281617053697
Honduras,2001,1.4487052866109167,1.4487052866109167
Sri Lanka,2005,1.4463838806433813,1.4463838806433813
Belize,2013,-1.4456038085777152,1.4456038085777152
Antigua and Barbuda,2001,1.4437057186190145,1.4437057186190145
Luxembourg,2005,-1.4418501090752756,1.4418501090752756
Comoros,2005,-1.4413223842653835,1.4413223842653835
France,2010,-1.4407225870024547,1.4407225870024547
Namibia,2008,1.4399191630309787,1.4399191630309787
Suriname,2001,1.4388903356779679,1.4388903356779679
Grenada,2006,-1.4373829579522521,1.4373829579522521
Trinidad and Tobago,2006,-1.4336570409856506,1.4336570409856506
Greece,2005,-1.433223986801707,1.433223986801707
Georgia,2009,-1.4316315927966485,1.4316315927966485
Barbados,2003,1.4313207247521973,1.4313207247521973
Grenada,2010,-1.430697193004761,1.430697193004761
Bhutan,2011,1.4289246117499772,1.4289246117499772
Finland,2002,-1.426725805541082,1.426725805541082
Germany,2000,-1.424236529739602,1.424236529739602
Cuba,2002,1.4225633309496573,1.4225633309496573
Spain,2012,-1.4211751005401396,1.4211751005401396
Norway,2010,-1.4204846006029612,1.4204846006029612
Sierra Leone,2004,-1.4183563072811438,1.4183563072811438
Jamaica,2010,-1.417545105202791,1.417545105202791
Sri Lanka,2008,-1.4173469370724234,1.4173469370724234
Gabon,2011,-1.415062221991107,1.415062221991107
Papua New Guinea,2011,-1.4117908351922637,1.4117908351922637
Mali,2002,-1.4100071980095876,1.4100071980095876
Guinea-Bissau,2002,-1.4063209487084194,1.4063209487084194
Togo,2013,-1.405288295114154,1.405288295114154
Trinidad and Tobago,2005,-1.4038907627334112,1.4038907627334112
Namibia,2004,-1.4035927531368202,1.4035927531368202
Ecuador,2004,1.4028948422802756,1.4028948422802756
Timor-Leste,2002,-1.401910761468038,1.401910761468038
Norway,2000,-1.396619435268093,1.396619435268093
Iceland,2008,-1.3952666441834367,1.3952666441834367
Finland,2006,-1.3943503782428053,1.3943503782428053
South Africa,2010,-1.3929625815557856,1.3929625815557856
Malawi,2005,-1.3924728859809647,1.3924728859809647
Finland,2000,-1.3916974955608765,1.3916974955608765
Kazakhstan,2007,-1.388862192717653,1.388862192717653
Liberia,2010,1.3881217963293437,1.3881217963293437
Madagascar,2002,-1.387239030527958,1.387239030527958
Finland,2010,-1.3865388626175417,1.3865388626175417
Nicaragua,2010,-1.3863981574400128,1.3863981574400128
Panama,2000,1.3854074111908545,1.3854074111908545
Portugal,2000,-1.3835706065830777,1.3835706065830777
Burundi,2012,-1.382412825983515,1.382412825983515
Sweden,2002,-1.380803818425207,1.380803818425207
Latvia,2006,1.3796401086571564,1.3796401086571564
Nepal,2012,1.3790735059201324,1.3790735059201324
Russian Federation,2004,-1.3783533929904763,1.3783533929904763
Romania,2008,-1.3767056722956852,1.3767056722956852
New Zealand,2006,-1.376010902573114,1.376010902573114
Niger,2006,-1.3737571681315401,1.3737571681315401
Austria,2014,-1.3702666977647766,1.3702666977647766
France,2013,-1.3702564683174785,1.3702564683174785
Haiti,2012,-1.3616854176299569,1.3616854176299569
Portugal,2002,-1.3614795633773866,1.3614795633773866
Liberia,2008,1.3606248965674368,1.3606248965674368
Belize,2014,-1.3591500780442942,1.3591500780442942
Tajikistan,2014,1.3565140231335704,1.3565140231335704
Japan,2011,-1.35028996132192,1.35028996132192
Portugal,2010,-1.3500507500134091,1.3500507500134091
Kazakhstan,2006,-1.3480893610554716,1.3480893610554716
France,2000,-1.3462808335015097,1.3462808335015097
Morocco,2001,-1.3457338609718477,1.3457338609718477
Iceland,2010,-1.3452885417449068,1.3452885417449068
Lithuania,2009,-1.3450346632555465,1.3450346632555465
Gabon,2012,-1.3430768731245024,1.3430768731245024
New Zealand,2013,-1.3424378492497198,1.3424378492497198
Samoa,2013,-1.3418078469190533,1.3418078469190533
Nigeria,2003,-1.3409932546801002,1.3409932546801002
Spain,2003,-1.3391575018591766,1.3391575018591766
Grenada,2014,-1.3377445484935748,1.3377445484935748
Italy,2013,-1.334226044352178,1.334226044352178
Comoros,2008,-1.3322657641838873,1.3322657641838873
Netherlands,2014,-1.3305630358062643,1.3305630358062643
Grenada,2005,-1.3287690651552992,1.3287690651552992
Niger,2014,1.3275907576576103,1.3275907576576103
Nicaragua,2008,-1.3234640677053306,1.3234640677053306
Finland,2001,-1.3218312555370915,1.3218312555370915
Sweden,2001,-1.3192590903472308,1.3192590903472308
Senegal,2012,1.318372350458219,1.318372350458219
Zambia,2011,1.3172370407641836,1.3172370407641836
Iceland,2012,-1.316728875973169,1.316728875973169
Netherlands,2002,-1.3160204355379506,1.3160204355379506
Nicaragua,2013,-1.3119211866780347,1.3119211866780347
Romania,2006,-1.3116472808792565,1.3116472808792565
Vanuatu,2012,-1.3108733026959811,1.3108733026959811
Kazakhstan,2005,-1.3101191982922984,1.3101191982922984
Swaziland,2000,1.3085161172872901,1.3085161172872901
Honduras,2014,-1.308044926637976,1.308044926637976
Ecuador,2003,1.3079936943730246,1.3079936943730246
Cabo Verde,2009,-1.3076963104043813,1.3076963104043813
Central African Republic,2006,-1.3075766205070707,1.3075766205070707
Morocco,2000,-1.3069845405299674,1.3069845405299674
Vanuatu,2011,-1.3055711778967378,1.3055711778967378
Honduras,2011,-1.3045302540539438,1.3045302540539438
Jamaica,2013,-1.3041076675303316,1.3041076675303316
Italy,2011,-1.3032316168632008,1.3032316168632008
Portugal,2003,-1.3021505990722062,1.3021505990722062
New Zealand,2014,-1.3006844216739069,1.3006844216739069
Slovenia,2001,-1.299199883945093,1.299199883945093
Kazakhstan,2012,1.2962723497573023,1.2962723497573023
France,2014,-1.2961676797800123,1.2961676797800123
Seychelles,2001,1.295753183079185,1.295753183079185
Central African Republic,2012,1.295282182678001,1.295282182678001
Italy,2009,-1.295113204800785,1.295113204800785
Finland,2005,-1.294904103205866,1.294904103205866
Sierra Leone,2012,1.2913306570110663,1.2913306570110663
Greece,2012,1.2890371056368082,1.2890371056368082
Iceland,2007,-1.2886133340276302,1.2886133340276302
Botswana,2005,-1.2860398268513507,1.2860398268513507
Guatemala,2002,-1.2834225814145697,1.2834225814145697
Belgium,2000,-1.2818465933636674,1.2818465933636674
Ukraine,2013,-1.281466382592086,1.281466382592086
Singapore,2005,1.2805259257717978,1.2805259257717978
Latvia,2011,-1.2791733040850346,1.2791733040850346
Liberia,2009,1.2773323784510637,1.2773323784510637
Maldives,2013,1.275022062107226,1.275022062107226
Burundi,2013,-1.2729470172682298,1.2729470172682298
Senegal,2013,1.271821502314907,1.271821502314907
Saudi Arabia,2000,1.2710325086176084,1.2710325086176084
Comoros,2012,1.2663937934847525,1.2663937934847525
Sao Tome and Principe,2004,1.261997008164201,1.261997008164201
Cuba,2010,-1.261930080495361,1.261930080495361
Spain,2002,-1.2617545740289273,1.2617545740289273
Sierra Leone,2014,-1.2602486198779985,1.2602486198779985
Cuba,2000,1.2600617707223591,1.2600617707223591
Mongolia,2008,1.2577747240529789,1.2577747240529789
Swaziland,2006,-1.2574416139393776,1.2574416139393776
Romania,2007,-1.2573201639727074,1.2573201639727074
Ireland,2002,-1.2566899236738749,1.2566899236738749
Azerbaijan,2002,-1.2554470537962885,1.2554470537962885
Suriname,2013,-1.2550265482202718,1.2550265482202718
Botswana,2000,-1.2549064549776077,1.2549064549776077
Antigua and Barbuda,2009,-1.2502411164404634,1.2502411164404634
Guinea-Bissau,2012,1.250031168976399,1.250031168976399
Netherlands,2012,-1.2499585761314762,1.2499585761314762
Guinea-Bissau,2011,1.2484656488745927,1.2484656488745927
Sao Tome and Principe,2014,-1.2472190158480032,1.2472190158480032
Belgium,2003,-1.2470598113857676,1.2470598113857676
Nicaragua,2012,-1.2465107677413982,1.2465107677413982
Iceland,2014,-1.2459053066317125,1.2459053066317125
Belize,2005,1.2454759456409477,1.2454759456409477
Portugal,2007,-1.2452946617082858,1.2452946617082858
Namibia,2014,-1.242222449384741,1.242222449384741
Belgium,2001,-1.2415631573432933,1.2415631573432933
Argentina,2000,1.2404782798157328,1.2404782798157328
Samoa,2014,-1.2394130523931608,1.2394130523931608
Luxembourg,2007,-1.2390770175905317,1.2390770175905317
Sao Tome and Principe,2013,-1.2388947984788672,1.2388947984788672
Antigua and Barbuda,2011,-1.2384313811968468,1.2384313811968468
Iceland,2006,-1.237211837086889,1.237211837086889
Canada,2009,-1.23604017771747,1.23604017771747
Netherlands,2001,-1.2347984765950741,1.2347984765950741
Austria,2004,-1.2341777096484918,1.2341777096484918
Antigua and Barbuda,2005,1.2326401694486009,1.2326401694486009
Honduras,2004,1.2254312521908588,1.2254312521908588
Equatorial Guinea,2003,-1.2245687826539893,1.2245687826539893
Paraguay,2012,-1.2176584763190732,1.2176584763190732
Burundi,2011,-1.215250849919542,1.215250849919542
Nigeria,2004,-1.214828489353387,1.214828489353387
Thailand,2000,1.2145614307807335,1.2145614307807335
Kuwait,2000,1.2133896509449045,1.2133896509449045
Central African Republic,2008,-1.2088608364175712,1.2088608364175712
Cambodia,2002,-1.2083960139919725,1.2083960139919725
Costa Rica,2010,-1.207903966842153,1.207903966842153
Slovenia,2005,-1.2053072004791971,1.2053072004791971
Seychelles,2002,1.2049472647399,1.2049472647399
Luxembourg,2001,-1.204801061027922,1.204801061027922
Equatorial Guinea,2009,1.2038919638256473,1.2038919638256473
Lesotho,2006,-1.2035874782377576,1.2035874782377576
Finland,2003,-1.2028063104627762,1.2028063104627762
Central African Republic,2011,-1.2025351148721626,1.2025351148721626
Jamaica,2009,-1.2018823323343355,1.2018823323343355
South Africa,2002,1.2010671954558703,1.2010671954558703
Comoros,2006,1.2009349230746054,1.2009349230746054
Costa Rica,2000,1.1992790640124014,1.1992790640124014
Germany,2004,-1.197508869441961,1.197508869441961
Suriname,2014,-1.1942472910947686,1.1942472910947686
Lithuania,2013,-1.1926182586116028,1.1926182586116028
Ethiopia,2012,1.1919462277802424,1.1919462277802424
Spain,2013,-1.1914935194565572,1.1914935194565572
Turkey,2002,-1.19057218787421,1.19057218787421
Latvia,2012,-1.1905181028810006,1.1905181028810006
Peru,2001,1.190186679828372,1.190186679828372
Timor-Leste,2014,1.1883051397348652,1.1883051397348652
Sudan,2004,-1.1874049180480668,1.1874049180480668
Finland,2011,1.1853568783576094,1.1853568783576094
Italy,2014,-1.180697406195776,1.180697406195776
Niger,2007,-1.1773305929804394,1.1773305929804394
Nigeria,2005,-1.1773219449431878,1.1773219449431878
Spain,2014,-1.1754469094383637,1.1754469094383637
New Zealand,2001,-1.1753629925388793,1.1753629925388793
Dominican Republic,2010,-1.1740804372065554,1.1740804372065554
Honduras,2012,-1.1738959182924873,1.1738959182924873
Slovenia,2002,-1.1669345408575253,1.1669345408575253
Vanuatu,2013,-1.1667536840773352,1.1667536840773352
Sweden,2000,-1.1661266010032136,1.1661266010032136
Sao Tome and Principe,2003,1.1644258977023654,1.1644258977023654
Lesotho,2014,-1.1631846208203598,1.1631846208203598
New Zealand,2002,-1.1598959663484862,1.1598959663484862
Togo,2000,1.1596791618160225,1.1596791618160225
Cabo Verde,2010,-1.1584557419411112,1.1584557419411112
Sierra Leone,2010,1.1580486732945943,1.1580486732945943
Lithuania,2011,-1.1557323631984957,1.1557323631984957
Georgia,2001,1.1553145473304198,1.1553145473304198
Comoros,2002,-1.1510885197732392,1.1510885197732392
Guyana,2005,1.1507877765883165,1.1507877765883165
Belgium,2008,-1.1492668189077477,1.1492668189077477
Suriname,2009,-1.1482263458594417,1.1482263458594417
Seychelles,2003,1.1481616280332219,1.1481616280332219
Papua New Guinea,2009,-1.1475356619250263,1.1475356619250263
Mozambique,2001,-1.1470203374012584,1.1470203374012584
Nepal,2014,1.1440089058810088,1.1440089058810088
Portugal,2008,-1.143694614742202,1.143694614742202
Belarus,2005,-1.1421660218714607,1.1421660218714607
Tajikistan,2013,1.139494254693659,1.139494254693659
Luxembourg,2006,-1.138319144389044,1.138319144389044
Lithuania,2012,-1.1371384382437668,1.1371384382437668
Belarus,2002,-1.1357729620370804,1.1357729620370804
Romania,2004,-1.1356071696350085,1.1356071696350085
Uzbekistan,2004,1.1352378449719964,1.1352378449719964
Finland,2004,-1.1337319795981813,1.1337319795981813
New Zealand,2008,-1.1312546079645784,1.1312546079645784
New Zealand,2004,-1.1290882974376615,1.1290882974376615
Vanuatu,2014,-1.1276042249547231,1.1276042249547231
Guinea-Bissau,2009,1.1265141284354527,1.1265141284354527
Italy,2008,-1.1260454239377822,1.1260454239377822
Guinea,2010,1.1258271534761164,1.1258271534761164
Central African Republic,2009,-1.1235131005655674,1.1235131005655674
Portugal,2006,-1.1235117285415726,1.1235117285415726
Spain,2001,-1.122442248818004,1.122442248818004
Burkina Faso,2002,-1.1208549953238816,1.1208549953238816
Slovenia,2007,-1.1204912728411642,1.1204912728411642
Guinea-Bissau,2013,1.1200636903023593,1.1200636903023593
Ethiopia,2011,1.118381038177823,1.118381038177823
Barbados,2011,-1.1175953888551788,1.1175953888551788
Slovenia,2000,-1.1174911761859079,1.1174911761859079
Romania,2011,-1.1156545773838928,1.1156545773838928
Azerbaijan,2004,-1.1130645755124817,1.1130645755124817
Philippines,2000,1.1106315318539686,1.1106315318539686
Suriname,2000,-1.110315895706691,1.110315895706691
Comoros,2004,-1.110051229250935,1.110051229250935
Norway,2003,-1.1090325650152124,1.1090325650152124
Liberia,2004,-1.1048802537775515,1.1048802537775515
Dominican Republic,2005,-1.1034129841236364,1.1034129841236364
Thailand,2012,-1.1025587115080526,1.1025587115080526
Luxembourg,2002,-1.1021876225191392,1.1021876225191392
Antigua and Barbuda,2008,-1.1017463199810038,1.1017463199810038
Nicaragua,2007,-1.0990587378534684,1.0990587378534684
Ethiopia,2004,-1.0969529986124869,1.0969529986124869
Zimbabwe,2010,1.0961319625598733,1.0961319625598733
Chad,2006,-1.0956876248394778,1.0956876248394778
Singapore,2001,-1.0947280330067741,1.0947280330067741
Spain,2009,-1.093938016453336,1.093938016453336
Brunei Darussalam,2004,1.0910168965951215,1.0910168965951215
Uruguay,2000,1.0909089689295683,1.0909089689295683
Honduras,2010,-1.0868842663294203,1.0868842663294203
Antigua and Barbuda,2007,-1.08631453186851,1.08631453186851
Russian Federation,2011,1.0833100323576872,1.0833100323576872
Ireland,2009,-1.0828196964850179,1.0828196964850179
Qatar,2000,1.0811615072327783,1.0811615072327783
Samoa,2004,-1.08087357951689,1.08087357951689
Lithuania,2010,-1.0807532352316542,1.0807532352316542
Maldives,2004,-1.0802880085122695,1.0802880085122695
Uganda,2005,-1.0783572136431374,1.0783572136431374
Honduras,2013,-1.0754174732354471,1.0754174732354471
Peru,2006,1.0745045994858629,1.0745045994858629
Spain,2011,-1.074053047292992,1.074053047292992
Romania,2012,-1.0738968285409811,1.0738968285409811
Singapore,2000,-1.0692121372895542,1.0692121372895542
Djibouti,2008,1.0688367509888366,1.0688367509888366
Zimbabwe,2003,-1.065219377995156,1.065219377995156
Russian Federation,2013,1.062875540511783,1.062875540511783
Ethiopia,2010,1.0613243126375451,1.0613243126375451
Barbados,2009,-1.061277724679755,1.061277724679755
Sudan,2003,-1.0610067944419441,1.0610067944419441
Saudi Arabia,2001,1.059176778610336,1.059176778610336
Morocco,2004,1.0579410418503699,1.0579410418503699
Nicaragua,2009,-1.057027217535591,1.057027217535591
Gabon,2009,-1.0555571051614265,1.0555571051614265
Malta,2001,-1.0554763909277085,1.0554763909277085
Russian Federation,2012,1.0551985831996689,1.0551985831996689
Trinidad and Tobago,2007,-1.0542499222778758,1.0542499222778758
Belgium,2011,1.0530970857412854,1.0530970857412854
Suriname,2002,1.0522917375899539,1.0522917375899539
Slovenia,2004,-1.0517909605122924,1.0517909605122924
Nepal,2010,1.0492533611317896,1.0492533611317896
Italy,2010,-1.0475292193310821,1.0475292193310821
Ethiopia,2005,-1.0470944476205588,1.0470944476205588
Fiji,2000,1.0468485553469264,1.0468485553469264
Antigua and Barbuda,2006,-1.0398878344751097,1.0398878344751097
Senegal,2004,-1.0395817128632245,1.0395817128632245
Netherlands,2000,-1.0384222353951031,1.0384222353951031
Spain,2000,-1.0373719544547697,1.0373719544547697
Russian Federation,2003,-1.0341925632465063,1.0341925632465063
Barbados,2012,-1.0337994466782732,1.0337994466782732
New Zealand,2005,-1.031989956452037,1.031989956452037
Netherlands,2003,-1.0312765836105768,1.0312765836105768
Mexico,2000,1.0310744271722996,1.0310744271722996
Italy,2007,-1.0297257851665904,1.0297257851665904
Morocco,2002,-1.0286847083196307,1.0286847083196307
Djibouti,2014,-1.0284188192914456,1.0284188192914456
Costa Rica,2002,1.027717466241981,1.027717466241981
Luxembourg,2000,-1.027249384667698,1.027249384667698
Kiribati,2003,1.0271928998459785,1.0271928998459785
Nepal,2013,1.0270304360274451,1.0270304360274451
Luxembourg,2008,-1.0229891843447518,1.0229891843447518
Kiribati,2001,1.017321144119819,1.017321144119819
Spain,2008,-1.017079820390606,1.017079820390606
Vanuatu,2010,-1.0165237065216814,1.0165237065216814
Belgium,2007,-1.0163372493187524,1.0163372493187524
Kiribati,2011,-1.0162556484137326,1.0162556484137326
Iraq,2008,-1.0160436962844273,1.0160436962844273
Nigeria,2006,-1.0146307742471095,1.0146307742471095
Latvia,2013,-1.0133712214443165,1.0133712214443165
Lesotho,2007,-1.0126464184797328,1.0126464184797328
Luxembourg,2012,-1.012015695400052,1.012015695400052
Greece,2000,-1.0118452068461465,1.0118452068461465
El Salvador,2009,-1.0116027309624656,1.0116027309624656
Honduras,2009,-1.0110989318436339,1.0110989318436339
Uzbekistan,2001,1.0097126980206355,1.0097126980206355
Guinea-Bissau,2003,-1.0087926574716164,1.0087926574716164
Slovenia,2006,-1.0087514519009346,1.0087514519009346
Vanuatu,2005,-1.005131637989237,1.005131637989237
Barbados,2013,-1.0050331367859684,1.0050331367859684
Kiribati,2012,-1.0034630416889314,1.0034630416889314
Uzbekistan,2011,-1.003143628571749,1.003143628571749
Guatemala,2004,-1.0024846377871768,1.0024846377871768
Netherlands,2013,-1.0007784212991169,1.0007784212991169
Greece,2004,-0.9989870642899916,0.9989870642899916
Netherlands,2005,-0.9971661448012981,0.9971661448012981
South Africa,2007,-0.9968935252075823,0.9968935252075823
Belize,2008,-0.9966327616271116,0.9966327616271116
Norway,2004,-0.9943251538652049,0.9943251538652049
Greece,2010,0.9935289662499827,0.9935289662499827
Malta,2000,-0.9932519777136832,0.9932519777136832
Russian Federation,2002,-0.991565730523547,0.991565730523547
Estonia,2014,0.990798345367395,0.990798345367395
Malta,2009,0.9902969695559847,0.9902969695559847
Thailand,2014,-0.9868204172029067,0.9868204172029067
Italy,2003,-0.9862197624264155,0.9862197624264155
Uganda,2008,0.9848355384677987,0.9848355384677987
Lithuania,2007,-0.9845715289203696,0.9845715289203696
Ireland,2006,-0.9830903867481311,0.9830903867481311
Singapore,2002,-0.9820435584943965,0.9820435584943965
Pakistan,2005,-0.9815745926064068,0.9815745926064068
Georgia,2005,0.9803786583905492,0.9803786583905492
Kiribati,2013,-0.9795397100625394,0.9795397100625394
Maldives,2012,0.9781117543248712,0.9781117543248712
Lithuania,2000,0.9759445244904157,0.9759445244904157
Cuba,2003,0.9756652071902607,0.9756652071902607
Sri Lanka,2001,0.9727569987332316,0.9727569987332316
Seychelles,2012,-0.9718641524320191,0.9718641524320191
Tonga,2000,0.9704697603225156,0.9704697603225156
Switzerland,2001,0.9678515050187428,0.9678515050187428
Sierra Leone,2009,0.9669332483257236,0.9669332483257236
Thailand,2001,0.9666031447379027,0.9666031447379027
South Africa,2006,-0.9660920517366662,0.9660920517366662
Switzerland,2007,-0.9647106718715861,0.9647106718715861
Swaziland,2013,0.964141678776933,0.964141678776933
Thailand,2013,-0.9636459198935654,0.9636459198935654
Belize,2010,-0.9618808603121067,0.9618808603121067
Sudan,2002,-0.9617803929538624,0.9617803929538624
Namibia,2007,0.961342325505413,0.961342325505413
Saudi Arabia,2003,0.9610596863267062,0.9610596863267062
Netherlands,2006,-0.9584831570088426,0.9584831570088426
Saudi Arabia,2002,0.9578496542256687,0.9578496542256687
Myanmar,2009,0.9566482004211707,0.9566482004211707
Brunei Darussalam,2003,0.9555209033585328,0.9555209033585328
Barbados,2014,-0.9541481927753352,0.9541481927753352
New Zealand,2003,-0.9531059851102697,0.9531059851102697
Turkmenistan,2001,0.9514036461766935,0.9514036461766935
Netherlands,2007,0.9484578298563093,0.9484578298563093
Seychelles,2014,-0.9484163591125423,0.9484163591125423
Kazakhstan,2011,0.9462084696518502,0.9462084696518502
France,2005,-0.9450778817310947,0.9450778817310947
Tonga,2001,0.9442033990987113,0.9442033990987113
Albania,2007,0.9440789818079054,0.9440789818079054
Swaziland,2002,-0.9439076343229189,0.9439076343229189
Suriname,2006,-0.9413887816796205,0.9413887816796205
Luxembourg,2004,-0.9385789715314274,0.9385789715314274
Belgium,2005,-0.9375554315293897,0.9375554315293897
Timor-Leste,2013,0.9372732540703197,0.9372732540703197
Lithuania,2014,-0.9369244381016699,0.9369244381016699
Belgium,2004,-0.9360643908768793,0.9360643908768793
Jamaica,2005,0.9350935002699146,0.9350935002699146
Togo,2001,0.9346515112115199,0.9346515112115199
Cuba,2008,-0.9329990949851634,0.9329990949851634
Madagascar,2003,-0.9328439294196471,0.9328439294196471
Guatemala,2003,-0.9316536712912438,0.9316536712912438
Estonia,2008,-0.9282130526699035,0.9282130526699035
Seychelles,2011,-0.9265799390436484,0.9265799390436484
Timor-Leste,2010,0.9236579967886627,0.9236579967886627
Kiribati,2002,0.9236428060619701,0.9236428060619701
Papua New Guinea,2010,-0.9235750233370226,0.9235750233370226
Burkina Faso,2003,-0.9227162918685679,0.9227162918685679
Azerbaijan,2006,-0.9225674824496508,0.9225674824496508
Canada,2010,-0.9206915493661683,0.9206915493661683
Romania,2014,-0.9206728715048911,0.9206728715048911
Belarus,2011,0.9195829111729807,0.9195829111729807
Seychelles,2009,-0.9170400958459481,0.9170400958459481
Mauritania,2000,-0.9126555131971941,0.9126555131971941
Grenada,2003,-0.9122030564339241,0.9122030564339241
Mali,2014,0.9105637622222389,0.9105637622222389
Central African Republic,2005,-0.9083973289382783,0.9083973289382783
Kenya,2004,-0.9082736615815961,0.9082736615815961
Uruguay,2012,-0.9079021319147813,0.9079021319147813
Suriname,2005,-0.9072349760512992,0.9072349760512992
Peru,2010,-0.9066504981106078,0.9066504981106078
Switzerland,2005,-0.9053908739480079,0.9053908739480079
Bhutan,2008,0.9052637387971032,0.9052637387971032
Cabo Verde,2008,-0.9045780779368613,0.9045780779368613
Iceland,2005,-0.9040239349695156,0.9040239349695156
Uzbekistan,2012,-0.9006546610701349,0.9006546610701349
Seychelles,2013,-0.9001825083041837,0.9001825083041837
Madagascar,2006,-0.8998216208851275,0.8998216208851275
Italy,2001,-0.8950358387305926,0.8950358387305926
Malawi,2009,0.8932741742887913,0.8932741742887913
Guinea,2009,0.8928262104939222,0.8928262104939222
Uruguay,2007,-0.8917941115886521,0.8917941115886521
Nepal,2003,-0.8903701407104023,0.8903701407104023
Antigua and Barbuda,2010,-0.8900271776607553,0.8900271776607553
Paraguay,2007,-0.8867872852536749,0.8867872852536749
Brazil,2001,-0.8858666298303177,0.8858666298303177
Eritrea,2003,0.8832176267821126,0.8832176267821126
Malta,2005,-0.8798632340287753,0.8798632340287753
Myanmar,2010,0.8796081745147291,0.8796081745147291
Belize,2006,0.8794280469700198,0.8794280469700198
Angola,2011,0.8784345049625273,0.8784345049625273
Djibouti,2005,-0.8779504229961219,0.8779504229961219
Dominican Republic,2007,0.8773686932985356,0.8773686932985356
Tonga,2012,-0.8765181709262748,0.8765181709262748
Morocco,2006,-0.8764566883134108,0.8764566883134108
Luxembourg,2003,-0.8763278574050588,0.8763278574050588
Tonga,2009,-0.8762095358358977,0.8762095358358977
Trinidad and Tobago,2000,0.8758331398007755,0.8758331398007755
Maldives,2011,0.8733985210588457,0.8733985210588457
Djibouti,2006,-0.8719449323800958,0.8719449323800958
Nicaragua,2004,-0.8716771389160414,0.8716771389160414
Mali,2003,-0.8706433061932302,0.8706433061932302
Italy,2006,-0.8698224887729111,0.8698224887729111
Dominican Republic,2006,0.8692530589248264,0.8692530589248264
Comoros,2010,-0.869182774195238,0.869182774195238
Ecuador,2012,-0.8690018715921042,0.8690018715921042
Central African Republic,2001,0.8685626845688788,0.8685626845688788
Barbados,2008,-0.8683894032569981,0.8683894032569981
Malta,2006,-0.8679989153831968,0.8679989153831968
Saudi Arabia,2012,-0.867162347028156,0.867162347028156
Switzerland,2008,-0.8664386199597942,0.8664386199597942
Lesotho,2012,-0.8650846429017989,0.8650846429017989
Switzerland,2006,-0.8648759810807007,0.8648759810807007
Armenia,2001,0.8645948736412947,0.8645948736412947
Liberia,2002,0.8641787620445456,0.8641787620445456
Panama,2002,0.8639856387196687,0.8639856387196687
Japan,2012,-0.8629575100071492,0.8629575100071492
Latvia,2014,-0.8620604314228899,0.8620604314228899
Saudi Arabia,2014,-0.8611963983650242,0.8611963983650242
Japan,2014,-0.860782454086447,0.860782454086447
Italy,2000,-0.8598442208725885,0.8598442208725885
Qatar,2003,0.8588204311129033,0.8588204311129033
Trinidad and Tobago,2003,-0.8580414935075851,0.8580414935075851
Greece,2003,-0.8561932082694028,0.8561932082694028
Nepal,2011,0.8553028349220426,0.8553028349220426
Madagascar,2008,-0.8552462620554309,0.8552462620554309
Lesotho,2002,0.8542223694618016,0.8542223694618016
Bosnia and Herzegovina,2007,-0.8541438136659565,0.8541438136659565
Cyprus,2009,-0.8531564723438834,0.8531564723438834
South Africa,2008,-0.8497261931591424,0.8497261931591424
Portugal,2004,-0.8496295123768789,0.8496295123768789
Bangladesh,2005,-0.8473002612352758,0.8473002612352758
Central African Republic,2010,-0.8469665086927165,0.8469665086927165
Turkmenistan,2005,-0.8469112007063444,0.8469112007063444
Trinidad and Tobago,2001,0.8456531208797458,0.8456531208797458
Slovenia,2009,-0.8453086221156241,0.8453086221156241
Seychelles,2004,0.8449748977761118,0.8449748977761118
Belgium,2012,0.8433389124852368,0.8433389124852368
Turkey,2003,-0.84311476602943,0.84311476602943
Albania,2014,0.8427221639903166,0.8427221639903166
Bahrain,2000,0.8420441783481607,0.8420441783481607
Ecuador,2011,-0.8416635625810898,0.8416635625810898
Mongolia,2014,0.840874930915291,0.840874930915291
Philippines,2013,-0.8402696801614553,0.8402696801614553
Cabo Verde,2003,0.8365788517779578,0.8365788517779578
Georgia,2007,0.8363629163215904,0.8363629163215904
Mexico,2001,0.8359048546730605,0.8359048546730605
Comoros,2003,-0.835792462512778,0.835792462512778
Greece,2002,-0.8330461540174241,0.8330461540174241
South Africa,2009,-0.8329636797968689,0.8329636797968689
Ethiopia,2013,0.8328301363708448,0.8328301363708448
Niger,2008,-0.8327234849778336,0.8327234849778336
Antigua and Barbuda,2012,-0.8316139081171627,0.8316139081171627
Kenya,2003,-0.8311184204486111,0.8311184204486111
Romania,2013,-0.8308883325465644,0.8308883325465644
Namibia,2001,0.8306742200819173,0.8306742200819173
Gabon,2010,-0.8301353468678556,0.8301353468678556
Kuwait,2001,0.8300508880208923,0.8300508880208923
Barbados,2007,-0.8300036163150395,0.8300036163150395
Australia,2011,-0.8271232315283328,0.8271232315283328
Armenia,2004,0.825121419063791,0.825121419063791
Lebanon,2014,-0.8251177228659543,0.8251177228659543
Tonga,2002,0.8208011150532855,0.8208011150532855
Tunisia,2013,-0.8203556063311623,0.8203556063311623
Chad,2013,-0.818970120197605,0.818970120197605
Bangladesh,2004,-0.8180430170820756,0.8180430170820756
Brunei Darussalam,2013,-0.8177098515888588,0.8177098515888588
Guinea-Bissau,2008,0.8175623626071555,0.8175623626071555
Sierra Leone,2005,-0.8173740727926386,0.8173740727926386
Senegal,2011,0.8155351079849424,0.8155351079849424
Qatar,2001,0.8153078924477484,0.8153078924477484
Turkey,2004,-0.8125409652436275,0.8125409652436275
Sudan,2006,-0.8122177709665479,0.8122177709665479
Israel,2005,-0.8118713786816585,0.8118713786816585
Paraguay,2008,-0.8117959887540707,0.8117959887540707
Serbia,2001,0.811431662633268,0.811431662633268
Croatia,2000,0.8099135335824883,0.8099135335824883
Bangladesh,2006,-0.8086587113622841,0.8086587113622841
Kenya,2002,-0.8085743545580826,0.8085743545580826
Kuwait,2002,0.8082208783774973,0.8082208783774973
Bhutan,2009,0.8075539374273006,0.8075539374273006
Togo,2002,0.8053501613459062,0.8053501613459062
Saudi Arabia,2004,0.8050838965175728,0.8050838965175728
Equatorial Guinea,2014,0.8027503437049646,0.8027503437049646
Nicaragua,2014,-0.8022303231960706,0.8022303231960706
Mali,2013,0.8014896981359527,0.8014896981359527
Armenia,2009,-0.8012441342313679,0.8012441342313679
Tajikistan,2001,-0.8004221217643419,0.8004221217643419
Saudi Arabia,2011,-0.8003133056988929,0.8003133056988929
Ireland,2003,-0.7999882551517459,0.7999882551517459
Jordan,2000,0.7969978766919183,0.7969978766919183
Paraguay,2011,-0.7940794485132301,0.7940794485132301
Tonga,2011,-0.7940625575894131,0.7940625575894131
Timor-Leste,2005,-0.7929786180192906,0.7929786180192906
Spain,2010,-0.7927811977540955,0.7927811977540955
Tajikistan,2012,0.792454257261852,0.792454257261852
Paraguay,2009,-0.7907815148665662,0.7907815148665662
Ecuador,2008,-0.7893593288479934,0.7893593288479934
Malta,2007,-0.7889040977102013,0.7889040977102013
Qatar,2002,0.7881134691869249,0.7881134691869249
Namibia,2003,-0.7866498841948939,0.7866498841948939
Uzbekistan,2003,0.7865633823995353,0.7865633823995353
Uzbekistan,2014,-0.7855205128328748,0.7855205128328748
Ecuador,2001,0.7846424713658422,0.7846424713658422
Belgium,2006,-0.7831316624558724,0.7831316624558724
Chad,2014,-0.7822625115740962,0.7822625115740962
Malawi,2006,-0.7816002920744936,0.7816002920744936
Costa Rica,2014,-0.7815957450708595,0.7815957450708595
Turkmenistan,2007,-0.7814045894554909,0.7814045894554909
Iceland,2001,-0.780594416720021,0.780594416720021
Lesotho,2004,-0.7803892739361444,0.7803892739361444
Mexico,2012,-0.7802135225470295,0.7802135225470295
Eritrea,2010,0.7797597641758856,0.7797597641758856
Afghanistan,2001,-0.779444550459047,0.779444550459047
Tonga,2003,0.7779543488047693,0.7779543488047693
Mexico,2004,0.7764598253578896,0.7764598253578896
Chile,2010,-0.7763709818632663,0.7763709818632663
Austria,2007,-0.7748222000695932,0.7748222000695932
Italy,2002,-0.7745591830838094,0.7745591830838094
Rwanda,2011,0.7745534068742614,0.7745534068742614
Bahrain,2011,-0.7745111170597028,0.7745111170597028
India,2014,0.7744517961175035,0.7744517961175035
Cuba,2011,-0.7740234055186903,0.7740234055186903
Japan,2002,0.7736380125892595,0.7736380125892595
Turkmenistan,2006,-0.773499494329613,0.773499494329613
Afghanistan,2000,-0.772201980838922,0.772201980838922
Angola,2002,-0.7718092685945521,0.7718092685945521
Russian Federation,2006,-0.7701042467931245,0.7701042467931245
Morocco,2003,-0.7692440208430895,0.7692440208430895
Grenada,2004,0.7685894658184935,0.7685894658184935
Japan,2004,0.7684261566096495,0.7684261566096495
Saudi Arabia,2013,-0.7679675138208495,0.7679675138208495
Namibia,2006,-0.7658831934966841,0.7658831934966841
Djibouti,2013,-0.765859208910527,0.765859208910527
Kiribati,2010,-0.7644247533389859,0.7644247533389859
Swaziland,2012,0.7643606291285394,0.7643606291285394
Malta,2002,-0.7641674978370645,0.7641674978370645
Uruguay,2014,-0.7638182928374562,0.7638182928374562
Vanuatu,2004,-0.7635527554241719,0.7635527554241719
Tunisia,2014,-0.7625851064759956,0.7625851064759956
Burkina Faso,2005,-0.7625263025366138,0.7625263025366138
Libya,2009,-0.7612312069141183,0.7612312069141183
Cabo Verde,2004,0.7611921151140564,0.7611921151140564
Kiribati,2014,-0.7609532783412902,0.7609532783412902
Eritrea,2004,0.7585477810495505,0.7585477810495505
Vanuatu,2003,-0.7581765837199441,0.7581765837199441
Sao Tome and Principe,2011,-0.7578057049511244,0.7578057049511244
Georgia,2010,-0.7575274080784737,0.7575274080784737
Swaziland,2010,0.7573098577405659,0.7573098577405659
Australia,2012,-0.7569545524364116,0.7569545524364116
Slovenia,2008,-0.7551977553791289,0.7551977553791289
Israel,2004,0.7550351474401396,0.7550351474401396
El Salvador,2001,-0.7549641148955146,0.7549641148955146
Armenia,2011,-0.7528737232088787,0.7528737232088787
Belize,2007,0.7526463814715783,0.7526463814715783
Burkina Faso,2004,-0.7523853614359268,0.7523853614359268
Uzbekistan,2000,0.7513078087899885,0.7513078087899885
Vanuatu,2001,-0.7508396724744131,0.7508396724744131
Mozambique,2002,-0.7505379995238926,0.7505379995238926
Kazakhstan,2003,-0.750371954176515,0.750371954176515
Djibouti,2007,-0.7480905450551347,0.7480905450551347
Tunisia,2004,0.7474361838586816,0.7474361838586816
Liberia,2007,0.7470713470687613,0.7470713470687613
Bangladesh,2003,-0.7470337930694058,0.7470337930694058
Kenya,2014,0.746848955398832,0.746848955398832
Uruguay,2001,0.7458907598216769,0.7458907598216769
Canada,2002,-0.745342738792047,0.745342738792047
Tajikistan,2009,-0.7448225775374624,0.7448225775374624
Philippines,2001,0.744542436052825,0.744542436052825
Luxembourg,2013,-0.7439984215287581,0.7439984215287581
Senegal,2010,0.7438865805608117,0.7438865805608117
Ireland,2007,-0.7434562041958088,0.7434562041958088
Chile,2013,0.7432876361313845,0.7432876361313845
Turkey,2007,-0.7430896864859875,0.7430896864859875
El Salvador,2007,-0.7418656300181112,0.7418656300181112
Philippines,2003,0.7417864672926271,0.7417864672926271
Belize,2009,-0.7416443331127596,0.7416443331127596
Cyprus,2011,-0.7411242266379077,0.7411242266379077
Vanuatu,2002,-0.7406336730831526,0.7406336730831526
Dominican Republic,2004,-0.740630049422137,0.740630049422137
Israel,2012,-0.7405528633663607,0.7405528633663607
Jamaica,2007,-0.7405524939159562,0.7405524939159562
Tunisia,2012,-0.7390612878995739,0.7390612878995739
Seychelles,2010,-0.7389487670695445,0.7389487670695445
Kuwait,2003,0.738689689941836,0.738689689941836
Timor-Leste,2012,0.7378030494642758,0.7378030494642758
Uganda,2007,0.7366370808430531,0.7366370808430531
Cyprus,2000,0.7363723935232684,0.7363723935232684
Papua New Guinea,2000,-0.7361491175480239,0.7361491175480239
Cameroon,2014,-0.7352923028725584,0.7352923028725584
Mexico,2010,-0.7350398921519883,0.7350398921519883
Kuwait,2012,-0.7349797771136224,0.7349797771136224
Denmark,2013,0.7348967821596091,0.7348967821596091
Sierra Leone,2006,-0.7338812830020487,0.7338812830020487
Netherlands,2004,-0.7334379215844251,0.7334379215844251
Belize,2000,0.7323155239191834,0.7323155239191834
Timor-Leste,2011,0.7322630336332878,0.7322630336332878
Bosnia and Herzegovina,2002,0.732015930616214,0.732015930616214
Philippines,2012,-0.73184918725768,0.73184918725768
Mozambique,2011,-0.731291493643063,0.731291493643063
Costa Rica,2013,-0.7312095053174801,0.7312095053174801
Morocco,2007,-0.7308260802126938,0.7308260802126938
Antigua and Barbuda,2014,-0.7302911835673029,0.7302911835673029
Japan,2013,-0.7281667900426925,0.7281667900426925
Belarus,2006,-0.7278137798126778,0.7278137798126778
Madagascar,2009,-0.7275560662450857,0.7275560662450857
Sudan,2014,0.7263336497342507,0.7263336497342507
Namibia,2009,0.7255847017042001,0.7255847017042001
Costa Rica,2011,-0.7245169005540788,0.7245169005540788
Albania,2005,-0.723608015110301,0.723608015110301
Antigua and Barbuda,2013,-0.7212316210372904,0.7212316210372904
Ireland,2004,-0.7201341821132985,0.7201341821132985
Rwanda,2005,-0.7195116299306434,0.7195116299306434
Saudi Arabia,2009,-0.7192183946551864,0.7192183946551864
Brazil,2002,-0.7179834659131075,0.7179834659131075
Bangladesh,2007,-0.7172878374220915,0.7172878374220915
Zimbabwe,2009,-0.7156527594107871,0.7156527594107871
Zimbabwe,2002,-0.7137528133508653,0.7137528133508653
Timor-Leste,2007,0.7127100057085585,0.7127100057085585
Malaysia,2003,0.7116342582818334,0.7116342582818334
Japan,2003,0.7108749100011238,0.7108749100011238
Argentina,2012,-0.7102898962608037,0.7102898962608037
Chad,2012,-0.709605799617826,0.709605799617826
Afghanistan,2007,-0.7076850673737312,0.7076850673737312
Angola,2006,-0.7074883733249209,0.7074883733249209
Panama,2004,0.707059894680441,0.707059894680441
Eritrea,2002,0.706705537567295,0.706705537567295
Fiji,2001,0.7066938026607943,0.7066938026607943
Australia,2002,-0.7047490309530389,0.7047490309530389
Mexico,2011,-0.7036376126593353,0.7036376126593353
Argentina,2013,-0.7035769221529762,0.7035769221529762
Kenya,2005,-0.7035458375144472,0.7035458375144472
Armenia,2002,0.7024942309711122,0.7024942309711122
Turkmenistan,2013,-0.6987503014710796,0.6987503014710796
Costa Rica,2003,0.6983772998721349,0.6983772998721349
Sao Tome and Principe,2005,0.698296249351614,0.698296249351614
Guinea,2011,0.6981379724080128,0.6981379724080128
Latvia,2002,0.6978769369298732,0.6978769369298732
Japan,2001,0.696702800547385,0.696702800547385
Denmark,2012,-0.6955798956914663,0.6955798956914663
Gabon,2006,0.6938583774080627,0.6938583774080627
Peru,2012,-0.6937311405642106,0.6937311405642106
Madagascar,2007,-0.6936885727555975,0.6936885727555975
Singapore,2003,-0.6928824899140693,0.6928824899140693
Djibouti,2011,-0.692872061941074,0.692872061941074
Ecuador,2010,-0.6926487199333167,0.6926487199333167
Uzbekistan,2009,-0.6922541975334155,0.6922541975334155
Turkey,2008,-0.6919792172195258,0.6919792172195258
Eritrea,2001,0.6913707613414886,0.6913707613414886
Liberia,2013,0.6910747451497272,0.6910747451497272
Maldives,2010,0.6897910395061331,0.6897910395061331
Mauritius,2006,-0.6892875305319137,0.6892875305319137
Mexico,2009,-0.689103582420401,0.689103582420401
Armenia,2008,-0.6888561968504234,0.6888561968504234
Sri Lanka,2006,0.6885556541195967,0.6885556541195967
Philippines,2004,0.6882725252695536,0.6882725252695536
Tonga,2014,-0.687584379514405,0.687584379514405
Thailand,2011,-0.6868135584886517,0.6868135584886517
Armenia,2003,0.686725573831211,0.686725573831211
Ecuador,2009,-0.684899684090297,0.684899684090297
Georgia,2011,-0.6830301135154713,0.6830301135154713
Sao Tome and Principe,2010,-0.682532231817774,0.682532231817774
Thailand,2002,0.681720933967938,0.681720933967938
Barbados,2010,-0.6808536983057536,0.6808536983057536
Panama,2012,-0.6790837935399736,0.6790837935399736
Australia,2008,-0.677852186478276,0.677852186478276
Mexico,2014,-0.6770587785160842,0.6770587785160842
Canada,2001,-0.6769782180827093,0.6769782180827093
Tonga,2013,-0.6765271586679091,0.6765271586679091
Chad,2008,-0.6764880360007126,0.6764880360007126
Cuba,2009,-0.6764337520596939,0.6764337520596939
Uzbekistan,2013,-0.6747489316187654,0.6747489316187654
Fiji,2003,0.672953236128464,0.672953236128464
Estonia,2013,0.6725214376145772,0.6725214376145772
Dominican Republic,2008,0.6722811072462065,0.6722811072462065
Ireland,2005,-0.6716740231063767,0.6716740231063767
Kuwait,2011,-0.6697341682861975,0.6697341682861975
Cyprus,2010,-0.6689315828628821,0.6689315828628821
Kenya,2013,0.6684443449681083,0.6684443449681083
Turkey,2012,-0.6674216496305974,0.6674216496305974
Ireland,2013,-0.6667352265658337,0.6667352265658337
New Zealand,2000,-0.6650061845521265,0.6650061845521265
Ethiopia,2006,-0.6649206238619243,0.6649206238619243
Panama,2010,-0.6632276196765616,0.6632276196765616
Denmark,2008,-0.6624738425247472,0.6624738425247472
Tajikistan,2000,-0.6614191672693721,0.6614191672693721
Mongolia,2013,0.6612131997920727,0.6612131997920727
Iceland,2000,-0.6611122654148005,0.6611122654148005
Tunisia,2003,0.6605015719655398,0.6605015719655398
Fiji,2002,0.6589741723588958,0.6589741723588958
Fiji,2012,-0.6588406279429506,0.6588406279429506
Djibouti,2004,-0.6577638190575499,0.6577638190575499
Mexico,2002,0.65767143303718,0.65767143303718
Albania,2003,-0.6572720136531984,0.6572720136531984
Tajikistan,2002,-0.6556960005253956,0.6556960005253956
Armenia,2000,0.6555873928262343,0.6555873928262343
Albania,2013,0.6553253940010677,0.6553253940010677
Equatorial Guinea,2008,0.6549831751534398,0.6549831751534398
Kazakhstan,2004,-0.6537189233125815,0.6537189233125815
Georgia,2012,-0.6535511082095979,0.6535511082095979
Georgia,2003,0.651542916883912,0.651542916883912
Malaysia,2000,0.6503132478099047,0.6503132478099047
Australia,2013,-0.649837325776204,0.649837325776204
Turkey,2011,-0.6484233120684166,0.6484233120684166
Sweden,2003,0.6479735561497364,0.6479735561497364
Bahrain,2001,0.6467438457662098,0.6467438457662098
Switzerland,2012,-0.6453299623754276,0.6453299623754276
Cameroon,2013,-0.645312374444309,0.645312374444309
Cyprus,2012,-0.645246279055911,0.645246279055911
Chad,2007,-0.644757569260598,0.644757569260598
Argentina,2004,0.6437318834720571,0.6437318834720571
Niger,2011,0.6418313315072979,0.6418313315072979
Turkey,2009,-0.6409012608459932,0.6409012608459932
Argentina,2011,-0.6406099316861855,0.6406099316861855
Burundi,2009,-0.6403448845079964,0.6403448845079964
Albania,2004,-0.6392091595166391,0.6392091595166391
Chile,2009,-0.6388961614186854,0.6388961614186854
Switzerland,2009,-0.6388717695211739,0.6388717695211739
Togo,2011,-0.6377753543683866,0.6377753543683866
Argentina,2001,0.6367759058526019,0.6367759058526019
Thailand,2003,0.6366926818191843,0.6366926818191843
Guinea,2001,-0.635727319098585,0.635727319098585
Ireland,2008,-0.6351436045751484,0.6351436045751484
Guinea,2012,0.6349796189042323,0.6349796189042323
Malaysia,2011,-0.6344863746562908,0.6344863746562908
Tunisia,2011,-0.6327117505461359,0.6327117505461359
Benin,2014,-0.6325881504402986,0.6325881504402986
Tonga,2004,0.6324769916234629,0.6324769916234629
Bahrain,2003,0.6318141664575876,0.6318141664575876
Lebanon,2013,-0.6307811329518529,0.6307811329518529
Australia,2009,-0.6305585606749986,0.6305585606749986
Mongolia,2006,-0.6304530742412879,0.6304530742412879
Philippines,2011,-0.6280289007722217,0.6280289007722217
Japan,2000,0.6265251858288963,0.6265251858288963
Canada,2000,-0.6263981028153864,0.6263981028153864
Uruguay,2002,0.6259321691311044,0.6259321691311044
Uruguay,2013,-0.625840332652956,0.625840332652956
Fiji,2014,-0.6253073341238746,0.6253073341238746
Cyprus,2008,-0.6249609440217796,0.6249609440217796
Jordan,2003,0.6241426607776788,0.6241426607776788
Solomon Islands,2005,0.6184811733065345,0.6184811733065345
Colombia,2004,0.6181746567114175,0.6181746567114175
Argentina,2014,-0.6181359654222689,0.6181359654222689
Qatar,2004,0.617924141196255,0.617924141196255
Cuba,2001,0.6175951894267087,0.6175951894267087
Kuwait,2004,0.6174470507428396,0.6174470507428396
Mexico,2003,0.6168764744549406,0.6168764744549406
Georgia,2014,-0.6167441286502537,0.6167441286502537
Cambodia,2006,0.6167109535701343,0.6167109535701343
Comoros,2001,-0.6159148038570876,0.6159148038570876
Cambodia,2010,0.6156330052893111,0.6156330052893111
Serbia,2000,0.6149144635484873,0.6149144635484873
Solomon Islands,2014,-0.6148417930043166,0.6148417930043166
Barbados,2006,-0.6141634645386489,0.6141634645386489
Canada,2003,-0.6132341310146074,0.6132341310146074
Malta,2008,-0.6128936309852406,0.6128936309852406
Syrian Arab Republic,2007,-0.6122051328637212,0.6122051328637212
Ireland,2014,-0.6112787978929219,0.6112787978929219
Fiji,2011,-0.6107827131191925,0.6107827131191925
Timor-Leste,2008,0.6094406574877098,0.6094406574877098
Mongolia,2005,-0.6093772451584556,0.6093772451584556
South Africa,2005,-0.6087431277096158,0.6087431277096158
Bosnia and Herzegovina,2012,-0.6081661079601872,0.6081661079601872
Tunisia,2000,0.6029192851911063,0.6029192851911063
Armenia,2010,-0.6024601518664099,0.6024601518664099
Georgia,2006,0.6016783699192558,0.6016783699192558
Indonesia,2003,0.599904516363452,0.599904516363452
Lebanon,2004,0.5996943172533236,0.5996943172533236
Malta,2004,-0.5988074367079008,0.5988074367079008
Jordan,2001,0.5979237368005244,0.5979237368005244
Brunei Darussalam,2007,-0.5974443709849879,0.5974443709849879
Angola,2007,-0.596515553251642,0.596515553251642
Bahrain,2002,0.5955719305932803,0.5955719305932803
Australia,2014,-0.5954244224631964,0.5954244224631964
Burundi,2010,-0.5952777699657048,0.5952777699657048
Timor-Leste,2009,0.5951280443070601,0.5951280443070601
Togo,2003,0.594672968414713,0.594672968414713
Tajikistan,2004,0.5946359714697422,0.5946359714697422
Kuwait,2013,-0.5935586777962811,0.5935586777962811
Morocco,2008,-0.5911913965328353,0.5911913965328353
Ghana,2007,-0.5908797247154425,0.5908797247154425
France,2004,0.5907812336519811,0.5907812336519811
Bosnia and Herzegovina,2013,-0.5900923174552162,0.5900923174552162
Cameroon,2012,-0.5899796175861312,0.5899796175861312
Qatar,2013,-0.5898562905911007,0.5898562905911007
Togo,2004,0.5891827560939049,0.5891827560939049
Myanmar,2011,0.5881296195591545,0.5881296195591545
Philippines,2014,-0.5865268872285014,0.5865268872285014
Portugal,2011,0.5862368246068996,0.5862368246068996
Guinea,2013,-0.5860366533281791,0.5860366533281791
Sudan,2013,0.5850621581643694,0.5850621581643694
Paraguay,2010,-0.5846066601508682,0.5846066601508682
Latvia,2000,-0.5842205958678903,0.5842205958678903
Tonga,2005,0.5840183168831174,0.5840183168831174
Ecuador,2002,0.5838356877541173,0.5838356877541173
Guinea,2007,0.5832806333894567,0.5832806333894567
Malaysia,2002,0.5830340230094322,0.5830340230094322
Belize,2011,-0.582732388227214,0.582732388227214
Croatia,2001,0.5826047805034449,0.5826047805034449
Mauritius,2009,-0.5813685338664101,0.5813685338664101
Sudan,2010,0.5811513076455412,0.5811513076455412
Luxembourg,2014,-0.5802977141216985,0.5802977141216985
Chad,2005,-0.579676691818328,0.579676691818328
Russian Federation,2001,-0.579127133015831,0.579127133015831
Belarus,2009,-0.5785477313860383,0.5785477313860383
Seychelles,2008,-0.5785431048111036,0.5785431048111036
Guinea,2008,0.5785075530450712,0.5785075530450712
Israel,2008,-0.5779168328047888,0.5779168328047888
Belarus,2003,-0.5775678044548869,0.5775678044548869
New Zealand,2007,-0.5763627191165881,0.5763627191165881
Malaysia,2001,0.5756473631710293,0.5756473631710293
Kazakhstan,2010,0.5756205206406975,0.5756205206406975
Bahrain,2004,0.573709351983112,0.573709351983112
Belarus,2012,0.5714513955980607,0.5714513955980607
Kenya,2006,-0.5712152025703219,0.5712152025703219
Cyprus,2007,-0.5699516711217854,0.5699516711217854
Kazakhstan,2009,0.5690480869300671,0.5690480869300671
Mongolia,2001,-0.5686243616286575,0.5686243616286575
Cuba,2004,0.5685417412424272,0.5685417412424272
Jordan,2002,0.5680183820654747,0.5680183820654747
Jordan,2012,-0.5678836321914815,0.5678836321914815
Myanmar,2006,0.5671884805733782,0.5671884805733782
Singapore,2004,-0.5663586685811453,0.5663586685811453
Bosnia and Herzegovina,2004,0.5651163578407505,0.5651163578407505
Malta,2012,-0.564445072521778,0.564445072521778
Fiji,2004,0.5639488867930282,0.5639488867930282
Comoros,2011,-0.5623382306201989,0.5623382306201989
Tunisia,2002,0.5603888297666089,0.5603888297666089
Nicaragua,2011,-0.5580949399017783,0.5580949399017783
Jordan,2004,0.5575902099677563,0.5575902099677563
Malaysia,2012,-0.5570324830422209,0.5570324830422209
Turkey,2005,-0.5565746718514362,0.5565746718514362
Estonia,2009,-0.5558187141987077,0.5558187141987077
Serbia,2003,0.5549203804885252,0.5549203804885252
Mali,2005,-0.5542561250168347,0.5542561250168347
Togo,2008,0.5538645068967725,0.5538645068967725
Chile,2011,-0.553767689447028,0.553767689447028
Switzerland,2011,-0.5532795178462209,0.5532795178462209
Albania,2010,0.552629608727699,0.552629608727699
Qatar,2012,-0.5513577474767146,0.5513577474767146
Saudi Arabia,2008,-0.5510883305848324,0.5510883305848324
Greece,2001,-0.5508938055010901,0.5508938055010901
Belize,2001,0.5506438208804241,0.5506438208804241
Kuwait,2009,-0.5505927379381461,0.5505927379381461
Israel,2002,-0.549121728087286,0.549121728087286
Malta,2013,-0.5479594017591864,0.5479594017591864
Israel,2014,-0.5479385992677095,0.5479385992677095
Namibia,2013,-0.5475934938261418,0.5475934938261418
Belarus,2014,0.5473352450047742,0.5473352450047742
Kuwait,2014,-0.547031758135077,0.547031758135077
Israel,2011,-0.5468689088071272,0.5468689088071272
Turkmenistan,2008,-0.5463463199575216,0.5463463199575216
Spain,2005,-0.5455468898440046,0.5455468898440046
Bulgaria,2004,0.5446517707946583,0.5446517707946583
Lebanon,2003,0.5413739413617122,0.5413739413617122
Mozambique,2003,0.5399236732076744,0.5399236732076744
Kenya,2001,-0.5395353990503082,0.5395353990503082
Libya,2010,-0.5388486868826021,0.5388486868826021
United Arab Emirates,2004,0.5372521438450377,0.5372521438450377
Qatar,2009,-0.5370359138847931,0.5370359138847931
Afghanistan,2006,-0.5369055653513612,0.5369055653513612
Peru,2011,-0.5362272181584018,0.5362272181584018
Bosnia and Herzegovina,2005,-0.535200532540216,0.535200532540216
Mongolia,2000,-0.5350776942019024,0.5350776942019024
Fiji,2013,-0.5346898236629869,0.5346898236629869
Honduras,2008,-0.532633286142385,0.532633286142385
Cuba,2012,-0.5324093442447548,0.5324093442447548
Niger,2009,-0.5316525407131323,0.5316525407131323
South Africa,2003,0.5312868346571946,0.5312868346571946
Indonesia,2002,0.5304862565248101,0.5304862565248101
Kenya,2009,-0.5301580225062921,0.5301580225062921
United Arab Emirates,2000,0.5293804719088797,0.5293804719088797
Mauritania,2002,0.5293456907302598,0.5293456907302598
Canada,2004,-0.5286553548042292,0.5286553548042292
Denmark,2011,-0.5270873617424883,0.5270873617424883
Maldives,2005,-0.526253269783922,0.526253269783922
Burkina Faso,2006,-0.5260467171544576,0.5260467171544576
Bulgaria,2003,0.5257360494446317,0.5257360494446317
Benin,2000,0.5255150987665544,0.5255150987665544
Slovenia,2011,-0.5241161746964025,0.5241161746964025
Solomon Islands,2004,0.5233742966247661,0.5233742966247661
Liberia,2005,-0.5232778470803368,0.5232778470803368
Australia,2007,-0.5232082192188585,0.5232082192188585
Myanmar,2007,0.5215437305568997,0.5215437305568997
El Salvador,2011,-0.5213327513712613,0.5213327513712613
Paraguay,2006,-0.520403048213609,0.520403048213609
United Arab Emirates,2003,0.5201038074190052,0.5201038074190052
Suriname,2007,-0.5200711952043235,0.5200711952043235
Nepal,2008,0.5195543056259737,0.5195543056259737
Serbia,2002,0.5189004560432977,0.5189004560432977
Qatar,2011,-0.5188855811882718,0.5188855811882718
Jordan,2014,-0.518659801990836,0.518659801990836
Mauritius,2001,0.5183480223285528,0.5183480223285528
Turkey,2006,-0.5182722601701926,0.5182722601701926
Fiji,2009,-0.5182582333348478,0.5182582333348478
Malaysia,2013,-0.5181801436974496,0.5181801436974496
Cabo Verde,2005,0.5165733958874341,0.5165733958874341
El Salvador,2008,-0.5164382742977125,0.5164382742977125
Uruguay,2003,0.516346013173461,0.516346013173461
India,2013,0.5149906898292613,0.5149906898292613
Sao Tome and Principe,2012,-0.5147110215981883,0.5147110215981883
Malaysia,2004,0.5113865197762664,0.5113865197762664
Papua New Guinea,2008,-0.510245323992244,0.510245323992244
Georgia,2013,-0.5089213901676288,0.5089213901676288
Brunei Darussalam,2014,-0.5082585954555014,0.5082585954555014
United Arab Emirates,2011,-0.5078757443774577,0.5078757443774577
Swaziland,2014,0.5077984638330335,0.5077984638330335
El Salvador,2005,-0.5076478068306898,0.5076478068306898
Sao Tome and Principe,2007,0.5073661718631399,0.5073661718631399
Brunei Darussalam,2012,0.5073400782326303,0.5073400782326303
Equatorial Guinea,2004,-0.5068994238613342,0.5068994238613342
Mexico,2013,-0.5067293287082606,0.5067293287082606
Cameroon,2000,0.5064400183874156,0.5064400183874156
Albania,2009,0.5056787512560987,0.5056787512560987
Syrian Arab Republic,2000,0.5054352287318835,0.5054352287318835
Israel,2013,-0.5048091247045363,0.5048091247045363
Denmark,2006,-0.5042075234236165,0.5042075234236165
Libya,2005,-0.5039829535717502,0.5039829535717502
Libya,2006,-0.5037591928902003,0.5037591928902003
Albania,2006,-0.5025612688312009,0.5025612688312009
Australia,2001,-0.4988729536579797,0.4988729536579797
Malta,2003,-0.49821612274183735,0.49821612274183735
Poland,2009,-0.49661570858161497,0.49661570858161497
Afghanistan,2004,0.4959555622144052,0.4959555622144052
Algeria,2003,-0.4958328392828122,0.4958328392828122
Angola,2005,-0.4948916146235902,0.4948916146235902
Australia,2006,-0.4948640644563369,0.4948640644563369
Morocco,2009,-0.4943989835435758,0.4943989835435758
Thailand,2006,0.4941286578825981,0.4941286578825981
Costa Rica,2006,-0.4938813606791541,0.4938813606791541
Uruguay,2004,0.4931480913100188,0.4931480913100188
Libya,2008,-0.49266223923660846,0.49266223923660846
Russian Federation,2000,-0.49168285169683656,0.49168285169683656
Serbia,2008,-0.4886880875196198,0.4886880875196198
Germany,2010,-0.4882967316878819,0.4882967316878819
Madagascar,2011,-0.4879633659317619,0.4879633659317619
Uzbekistan,2002,0.4879370698448895,0.4879370698448895
Peru,2009,-0.48651970930900745,0.48651970930900745
Costa Rica,2012,-0.4857861991588379,0.4857861991588379
Bangladesh,2014,0.48563413809660005,0.48563413809660005
Guinea,2002,-0.48545341472561176,0.48545341472561176
Bahrain,2012,-0.485317497439695,0.485317497439695
Nepal,2009,0.48416792036191225,0.48416792036191225
China,2004,0.48388348687535654,0.48388348687535654
Cyprus,2002,0.48284442137787664,0.48284442137787664
Jamaica,2006,0.48232733132451244,0.48232733132451244
Solomon Islands,2003,0.48161717358274814,0.48161717358274814
Swaziland,2011,0.48101353075998077,0.48101353075998077
Peru,2002,0.480589378101854,0.480589378101854
Belarus,2004,-0.48011045744493686,0.48011045744493686
Brazil,2003,-0.4800570560887394,0.4800570560887394
United Arab Emirates,2002,0.47966682465096255,0.47966682465096255
Jordan,2011,-0.4796132178848751,0.4796132178848751
Cambodia,2007,0.4790087136972261,0.4790087136972261
Mongolia,2004,-0.4783388295113582,0.4783388295113582
Namibia,2012,0.47592998129033504,0.47592998129033504
Bhutan,2005,-0.4756439444756637,0.4756439444756637
Libya,2007,-0.4754976199795635,0.4754976199795635
India,2000,-0.4750143339443227,0.4750143339443227
United Arab Emirates,2012,-0.4747028180462962,0.4747028180462962
Sri Lanka,2010,0.4737655792369537,0.4737655792369537
Pakistan,2000,0.47315643473190505,0.47315643473190505
Thailand,2010,-0.47211872043098424,0.47211872043098424
Switzerland,2000,-0.47174767879353396,0.47174767879353396
Myanmar,2004,0.4713467426569906,0.4713467426569906
Qatar,2007,-0.47114637783833757,0.47114637783833757
Armenia,2013,-0.47063466463309567,0.47063466463309567
Ecuador,2014,-0.47037587270975223,0.47037587270975223
Gabon,2008,-0.46948790129422946,0.46948790129422946
Qatar,2014,-0.46888987235207935,0.46888987235207935
Bosnia and Herzegovina,2003,0.4685845849598138,0.4685845849598138
Barbados,2005,-0.4681692302732756,0.4681692302732756
Turkmenistan,2010,0.4670629506169348,0.4670629506169348
Colombia,2005,0.46459356278785435,0.46459356278785435
Singapore,2011,-0.4637518528108444,0.4637518528108444
Papua New Guinea,2001,-0.4634233955850888,0.4634233955850888
Singapore,2007,-0.46319725979773807,0.46319725979773807
Pakistan,2004,0.4627308471753935,0.4627308471753935
Tunisia,2001,0.4626607960821758,0.4626607960821758
Burundi,2007,-0.462501150246176,0.462501150246176
Bosnia and Herzegovina,2014,-0.4620116307766011,0.4620116307766011
Lesotho,2013,-0.46180853624304063,0.46180853624304063
Cuba,2013,-0.45829584129981527,0.45829584129981527
Jordan,2013,-0.456927551499561,0.456927551499561
Costa Rica,2005,0.4565831001975482,0.4565831001975482
Solomon Islands,2013,-0.45648332491516896,0.45648332491516896
Pakistan,2003,0.45550770350122605,0.45550770350122605
Bosnia and Herzegovina,2008,-0.45548136060797617,0.45548136060797617
Cambodia,2014,0.45434035961096697,0.45434035961096697
India,2001,-0.4531527690283781,0.4531527690283781
Singapore,2009,-0.453130361230734,0.453130361230734
Albania,2011,0.45281955471818947,0.45281955471818947
Serbia,2007,-0.45230227626804265,0.45230227626804265
El Salvador,2013,-0.45097132503855164,0.45097132503855164
Panama,2001,0.44871879308118423,0.44871879308118423
Guinea-Bissau,2004,-0.44778894376181455,0.44778894376181455
Cambodia,2008,0.4475708256568822,0.4475708256568822
Benin,2013,-0.44748882159665726,0.44748882159665726
Sao Tome and Principe,2001,0.44725537048614683,0.44725537048614683
Albania,2001,0.44655783438795993,0.44655783438795993
Switzerland,2004,-0.44597752719266737,0.44597752719266737
Tajikistan,2007,-0.4444413615049285,0.4444413615049285
Colombia,2003,0.4444394269282128,0.4444394269282128
Croatia,2009,-0.44300388513424593,0.44300388513424593
Uruguay,2006,0.44238636160106637,0.44238636160106637
Senegal,2006,-0.44069158916829565,0.44069158916829565
Uruguay,2010,-0.4406113268317142,0.4406113268317142
Costa Rica,2001,0.44002175589541537,0.44002175589541537
Panama,2009,-0.4395644032907313,0.4395644032907313
Croatia,2004,0.4390961361032595,0.4390961361032595
Rwanda,2009,0.43876116904753104,0.43876116904753104
Israel,2009,-0.43864361749317027,0.43864361749317027
Bhutan,2004,-0.4383020937671631,0.4383020937671631
Australia,2010,-0.43828430841656996,0.43828430841656996
Costa Rica,2004,0.43654055107845124,0.43654055107845124
Bosnia and Herzegovina,2001,0.43651247553216876,0.43651247553216876
Paraguay,2002,-0.4362254458556265,0.4362254458556265
Israel,2000,-0.43522634221703527,0.43522634221703527
Mauritius,2000,0.43460999350482155,0.43460999350482155
Solomon Islands,2002,0.43451789723283696,0.43451789723283696
Nigeria,2009,-0.43358167114135426,0.43358167114135426
Libya,2002,-0.43312919199223643,0.43312919199223643
Chile,2007,-0.4319728379442722,0.4319728379442722
Bahrain,2013,-0.43052735469532877,0.43052735469532877
Bulgaria,2006,-0.43052566235178347,0.43052566235178347
Paraguay,2013,-0.42943806793255135,0.42943806793255135
Israel,2001,-0.4287179456054844,0.4287179456054844
Kuwait,2010,-0.4286610315669179,0.4286610315669179
Cyprus,2003,0.42701389748101803,0.42701389748101803
Paraguay,2003,-0.4261275156512312,0.4261275156512312
Malaysia,2014,-0.4259328695511755,0.4259328695511755
Mongolia,2012,0.4255775370528312,0.4255775370528312
Belarus,2013,0.4251974855984031,0.4251974855984031
Saudi Arabia,2010,-0.42485588475695124,0.42485588475695124
Argentina,2007,-0.4247950779561336,0.4247950779561336
Bulgaria,2001,0.42472778347257645,0.42472778347257645
Philippines,2002,0.42407378631359904,0.42407378631359904
Solomon Islands,2012,-0.4235898726168159,0.4235898726168159
Sao Tome and Principe,2006,0.42342534410849453,0.42342534410849453
Colombia,2013,-0.42318414229143286,0.42318414229143286
Serbia,2014,-0.42119852686630566,0.42119852686630566
Switzerland,2013,-0.42071577461277343,0.42071577461277343
Myanmar,2012,0.41969303248284007,0.41969303248284007
Angola,2009,-0.4194896560816943,0.4194896560816943
Albania,2012,0.41843313300238094,0.41843313300238094
Cyprus,2001,0.4172088478259752,0.4172088478259752
United Arab Emirates,2001,0.41678870175579164,0.41678870175579164
Seychelles,2005,0.41653005651870956,0.41653005651870956
Myanmar,2003,0.4161336355948464,0.4161336355948464
Algeria,2010,0.4151489087250724,0.4151489087250724
Bahrain,2009,-0.41488109095378434,0.41488109095378434
Peru,2014,-0.4148467761318386,0.4148467761318386
Bulgaria,2002,0.41342872379087225,0.41342872379087225
El Salvador,2003,-0.4133388652451373,0.4133388652451373
Kiribati,2004,0.4132544953369717,0.4132544953369717
Bangladesh,2008,-0.4132443003947657,0.4132443003947657
Solomon Islands,2011,-0.4125807260636094,0.4125807260636094
Ecuador,2013,-0.4120852208743315,0.4120852208743315
Australia,2005,-0.41065372123827615,0.41065372123827615
Panama,2011,-0.40982195077504,0.40982195077504
Algeria,2002,-0.40970704330223384,0.40970704330223384
Guinea,2003,-0.4094476238867415,0.4094476238867415
Denmark,2009,-0.40917516408309496,0.40917516408309496
Croatia,2007,-0.40862684671697025,0.40862684671697025
Armenia,2012,-0.40760166108327667,0.40760166108327667
Malaysia,2009,-0.407469600903795,0.407469600903795
Brunei Darussalam,2008,0.4066719937658121,0.4066719937658121
Turkey,2010,-0.40612146693771933,0.40612146693771933
Belarus,2001,-0.4047596852634996,0.4047596852634996
Denmark,2002,-0.4046960431124802,0.4046960431124802
Algeria,2001,-0.40337682255797347,0.40337682255797347
Burkina Faso,2009,-0.4030672086780669,0.4030672086780669
Tonga,2010,-0.40227700991074755,0.40227700991074755
Djibouti,2003,-0.40086962396703996,0.40086962396703996
Mali,2012,0.40033119617181967,0.40033119617181967
Libya,2004,-0.4003179614246051,0.4003179614246051
Myanmar,2013,0.40019660190135653,0.40019660190135653
Panama,2008,-0.3998071601801314,0.3998071601801314
Armenia,2014,-0.3985959779134447,0.3985959779134447
Poland,2008,-0.39853565156707305,0.39853565156707305
Central African Republic,2002,0.39834160501680316,0.39834160501680316
Malawi,2008,0.3979400961346258,0.3979400961346258
Poland,2007,-0.39722047261004434,0.39722047261004434
Malta,2014,-0.3967917551157001,0.3967917551157001
Paraguay,2005,-0.3960669882566634,0.3960669882566634
Lebanon,2012,-0.3952878567288849,0.3952878567288849
United Arab Emirates,2013,-0.3950015049693718,0.3950015049693718
Vanuatu,2000,-0.39396737922842817,0.39396737922842817
Turkmenistan,2012,-0.393675378914935,0.393675378914935
Uzbekistan,2010,-0.39347015257554574,0.39347015257554574
Croatia,2008,-0.3927595990780617,0.3927595990780617
Cuba,2007,-0.392606704676254,0.392606704676254
Cyprus,2006,-0.39235276406493824,0.39235276406493824
Mongolia,2010,-0.39231279207236014,0.39231279207236014
Suriname,2008,0.39173556501104656,0.39173556501104656
Georgia,2008,0.39062194846353293,0.39062194846353293
Colombia,2010,-0.38871749879690753,0.38871749879690753
Argentina,2002,0.38838452752155206,0.38838452752155206
Thailand,2005,0.38761416593635545,0.38761416593635545
Kazakhstan,2000,-0.38724177285273953,0.38724177285273953
Tunisia,2009,-0.3871955883892042,0.3871955883892042
Papua New Guinea,2007,-0.38692996300395777,0.38692996300395777
Kuwait,2008,-0.38671294020662117,0.38671294020662117
Ukraine,2004,-0.3858960373748914,0.3858960373748914
Qatar,2006,-0.38475943181059336,0.38475943181059336
China,2003,0.3841854797246498,0.3841854797246498
Uzbekistan,2006,0.38378953143195815,0.38378953143195815
Indonesia,2000,0.38269415088235803,0.38269415088235803
Kenya,2008,-0.38175341609164803,0.38175341609164803
Kenya,2000,0.3813112418165119,0.3813112418165119
Kazakhstan,2001,-0.3804845043854641,0.3804845043854641
Hungary,2007,-0.37883843836519304,0.37883843836519304
Lesotho,2009,-0.3780413329593486,0.3780413329593486
Barbados,2004,0.3779358926487646,0.3779358926487646
Eritrea,2011,0.377721138262352,0.377721138262352
Singapore,2012,-0.37714369508123013,0.37714369508123013
Mauritius,2008,-0.37707605435410585,0.37707605435410585
Syrian Arab Republic,2006,-0.37679295440868543,0.37679295440868543
Denmark,2007,-0.37665147610876204,0.37665147610876204
Croatia,2005,-0.3731501102870993,0.3731501102870993
Sudan,2012,0.373048101581432,0.373048101581432
Mexico,2008,-0.3713089005763237,0.3713089005763237
Mali,2006,-0.37112721954561323,0.37112721954561323
Mauritius,2004,0.370529653602631,0.370529653602631
Bangladesh,2009,-0.3705234108583966,0.3705234108583966
Benin,2001,0.3691352587866703,0.3691352587866703
Qatar,2008,-0.36883482662368294,0.36883482662368294
Argentina,2010,-0.3682229818835907,0.3682229818835907
Rwanda,2006,0.3676522059523606,0.3676522059523606
Slovenia,2010,-0.367135190843797,0.367135190843797
Hungary,2013,0.3671145551862338,0.3671145551862338
Switzerland,2014,-0.3663585190838603,0.3663585190838603
United Arab Emirates,2009,-0.36603366319529584,0.36603366319529584
Mali,2004,-0.36576105938241454,0.36576105938241454
Bosnia and Herzegovina,2009,-0.36347274891518566,0.36347274891518566
Sudan,2007,-0.3625306074323902,0.3625306074323902
Burkina Faso,2000,0.3617614414858821,0.3617614414858821
Solomon Islands,2001,0.3613703929135994,0.3613703929135994
Philippines,2008,-0.3612078877380327,0.3612078877380327
Guinea-Bissau,2005,-0.3611461003635199,0.3611461003635199
Guinea-Bissau,2014,0.359611388270082,0.359611388270082
Burundi,2008,-0.35901974639480017,0.35901974639480017
Togo,2006,0.35879297686831535,0.35879297686831535
Poland,2003,0.35865567354555594,0.35865567354555594
Jordan,2009,-0.3583192632957406,0.3583192632957406
Burkina Faso,2014,-0.35684011138667415,0.35684011138667415
Ghana,2001,-0.3567286244418213,0.3567286244418213
Burundi,2004,0.3556901143489384,0.3556901143489384
Cabo Verde,2000,0.35551042123718446,0.35551042123718446
Singapore,2008,-0.3547991759293012,0.3547991759293012
Tunisia,2005,0.3536465679423486,0.3536465679423486
Belize,2002,-0.35350977624690927,0.35350977624690927
Switzerland,2010,-0.352632721240667,0.352632721240667
Guinea,2006,0.35251066113852403,0.35251066113852403
India,2009,-0.35228177423644524,0.35228177423644524
El Salvador,2010,-0.3515545984327275,0.3515545984327275
Bosnia and Herzegovina,2011,-0.35104246594423216,0.35104246594423216
Serbia,2010,-0.3492653101628491,0.3492653101628491
Brunei Darussalam,2009,-0.34752149851733805,0.34752149851733805
Colombia,2009,-0.3458424579168309,0.3458424579168309
Georgia,2000,0.3458271911967614,0.3458271911967614
Mozambique,2007,-0.3457991439847632,0.3457991439847632
Bahrain,2014,-0.34442551861116044,0.34442551861116044
Indonesia,2014,0.34281395430029704,0.34281395430029704
Colombia,2012,-0.3418004292548602,0.3418004292548602
Israel,2003,-0.34028963655475764,0.34028963655475764
Ghana,2006,-0.3378850878654589,0.3378850878654589
Oman,2004,0.3377768043836795,0.3377768043836795
Cambodia,2009,0.33324752579706285,0.33324752579706285
Brazil,2009,-0.3324231009950154,0.3324231009950154
Mali,2010,0.331503587958764,0.331503587958764
Ecuador,2005,0.3312317891219152,0.3312317891219152
Djibouti,2002,-0.3311233536002618,0.3311233536002618
Mauritius,2002,0.3308665897100411,0.3308665897100411
Myanmar,2005,0.33025471216466684,0.33025471216466684
China,2005,0.328696163204242,0.328696163204242
Fiji,2008,-0.32775284807493676,0.32775284807493676
Cameroon,2001,0.3275325069609494,0.3275325069609494
Norway,2005,-0.3272050606606598,0.3272050606606598
Bhutan,2007,0.32685445351704345,0.32685445351704345
Thailand,2009,-0.3265033032021165,0.3265033032021165
Seychelles,2007,-0.32582814505639135,0.32582814505639135
Afghanistan,2013,0.3237744345956912,0.3237744345956912
Armenia,2007,0.32137759069112803,0.32137759069112803
China,2000,-0.32110032115745923,0.32110032115745923
Poland,2004,0.31970239996152827,0.31970239996152827
Honduras,2005,0.3196556356049598,0.3196556356049598
Kiribati,2009,-0.31880082546710753,0.31880082546710753
Bulgaria,2009,-0.3186655373824152,0.3186655373824152
Tajikistan,2008,-0.3185497812070395,0.3185497812070395
Angola,2003,-0.3185054566122929,0.3185054566122929
Equatorial Guinea,2005,-0.31623720092353125,0.31623720092353125
Lesotho,2003,0.3159364066961814,0.3159364066961814
Serbia,2004,0.31563391034936217,0.31563391034936217
Georgia,2002,-0.3155549777707165,0.3155549777707165
India,2012,0.315274727540654,0.315274727540654
Ecuador,2000,0.3132158313276534,0.3132158313276534
Afghanistan,2003,0.3130530817974062,0.3130530817974062
Bulgaria,2007,-0.3127239464691911,0.3127239464691911
Malaysia,2010,-0.3115614921929364,0.3115614921929364
Ethiopia,2008,0.3111515932497042,0.3111515932497042
Myanmar,2000,-0.3106226786220887,0.3106226786220887
Panama,2013,-0.3096500958549342,0.3096500958549342
Bahrain,2010,-0.3089484182775948,0.3089484182775948
Morocco,2014,0.30844566317753674,0.30844566317753674
Serbia,2009,-0.3070285244346138,0.3070285244346138
Saudi Arabia,2007,-0.3067188577050075,0.3067188577050075
Croatia,2012,-0.30611114660959515,0.30611114660959515
Oman,2011,-0.30580490599436416,0.30580490599436416
Cameroon,2008,0.3053649145289796,0.3053649145289796
Cuba,2006,0.30377290142345714,0.30377290142345714
Bahrain,2008,-0.303744623848047,0.303744623848047
Uganda,2006,0.3029437745263053,0.3029437745263053
Suriname,2004,-0.30283557798534844,0.30283557798534844
Solomon Islands,2009,-0.3020174613107116,0.3020174613107116
Lebanon,2005,0.30192678110843474,0.30192678110843474
Maldives,2008,0.3017258874392468,0.3017258874392468
Russian Federation,2009,0.30007949022844116,0.30007949022844116
Nepal,2007,0.29960478369432053,0.29960478369432053
Tajikistan,2005,-0.2981854479884447,0.2981854479884447
Turkey,2013,-0.29648315461957964,0.29648315461957964
Algeria,2013,0.296349093247386,0.296349093247386
Libya,2003,-0.29561551506817807,0.29561551506817807
Serbia,2013,-0.2955514798035068,0.2955514798035068
Togo,2007,0.2952642078448875,0.2952642078448875
Indonesia,2006,-0.2950870819342981,0.2950870819342981
Zambia,2007,-0.2942867422429245,0.2942867422429245
Paraguay,2014,-0.29394266809397607,0.29394266809397607
Benin,2004,0.29360644043442363,0.29360644043442363
Kuwait,2007,-0.29333487127382796,0.29333487127382796
El Salvador,2014,-0.2925322185102175,0.2925322185102175
Gabon,2001,0.2919495702708872,0.2919495702708872
Chile,2012,-0.2906684787197946,0.2906684787197946
Burkina Faso,2010,0.2895269610961151,0.2895269610961151
Djibouti,2000,-0.28901619698101655,0.28901619698101655
Tajikistan,2006,-0.2889666366788646,0.2889666366788646
Mongolia,2009,0.2882037954858845,0.2882037954858845
Cyprus,2004,0.2880852711495834,0.2880852711495834
Angola,2008,-0.28799867802913326,0.28799867802913326
Argentina,2006,0.28790192635702283,0.28790192635702283
Belarus,2000,0.28629104950184114,0.28629104950184114
Poland,2002,0.2857014409682961,0.2857014409682961
Hungary,2005,-0.2856378247360567,0.2856378247360567
Azerbaijan,2010,-0.28556962567729727,0.28556962567729727
Brazil,2004,-0.28352665358008267,0.28352665358008267
El Salvador,2004,-0.28234561366720357,0.28234561366720357
Qatar,2010,-0.2816313366073331,0.2816313366073331
Lebanon,2007,0.2814887264616601,0.2814887264616601
Mozambique,2006,-0.2811289901322169,0.2811289901322169
Honduras,2007,-0.2807238673349275,0.2807238673349275
Myanmar,2001,-0.2807146765398727,0.2807146765398727
Gabon,2007,0.28038575123233755,0.28038575123233755
Libya,2001,-0.2790298322980078,0.2790298322980078
Sri Lanka,2014,-0.27868029372854153,0.27868029372854153
Swaziland,2007,0.27844662363351347,0.27844662363351347
Armenia,2005,0.27833320831013,0.27833320831013
Tonga,2008,-0.27823767480064987,0.27823767480064987
Vanuatu,2006,-0.27799057132055793,0.27799057132055793
Poland,2006,-0.2766309650476586,0.2766309650476586
Panama,2005,-0.2757024203402949,0.2757024203402949
Singapore,2013,-0.2755565020452764,0.2755565020452764
Burundi,2006,0.27474557639425967,0.27474557639425967
Togo,2005,0.2742183960799167,0.2742183960799167
Hungary,2014,0.2741849297402297,0.2741849297402297
Oman,2012,-0.2735648088452365,0.2735648088452365
Gabon,2003,0.2734969030719654,0.2734969030719654
Solomon Islands,2007,-0.2733887083115434,0.2733887083115434
Peru,2013,-0.2725036347020904,0.2725036347020904
Central African Republic,2004,-0.2724844679908358,0.2724844679908358
Panama,2006,-0.2721195706150894,0.2721195706150894
Mexico,2006,0.2718179771616889,0.2718179771616889
United Arab Emirates,2014,-0.2710363619679441,0.2710363619679441
Afghanistan,2008,-0.2709511884874587,0.2709511884874587
Fiji,2010,-0.2704790122144658,0.2704790122144658
Peru,2007,0.2700173903778875,0.2700173903778875
Pakistan,2009,-0.2692720021989601,0.2692720021989601
Hungary,2009,-0.2672062520889398,0.2672062520889398
Dominican Republic,2009,0.26689388959572113,0.26689388959572113
Papua New Guinea,2002,-0.26630000972029677,0.26630000972029677
Burkina Faso,2007,-0.26621993211110606,0.26621993211110606
China,2011,-0.2660015044449011,0.2660015044449011
Lesotho,2010,-0.2653979471650558,0.2653979471650558
Philippines,2009,-0.2652938728976011,0.2652938728976011
Kazakhstan,2008,-0.26502363404790685,0.26502363404790685
Azerbaijan,2011,-0.26492441416340284,0.26492441416340284
Kazakhstan,2002,-0.26425029909265163,0.26425029909265163
Bahrain,2007,-0.2642053654500529,0.2642053654500529
China,2001,-0.26339446209976813,0.26339446209976813
Ethiopia,2014,0.26285023312212275,0.26285023312212275
Maldives,2009,0.2621955710881849,0.2621955710881849
Tajikistan,2011,0.2607099757626514,0.2607099757626514
Bulgaria,2012,-0.2596276738720604,0.2596276738720604
Bulgaria,2011,-0.2595861924808389,0.2595861924808389
Lebanon,2006,0.25719515469778287,0.25719515469778287
Benin,2003,0.25715898815759175,0.25715898815759175
Sri Lanka,2012,-0.2569139378703227,0.2569139378703227
Maldives,2006,-0.25651530561873415,0.25651530561873415
Burundi,2005,0.25608865537366654,0.25608865537366654
Haiti,2011,-0.2558443694670416,0.2558443694670416
Bangladesh,2013,0.2553875991271042,0.2553875991271042
Montenegro,2010,0.255258503963006,0.255258503963006
India,2002,-0.25523114244985123,0.25523114244985123
Sri Lanka,2007,0.2542491600088397,0.2542491600088397
Fiji,2007,-0.2538613617978598,0.2538613617978598
Nigeria,2012,-0.25262206167987244,0.25262206167987244
Suriname,2012,0.251184452156167,0.251184452156167
Indonesia,2001,0.2509282945318603,0.2509282945318603
Maldives,2007,-0.2504613649344236,0.2504613649344236
Tunisia,2010,-0.2499972994733497,0.2499972994733497
Thailand,2007,0.24843527315475455,0.24843527315475455
Pakistan,2002,0.24816919618874778,0.24816919618874778
Bulgaria,2008,-0.24629699159059726,0.24629699159059726
Djibouti,2001,-0.24615235699129556,0.24615235699129556
Guyana,2006,-0.246015898192411,0.246015898192411
Zimbabwe,2001,0.24443033045218954,0.24443033045218954
Argentina,2005,0.24389709960888695,0.24389709960888695
Mongolia,2002,-0.24350502241622962,0.24350502241622962
Peru,2000,0.2429019719646135,0.2429019719646135
Argentina,2003,0.24269690729609295,0.24269690729609295
Saudi Arabia,2005,0.24253714830575746,0.24253714830575746
Guinea,2000,-0.2417341747573971,0.2417341747573971
Bosnia and Herzegovina,2006,-0.24128682578921712,0.24128682578921712
El Salvador,2000,-0.2412815106327031,0.2412815106327031
Cyprus,2013,0.23951816698351536,0.23951816698351536
Cameroon,2010,0.23888307109999118,0.23888307109999118
Kiribati,2006,-0.23883158823603878,0.23883158823603878
Morocco,2013,0.23852035461327148,0.23852035461327148
Bulgaria,2000,0.23539843020625995,0.23539843020625995
Israel,2010,-0.2347555151836076,0.2347555151836076
Nigeria,2013,-0.2344095296911064,0.2344095296911064
Mali,2011,0.23379622132643618,0.23379622132643618
Mauritania,2001,-0.23222268750583197,0.23222268750583197
Kenya,2012,0.23053437170928248,0.23053437170928248
Ghana,2005,-0.2289845482470767,0.2289845482470767
Philippines,2010,-0.2287359497419743,0.2287359497419743
Malaysia,2008,-0.2285651401345774,0.2285651401345774
Cambodia,2004,-0.22750296437792628,0.22750296437792628
Equatorial Guinea,2007,0.2271573064212049,0.2271573064212049
Chile,2005,-0.22702555238412003,0.22702555238412003
Syrian Arab Republic,2003,0.22675949931247885,0.22675949931247885
Cameroon,2009,0.22658001232007052,0.22658001232007052
Mozambique,2009,-0.2254743326974875,0.2254743326974875
Ethiopia,2007,-0.22504953598502908,0.22504953598502908
Serbia,2005,-0.22457291220479192,0.22457291220479192
Algeria,2014,0.22446615401875647,0.22446615401875647
Brazil,2011,-0.22235916352040874,0.22235916352040874
Denmark,2010,0.22034823203668452,0.22034823203668452
Madagascar,2012,-0.21906134457680082,0.21906134457680082
Azerbaijan,2014,0.21831097413328848,0.21831097413328848
Nigeria,2011,-0.21802357237713466,0.21802357237713466
Angola,2014,0.2176800334007325,0.2176800334007325
Denmark,2001,-0.21748641591800322,0.21748641591800322
Indonesia,2010,0.2173700368964404,0.2173700368964404
Chile,2001,-0.21634049202927486,0.21634049202927486
Syrian Arab Republic,2001,0.2159116606386391,0.2159116606386391
Brunei Darussalam,2005,0.21557870262340373,0.21557870262340373
Central African Republic,2003,0.2136296054937432,0.2136296054937432
Guinea-Bissau,2007,0.21348107218643975,0.21348107218643975
Sri Lanka,2013,-0.21252954024888027,0.21252954024888027
Armenia,2006,-0.21196777956960489,0.21196777956960489
Jordan,2008,-0.21150993577111876,0.21150993577111876
Colombia,2011,-0.21112846555972453,0.21112846555972453
Benin,2008,-0.20794653652918527,0.20794653652918527
Djibouti,2010,-0.2056019247979748,0.2056019247979748
Australia,2000,-0.20450488361478847,0.20450488361478847
Pakistan,2010,-0.2044853968618554,0.2044853968618554
China,2012,-0.2042315560408099,0.2042315560408099
Togo,2010,0.20422135256164609,0.20422135256164609
Russian Federation,2010,0.20346099655019145,0.20346099655019145
Brunei Darussalam,2011,-0.20340710036761322,0.20340710036761322
Philippines,2005,0.202675604125929,0.202675604125929
Algeria,2008,0.2023329266260987,0.2023329266260987
Chad,2000,-0.20216965111815455,0.20216965111815455
Pakistan,2001,0.20207229644278613,0.20207229644278613
India,2005,-0.20175274561198364,0.20175274561198364
Brunei Darussalam,2010,-0.2013701877903742,0.2013701877903742
Sudan,2009,-0.20092631678360817,0.20092631678360817
Angola,2013,0.20089421536084728,0.20089421536084728
Argentina,2009,-0.19831221088297468,0.19831221088297468
Afghanistan,2014,0.19741063608642406,0.19741063608642406
Hungary,2004,0.1969720736399978,0.1969720736399978
Angola,2004,-0.19674982249187423,0.19674982249187423
Jordan,2010,-0.196552970020349,0.196552970020349
Oman,2003,0.19618092090304629,0.19618092090304629
Nepal,2005,-0.19607915112861463,0.19607915112861463
India,2010,0.1953039781509176,0.1953039781509176
Mauritius,2010,0.19528253434727105,0.19528253434727105
Mauritius,2003,0.1937696136231324,0.1937696136231324
Belarus,2008,-0.19334125890301834,0.19334125890301834
Croatia,2011,-0.19308260634707608,0.19308260634707608
South Sudan,2012,-0.19303944758730296,0.19303944758730296
United Arab Emirates,2008,-0.19282007421753633,0.19282007421753633
Senegal,2008,0.19256045026999402,0.19256045026999402
Mauritius,2011,-0.19109640716027343,0.19109640716027343
Indonesia,2008,-0.1903313791593746,0.1903313791593746
Benin,2007,-0.18956103006827618,0.18956103006827618
Algeria,2005,-0.18929016041995794,0.18929016041995794
Pakistan,2007,-0.1889458773705428,0.1889458773705428
Montenegro,2006,0.18858406290942753,0.18858406290942753
Belarus,2007,0.18793379823938494,0.18793379823938494
Turkmenistan,2003,0.1872809404067155,0.1872809404067155
Eritrea,2006,-0.18714405291159864,0.18714405291159864
Poland,2001,0.1870077726978252,0.1870077726978252
Senegal,2009,0.18578817858725927,0.18578817858725927
Uruguay,2009,-0.18528042210145657,0.18528042210145657
Ecuador,2006,0.18496261355005572,0.18496261355005572
Croatia,2013,0.1848679690759667,0.1848679690759667
United Arab Emirates,2007,-0.18312270936323216,0.18312270936323216
Gabon,2002,0.18207633594048644,0.18207633594048644
Benin,2009,0.18173133440186717,0.18173133440186717
Turkmenistan,2011,-0.18129198321548756,0.18129198321548756
Cabo Verde,2007,-0.180837186355447,0.180837186355447
Cambodia,2013,0.179996249939407,0.179996249939407
Estonia,2012,0.17959757127184162,0.17959757127184162
Uruguay,2005,0.1791824095030421,0.1791824095030421
Ukraine,2003,-0.17879947015731545,0.17879947015731545
Brunei Darussalam,2002,-0.1784453466184317,0.1784453466184317
Colombia,2000,0.1774348334885616,0.1774348334885616
Lebanon,2011,-0.17743102622303297,0.17743102622303297
South Sudan,2013,0.1766909576460023,0.1766909576460023
Chad,2011,-0.17662370089139046,0.17662370089139046
Uruguay,2011,-0.17592133258708031,0.17592133258708031
Tunisia,2006,0.17581087981058374,0.17581087981058374
Serbia,2011,-0.1758066518557797,0.1758066518557797
Japan,2006,0.1748725400814095,0.1748725400814095
Cyprus,2005,-0.1718077644466547,0.1718077644466547
Lebanon,2009,-0.17098889312778454,0.17098889312778454
Sri Lanka,2000,0.16989282209127055,0.16989282209127055
Albania,2000,-0.1690793529734833,0.1690793529734833
Syrian Arab Republic,2005,-0.1680947226120395,0.1680947226120395
Panama,2003,0.1680573891655257,0.1680573891655257
Benin,2002,0.16796117025102575,0.16796117025102575
Swaziland,2001,-0.16793203518152922,0.16793203518152922
Chile,2000,0.16728403175990536,0.16728403175990536
Estonia,2011,0.16625785175159535,0.16625785175159535
Denmark,2003,-0.1661314751233931,0.1661314751233931
Trinidad and Tobago,2004,0.1660895459610714,0.1660895459610714
Jordan,2005,-0.16600789474519217,0.16600789474519217
China,2006,0.16497529602510497,0.16497529602510497
Colombia,2007,0.16489203930377982,0.16489203930377982
Papua New Guinea,2003,-0.1646318060959402,0.1646318060959402
Azerbaijan,2012,-0.16449585339010753,0.16449585339010753
Philippines,2007,-0.16317268954256292,0.16317268954256292
Lebanon,2002,-0.1622491863475659,0.1622491863475659
Brazil,2014,-0.1621763487127339,0.1621763487127339
Turkmenistan,2014,-0.16156792263244313,0.16156792263244313
Turkmenistan,2009,0.161525360635153,0.161525360635153
Lebanon,2010,0.16098056411544803,0.16098056411544803
Mongolia,2003,-0.1594060853474133,0.1594060853474133
Estonia,2010,0.15932938430739796,0.15932938430739796
Hungary,2006,-0.1592246154151269,0.1592246154151269
Kenya,2007,0.15913693410394103,0.15913693410394103
Algeria,2007,0.15889885346869903,0.15889885346869903
Pakistan,2012,-0.1587312941617256,0.1587312941617256
United Arab Emirates,2005,0.15870209408541314,0.15870209408541314
Samoa,2000,0.15756573948119978,0.15756573948119978
Burundi,2002,-0.157343798609773,0.157343798609773
Croatia,2002,0.15733404183374944,0.15733404183374944
Paraguay,2001,-0.15584004031754262,0.15584004031754262
Poland,2010,0.1546796249569269,0.1546796249569269
Afghanistan,2005,-0.15372899605308277,0.15372899605308277
Mozambique,2010,-0.15298472848451894,0.15298472848451894
China,2013,-0.15213771565886702,0.15213771565886702
Myanmar,2002,-0.15197143950118175,0.15197143950118175
Indonesia,2005,-0.15119803991899516,0.15119803991899516
Austria,2009,0.14984476334262808,0.14984476334262808
Cameroon,2011,-0.14943853899491444,0.14943853899491444
Ecuador,2007,-0.14874266917466628,0.14874266917466628
Comoros,2000,-0.14871438402814618,0.14871438402814618
United Arab Emirates,2010,-0.14757209526125337,0.14757209526125337
Mongolia,2011,0.14580367453429233,0.14580367453429233
Fiji,2005,0.14574410887072986,0.14574410887072986
Ghana,2004,-0.14367118002824952,0.14367118002824952
Lebanon,2008,0.14366322748674065,0.14366322748674065
Tonga,2007,-0.14331562535592468,0.14331562535592468
Eritrea,2005,0.1432249299374817,0.1432249299374817
Bulgaria,2005,-0.14180524900842784,0.14180524900842784
Cambodia,2012,0.141396902759098,0.141396902759098
Pakistan,2011,-0.14133479047737296,0.14133479047737296
Cameroon,2005,0.14049942108287183,0.14049942108287183
Burkina Faso,2013,-0.14047525648857828,0.14047525648857828
Mauritius,2012,-0.1398488753598457,0.1398488753598457
Kuwait,2006,-0.13961643988652384,0.13961643988652384
Uzbekistan,2008,-0.13937353324382684,0.13937353324382684
Algeria,2009,0.13896532429238562,0.13896532429238562
Papua New Guinea,2004,0.13859031097872077,0.13859031097872077
India,2006,-0.13793203120356168,0.13793203120356168
Russian Federation,2007,-0.13792662228055974,0.13792662228055974
Afghanistan,2011,-0.13770587977024462,0.13770587977024462
Mexico,2007,0.13766348347120072,0.13766348347120072
Jordan,2007,-0.13731855123948833,0.13731855123948833
Eritrea,2009,-0.13685383145745078,0.13685383145745078
Brazil,2006,-0.13671140790675906,0.13671140790675906
Kuwait,2005,0.13642424414094023,0.13642424414094023
Chile,2006,-0.13596394698862468,0.13596394698862468
Mexico,2005,0.135623142219643,0.135623142219643
Mauritius,2014,-0.13503317589189123,0.13503317589189123
Serbia,2012,-0.13477212307324749,0.13477212307324749
Solomon Islands,2008,-0.13452897686703125,0.13452897686703125
Thailand,2008,-0.13344209474216484,0.13344209474216484
Sierra Leone,2008,0.13245350343290596,0.13245350343290596
Singapore,2014,-0.13189397977755846,0.13189397977755846
Tajikistan,2003,0.13164060133199484,0.13164060133199484
Turkey,2014,-0.13141663208911325,0.13141663208911325
Cameroon,2006,0.13101668592206295,0.13101668592206295
Poland,2013,0.12997419925608256,0.12997419925608256
Croatia,2010,-0.12965289225552112,0.12965289225552112
Oman,2013,-0.1292711579682475,0.1292711579682475
Croatia,2014,0.12905803798173565,0.12905803798173565
Madagascar,2013,0.12885443746456815,0.12885443746456815
Kiribati,2007,0.1277768134217041,0.1277768134217041
Lebanon,2001,0.12715933842682148,0.12715933842682148
Colombia,2001,-0.1263476333785718,0.1263476333785718
Costa Rica,2009,0.1252037626962732,0.1252037626962732
Peru,2005,0.1244880694750492,0.1244880694750492
Solomon Islands,2000,0.12437866649455032,0.12437866649455032
Myanmar,2014,0.12375375171346548,0.12375375171346548
South Africa,2004,-0.12369240064704456,0.12369240064704456
Oman,2005,0.12299149767764561,0.12299149767764561
Afghanistan,2009,-0.12246079562877554,0.12246079562877554
Burundi,2001,-0.12239713044081668,0.12239713044081668
Montenegro,2007,-0.12194001136369081,0.12194001136369081
Chile,2003,0.12186908113993411,0.12186908113993411
Mauritius,2007,0.12140176272427539,0.12140176272427539
Cambodia,2005,0.12134478742094501,0.12134478742094501
Benin,2011,-0.1211548473854478,0.1211548473854478
Algeria,2011,0.1211381147094528,0.1211381147094528
Solomon Islands,2006,0.12058891657365223,0.12058891657365223
Chad,2001,-0.12053350522317174,0.12053350522317174
Hungary,2001,0.11979825207002648,0.11979825207002648
Niger,2010,0.11957718728558575,0.11957718728558575
Chad,2010,-0.11844736494885666,0.11844736494885666
Cuba,2014,-0.11826413269942293,0.11826413269942293
Sao Tome and Principe,2008,-0.1172410280945968,0.1172410280945968
Oman,2006,0.11720255027222493,0.11720255027222493
Mali,2008,0.11626391971020666,0.11626391971020666
Cameroon,2007,0.11461831152433888,0.11461831152433888
Singapore,2010,-0.11426873143814475,0.11426873143814475
Malaysia,2005,0.11335337901844866,0.11335337901844866
Montenegro,2011,-0.1128533706409911,0.1128533706409911
Algeria,2012,0.11223993682355626,0.11223993682355626
Guinea,2005,-0.11199158011554289,0.11199158011554289
Brunei Darussalam,2006,-0.11189328742307225,0.11189328742307225
Panama,2014,-0.11164610670766706,0.11164610670766706
Japan,2005,0.11081398059975811,0.11081398059975811
Brunei Darussalam,2000,-0.1104190055235108,0.1104190055235108
Brazil,2005,-0.11032128113876638,0.11032128113876638
Cabo Verde,2006,-0.11006115493232471,0.11006115493232471
Mali,2007,-0.10934785979502948,0.10934785979502948
Namibia,2010,0.10915522040940573,0.10915522040940573
Pakistan,2014,0.10879200406721168,0.10879200406721168
China,2008,-0.10852092295864679,0.10852092295864679
Syrian Arab Republic,2002,0.10825641385194729,0.10825641385194729
Liberia,2006,0.10786006845841456,0.10786006845841456
Guinea-Bissau,2006,-0.10700494148399997,0.10700494148399997
Philippines,2006,-0.10689729559668137,0.10689729559668137
Bahrain,2005,0.10674068725425911,0.10674068725425911
Guinea,2004,0.10649381839736805,0.10649381839736805
Hungary,2002,0.1063338345883551,0.1063338345883551
Benin,2006,-0.10627165247983328,0.10627165247983328
Poland,2014,0.10601292386711236,0.10601292386711236
United Arab Emirates,2006,-0.10372907230085104,0.10372907230085104
Cameroon,2003,0.10340382520142555,0.10340382520142555
Uruguay,2008,-0.10262682298532866,0.10262682298532866
Afghanistan,2002,-0.10222455330103486,0.10222455330103486
Kenya,2011,-0.10114181965894176,0.10114181965894176
Syrian Arab Republic,2004,0.10073000733254389,0.10073000733254389
Sao Tome and Principe,2002,0.10056091781174104,0.10056091781174104
Brunei Darussalam,2001,-0.09965933032552243,0.09965933032552243
Hungary,2011,-0.0988573585201209,0.0988573585201209
Bulgaria,2013,-0.09735491224348891,0.09735491224348891
Oman,2008,0.09657565748817376,0.09657565748817376
Indonesia,2012,-0.09625118900680718,0.09625118900680718
Benin,2012,-0.09543215791771331,0.09543215791771331
Malaysia,2007,-0.09412684354444423,0.09412684354444423
Algeria,2000,-0.09395937927165221,0.09395937927165221
Brazil,2008,-0.09328593171116495,0.09328593171116495
China,2002,0.09304437532318843,0.09304437532318843
Japan,2009,-0.09267432931461883,0.09267432931461883
Gabon,2004,0.09179891739941581,0.09179891739941581
Spain,2004,0.09050765586739828,0.09050765586739828
Montenegro,2012,-0.09035562071645131,0.09035562071645131
Ghana,2000,-0.09004038862138941,0.09004038862138941
Tunisia,2007,0.08960369931901369,0.08960369931901369
Oman,2001,-0.08942384137804993,0.08942384137804993
India,2007,-0.08900253641877498,0.08900253641877498
Namibia,2011,-0.08868461277725714,0.08868461277725714
Algeria,2004,-0.0869632406087959,0.0869632406087959
Denmark,2005,-0.08669325616719448,0.08669325616719448
Suriname,2003,-0.08654023756518825,0.08654023756518825
Chile,2004,-0.08644333360129508,0.08644333360129508
Brazil,2010,-0.0847617261718483,0.0847617261718483
Costa Rica,2007,0.0838547377285579,0.0838547377285579
China,2014,-0.08272574381376785,0.08272574381376785
Hungary,2003,0.08225000860920773,0.08225000860920773
India,2011,0.08138118366380809,0.08138118366380809
Equatorial Guinea,2006,-0.08022650701764178,0.08022650701764178
Uzbekistan,2005,0.08018745962085916,0.08018745962085916
Oman,2009,-0.07965213239538116,0.07965213239538116
Japan,2007,0.07822900094490137,0.07822900094490137
Afghanistan,2010,0.07786159364847833,0.07786159364847833
Chad,2002,-0.07709693179572241,0.07709693179572241
Canada,2005,-0.07689882893086519,0.07689882893086519
Burkina Faso,2012,0.07659662942760548,0.07659662942760548
Albania,2008,0.07643167183687183,0.07643167183687183
Brazil,2012,-0.07594700443171121,0.07594700443171121
Nepal,2004,-0.07399862213723907,0.07399862213723907
China,2009,-0.07347083461377224,0.07347083461377224
Seychelles,2006,-0.07314193788380408,0.07314193788380408
Bhutan,2006,-0.07194298033842017,0.07194298033842017
Bahrain,2006,-0.07006317407343943,0.07006317407343943
Bangladesh,2010,0.06921545273367258,0.06921545273367258
Peru,2008,-0.06869135478852684,0.06869135478852684
Brazil,2013,0.0679883020040819,0.0679883020040819
Poland,2000,0.06778897869780565,0.06778897869780565
Oman,2007,0.06588587964439796,0.06588587964439796
Poland,2005,-0.06579439705241441,0.06579439705241441
Chile,2002,0.06559925276550871,0.06559925276550871
El Salvador,2012,-0.06478693266181779,0.06478693266181779
China,2007,0.06426006361664349,0.06426006361664349
Burkina Faso,2011,0.06387310887539144,0.06387310887539144
Hungary,2010,0.06345070672179531,0.06345070672179531
Tajikistan,2010,-0.06294598920976568,0.06294598920976568
Mauritius,2013,-0.061543136110515206,0.061543136110515206
Indonesia,2013,-0.06149947014651502,0.06149947014651502
Tunisia,2008,-0.06106117485892071,0.06106117485892071
Oman,2014,-0.06097961674606722,0.06097961674606722
Sierra Leone,2007,-0.06077943620474713,0.06077943620474713
Timor-Leste,2006,-0.0593319564414827,0.0593319564414827
Cambodia,2011,-0.058909446311616875,0.058909446311616875
Paraguay,2004,-0.05833839164186827,0.05833839164186827
Benin,2005,0.057974132377999865,0.057974132377999865
Denmark,2004,0.057962465519082684,0.057962465519082684
Pakistan,2013,0.056127167030084024,0.056127167030084024
Russian Federation,2008,-0.056028977978698435,0.056028977978698435
Indonesia,2011,-0.055415023116964335,0.055415023116964335
Hungary,2012,-0.055318404492709305,0.055318404492709305
Ghana,2003,0.05487158869222242,0.05487158869222242
Poland,2011,0.05451241104523774,0.05451241104523774
Croatia,2003,-0.053961863187751646,0.053961863187751646
Colombia,2008,-0.053375336517945016,0.053375336517945016
Benin,2010,-0.05263922678609134,0.05263922678609134
Montenegro,2009,-0.0520675690826522,0.0520675690826522
Jordan,2006,-0.05188004769436816,0.05188004769436816
Lebanon,2000,-0.051626232697657315,0.051626232697657315
Chad,2003,0.05136600040042083,0.05136600040042083
Oman,2002,0.05135052379839067,0.05135052379839067
Kiribati,2008,0.05101882566944482,0.05101882566944482
Burundi,2003,0.05069360146194413,0.05069360146194413
Montenegro,2008,-0.04952042321420436,0.04952042321420436
Namibia,2002,-0.04883346586683501,0.04883346586683501
Madagascar,2014,0.0487822466882335,0.0487822466882335
Morocco,2010,0.048695041998627175,0.048695041998627175
Azerbaijan,2013,0.04855089714975236,0.04855089714975236
Burkina Faso,2008,-0.04807261947477315,0.04807261947477315
Angola,2010,-0.0477683211233213,0.0477683211233213
Rwanda,2012,0.04762176050789435,0.04762176050789435
China,2010,-0.04746180400999833,0.04746180400999833
Solomon Islands,2010,-0.04689765366913434,0.04689765366913434
Nicaragua,2006,-0.046891320842178175,0.046891320842178175
Bulgaria,2010,-0.046856950829564425,0.046856950829564425
Lesotho,2011,0.04627539739589537,0.04627539739589537
Uzbekistan,2007,-0.045570177669034706,0.045570177669034706
Sao Tome and Principe,2009,-0.044923158718873424,0.044923158718873424
Sri Lanka,2011,-0.042910778871572575,0.042910778871572575
Costa Rica,2008,-0.04268406012214143,0.04268406012214143
Ghana,2002,-0.04267938154804085,0.04267938154804085
Thailand,2004,0.04214643715383204,0.04214643715383204
Pakistan,2006,-0.04099607429343166,0.04099607429343166
Morocco,2012,0.04080313391024504,0.04080313391024504
Ukraine,2002,-0.039879557183368775,0.039879557183368775
Colombia,2002,-0.039748613542045064,0.039748613542045064
Rwanda,2014,0.039684279359562424,0.039684279359562424
Chile,2008,0.03958272676753438,0.03958272676753438
Sudan,2011,0.03955849051482829,0.03955849051482829
Japan,2010,-0.03931424290637153,0.03931424290637153
Oman,2010,-0.03799019005080595,0.03799019005080595
Colombia,2006,0.0373008657765439,0.0373008657765439
India,2003,0.03714121884505772,0.03714121884505772
India,2004,0.03705889228285031,0.03705889228285031
Albania,2002,-0.03695273633245222,0.03695273633245222
Ukraine,2001,0.036473166501934884,0.036473166501934884
Honduras,2006,0.03550880141978041,0.03550880141978041
Mali,2009,0.03477918814481029,0.03477918814481029
Peru,2003,-0.03415037527987863,0.03415037527987863
Sudan,2008,0.033402317345604615,0.033402317345604615
Serbia,2006,0.033385019091596746,0.033385019091596746
Malaysia,2006,0.03198615662201121,0.03198615662201121
Lithuania,2003,0.030725987885887207,0.030725987885887207
Peru,2004,0.030632617776973348,0.030632617776973348
Bulgaria,2014,-0.03049964150687856,0.03049964150687856
Mozambique,2008,-0.030381555490343715,0.030381555490343715
Poland,2012,-0.029238230170207657,0.029238230170207657
Madagascar,2010,0.027209117831404228,0.027209117831404228
Turkmenistan,2002,0.02613599053177751,0.02613599053177751
Cameroon,2004,0.025355545871398988,0.025355545871398988
Guyana,2008,0.02341908906745971,0.02341908906745971
Colombia,2014,0.023309192228538222,0.023309192228538222
Brazil,2007,-0.022709058271928484,0.022709058271928484
Chad,2004,0.02262511943486345,0.02262511943486345
Hungary,2000,0.022084625438566263,0.022084625438566263
Botswana,2006,0.022018865313341962,0.022018865313341962
Pakistan,2008,-0.0212156211827903,0.0212156211827903
Argentina,2008,-0.019923543711087177,0.019923543711087177
Malawi,2007,-0.01825894062167066,0.01825894062167066
Lithuania,2004,0.017457370105674386,0.017457370105674386
Montenegro,2014,-0.01734524388800196,0.01734524388800196
Nigeria,2010,-0.01714401225261497,0.01714401225261497
South Sudan,2014,0.016348489938764033,0.016348489938764033
Lesotho,2008,0.013407801624744309,0.013407801624744309
Turkmenistan,2004,-0.013233811893350378,0.013233811893350378
Hungary,2008,0.012893907589642595,0.012893907589642595
Panama,2007,-0.012606005886539151,0.012606005886539151
Rwanda,2013,0.012026319956163434,0.012026319956163434
Oman,2000,-0.011277180833999978,0.011277180833999978
Lithuania,2001,0.011143475798789382,0.011143475798789382
Qatar,2005,0.01106993716730642,0.01106993716730642
Mauritius,2005,0.01044554340437287,0.01044554340437287
Kiribati,2005,0.010330161374241698,0.010330161374241698
Algeria,2006,0.009590173494231635,0.009590173494231635
Afghanistan,2012,0.00925872151969287,0.00925872151969287
Ukraine,2000,0.009204421067266821,0.009204421067266821
India,2008,0.008764846435511231,0.008764846435511231
Nepal,2006,-0.008050152242361719,0.008050152242361719
Morocco,2011,-0.006438158068093003,0.006438158068093003
Japan,2008,-0.005897299553197399,0.005897299553197399
Denmark,2000,0.005260039010508422,0.005260039010508422
Georgia,2004,0.005234170653821479,0.005234170653821479
Indonesia,2007,-0.005122107336049453,0.005122107336049453
Bosnia and Herzegovina,2010,-0.004848074286272208,0.004848074286272208
Fiji,2006,0.0048091920771611285,0.0048091920771611285
Tonga,2006,0.004808180786525895,0.004808180786525895
Nigeria,2014,-0.0034311892220628692,0.0034311892220628692
Croatia,2006,-0.002525549498798796,0.002525549498798796
Togo,2009,0.002507823590221392,0.002507823590221392
Mongolia,2007,-0.00235275728512363,0.00235275728512363
Saudi Arabia,2006,0.0017813599742453334,0.0017813599742453334
Cuba,2005,-0.0012377850102041066,0.0012377850102041066
Senegal,2007,0.0005901139534572053,0.0005901139534572053
Cameroon,2002,0.0003285209638832498,0.0003285209638832498
Lithuania,2002,-0.0003102391439568919,0.0003102391439568919
Montenegro,2013,0.00023967201643415592,0.00023967201643415592
Indonesia,2009,8.231177547202151e-05,8.231177547202151e-05
