variable,country,year,status,classification,action,rationale
percentage_expenditure,Algeria,2015,Developing,unresolved,retained_and_flagged,"Zeros are widespread and heavily concentrated in 2015, but the supplied documentation does not establish a missing-value code."
percentage_expenditure,Angola,2015,Developing,unresolved,retained_and_flagged,"Zeros are widespread and heavily concentrated in 2015, but the supplied documentation does not establish a missing-value code."
percentage_expenditure,Antigua and Barbuda,2015,Developing,unresolved,retained_and_flagged,"Zeros are widespread and heavily concentrated in 2015, but the supplied documentation does not establish a missing-value code."
percentage_expenditure,Argentina,2015,Developing,unresolved,retained_and_flagged,"Zeros are widespread and heavily concentrated in 2015, but the supplied documentation does not establish a missing-value code."
percentage_expenditure,Armenia,2015,Developing,unresolved,retained_and_flagged,"Zeros are widespread and heavily concentrated in 2015, but the supplied documentation does not establish a missing-value code."
percentage_expenditure,Australia,2015,Developed,unresolved,retained_and_flagged,"Zeros are widespread and heavily concentrated in 2015, but the supplied documentation does not establish a missing-value code."
percentage_expenditure,Austria,2015,Developed,unresolved,retained_and_flagged,"Zeros are widespread and heavily concentrated in 2015, but the supplied documentation does not establish a missing-value code."
percentage_expenditure,Azerbaijan,2015,Developing,unresolved,retained_and_flagged,"Zeros are widespread and heavily concentrated in 2015, but the supplied documentation does not establish a missing-value code."
percentage_expenditure,Bahamas,2000,Developing,unresolved,retained_and_flagged,"Zeros are widespread and heavily concentrated in 2015, but the supplied documentation does not establish a missing-value code."
percentage_expenditure,Bahamas,2001,Developing,unresolved,retained_and_flagged,"Zeros are widespread and heavily concentrated in 2015, but the supplied documentation does not establish a missing-value code."
percentage_expenditure,Bahamas,2002,Developing,unresolved,retained_and_flagged,"Zeros are widespread and heavily concentrated in 2015, but the supplied documentation does not establish a missing-value code."
percentage_expenditure,Bahamas,2003,Developing,unresolved,retained_and_flagged,"Zeros are widespread and heavily concentrated in 2015, but the supplied documentation does not establish a missing-value code."
percentage_expenditure,Bahamas,2004,Developing,unresolved,retained_and_flagged,"Zeros are widespread and heavily concentrated in 2015, but the supplied documentation does not establish a missing-value code."
percentage_expenditure,Bahamas,2005,Developing,unresolved,retained_and_flagged,"Zeros are widespread and heavily concentrated in 2015, but the supplied documentation does not establish a missing-value code."
percentage_expenditure,Bahamas,2006,Developing,unresolved,retained_and_flagged,"Zeros are widespread and heavily concentrated in 2015, but the supplied documentation does not establish a missing-value code."
percentage_expenditure,Bahamas,2007,Developing,unresolved,retained_and_flagged,"Zeros are widespread and heavily concentrated in 2015, but the supplied documentation does not establish a missing-value code."
percentage_expenditure,Bahamas,2008,Developing,unresolved,retained_and_flagged,"Zeros are widespread and heavily concentrated in 2015, but the supplied documentation does not establish a missing-value code."
percentage_expenditure,Bahamas,2009,Developing,unresolved,retained_and_flagged,"Zeros are widespread and heavily concentrated in 2015, but the supplied documentation does not establish a missing-value code."
percentage_expenditure,Bahamas,2010,Developing,unresolved,retained_and_flagged,"Zeros are widespread and heavily concentrated in 2015, but the supplied documentation does not establish a missing-value code."
percentage_expenditure,Bahamas,2011,Developing,unresolved,retained_and_flagged,"Zeros are widespread and heavily concentrated in 2015, but the supplied documentation does not establish a missing-value code."
percentage_expenditure,Bahamas,2012,Developing,unresolved,retained_and_flagged,"Zeros are widespread and heavily concentrated in 2015, but the supplied documentation does not establish a missing-value code."
percentage_expenditure,Bahamas,2013,Developing,unresolved,retained_and_flagged,"Zeros are widespread and heavily concentrated in 2015, but the supplied documentation does not establish a missing-value code."
percentage_expenditure,Bahamas,2014,Developing,unresolved,retained_and_flagged,"Zeros are widespread and heavily concentrated in 2015, but the supplied documentation does not establish a missing-value code."
percentage_expenditure,Bahamas,2015,Developing,unresolved,retained_and_flagged,"Zeros are widespread and heavily concentrated in 2015, but the supplied documentation does not establish a missing-value code."
percentage_expenditure,Bahrain,2015,Developing,unresolved,retained_and_flagged,"Zeros are widespread and heavily concentrated in 2015, but the supplied documentation does not establish a missing-value code."
percentage_expenditure,Bangladesh,2015,Developing,unresolved,retained_and_flagged,"Zeros are widespread and heavily concentrated in 2015, but the supplied documentation does not establish a missing-value code."
percentage_expenditure,Barbados,2015,Developing,unresolved,retained_and_flagged,"Zeros are widespread and heavily concentrated in 2015, but the supplied documentation does not establish a missing-value code."
percentage_expenditure,Belarus,2015,Developing,unresolved,retained_and_flagged,"Zeros are widespread and heavily concentrated in 2015, but the supplied documentation does not establish a missing-value code."
percentage_expenditure,Belgium,2015,Developed,unresolved,retained_and_flagged,"Zeros are widespread and heavily concentrated in 2015, but the supplied documentation does not establish a missing-value code."
percentage_expenditure,Belize,2015,Developing,unresolved,retained_and_flagged,"Zeros are widespread and heavily concentrated in 2015, but the supplied documentation does not establish a missing-value code."
percentage_expenditure,Benin,2015,Developing,unresolved,retained_and_flagged,"Zeros are widespread and heavily concentrated in 2015, but the supplied documentation does not establish a missing-value code."
percentage_expenditure,Bhutan,2015,Developing,unresolved,retained_and_flagged,"Zeros are widespread and heavily concentrated in 2015, but the supplied documentation does not establish a missing-value code."
percentage_expenditure,Bolivia (Plurinational State of),2000,Developing,unresolved,retained_and_flagged,"Zeros are widespread and heavily concentrated in 2015, but the supplied documentation does not establish a missing-value code."
percentage_expenditure,Bolivia (Plurinational State of),2001,Developing,unresolved,retained_and_flagged,"Zeros are widespread and heavily concentrated in 2015, but the supplied documentation does not establish a missing-value code."
percentage_expenditure,Bolivia (Plurinational State of),2002,Developing,unresolved,retained_and_flagged,"Zeros are widespread and heavily concentrated in 2015, but the supplied documentation does not establish a missing-value code."
percentage_expenditure,Bolivia (Plurinational State of),2003,Developing,unresolved,retained_and_flagged,"Zeros are widespread and heavily concentrated in 2015, but the supplied documentation does not establish a missing-value code."
percentage_expenditure,Bolivia (Plurinational State of),2004,Developing,unresolved,retained_and_flagged,"Zeros are widespread and heavily concentrated in 2015, but the supplied documentation does not establish a missing-value code."
percentage_expenditure,Bolivia (Plurinational State of),2005,Developing,unresolved,retained_and_flagged,"Zeros are widespread and heavily concentrated in 2015, but the supplied documentation does not establish a missing-value code."
percentage_expenditure,Bolivia (Plurinational State of),2006,Developing,unresolved,retained_and_flagged,"Zeros are widespread and heavily concentrated in 2015, but the supplied documentation does not establish a missing-value code."
percentage_expenditure,Bolivia (Plurinational State of),2007,Developing,unresolved,retained_and_flagged,"Zeros are widespread and heavily concentrated in 2015, but the supplied documentation does not establish a missing-value code."
percentage_expenditure,Bolivia (Plurinational State of),2008,Developing,unresolved,retained_and_flagged,"Zeros are widespread and heavily concentrated in 2015, but the supplied documentation does not establish a missing-value code."
percentage_expenditure,Bolivia (Plurinational State of),2009,Developing,unresolved,retained_and_flagged,"Zeros are widespread and heavily concentrated in 2015, but the supplied documentation does not establish a missing-value code."
percentage_expenditure,Bolivia (Plurinational State of),2010,Developing,unresolved,retained_and_flagged,"Zeros are widespread and heavily concentrated in 2015, but the supplied documentation does not establish a missing-value code."
percentage_expenditure,Bolivia (Plurinational State of),2011,Developing,unresolved,retained_and_flagged,"Zeros are widespread and heavily concentrated in 2015, but the supplied documentation does not establish a missing-value code."
percentage_expenditure,Bolivia (Plurinational State of),2012,Developing,unresolved,retained_and_flagged,"Zeros are widespread and heavily concentrated in 2015, but the supplied documentation does not establish a missing-value code."
percentage_expenditure,Bolivia (Plurinational State of),2013,Developing,unresolved,retained_and_flagged,"Zeros are widespread and heavily concentrated in 2015, but the supplied documentation does not establish a missing-value code."
percentage_expenditure,Bolivia (Plurinational State of),2014,Developing,unresolved,retained_and_flagged,"Zeros are widespread and heavily concentrated in 2015, but the supplied documentation does not establish a missing-value code."
percentage_expenditure,Bolivia (Plurinational State of),2015,Developing,unresolved,retained_and_flagged,"Zeros are widespread and heavily concentrated in 2015, but the supplied documentation does not establish a missing-value code."
percentage_expenditure,Bosnia and Herzegovina,2015,Developing,unresolved,retained_and_flagged,"Zeros are widespread and heavily concentrated in 2015, but the supplied documentation does not establish a missing-value code."
percentage_expenditure,Botswana,2015,Developing,unresolved,retained_and_flagged,"Zeros are widespread and heavily concentrated in 2015, but the supplied documentation does not establish a missing-value code."
percentage_expenditure,Brazil,2015,Developing,unresolved,retained_and_flagged,"Zeros are widespread and heavily concentrated in 2015, but the supplied documentation does not establish a missing-value code."
percentage_expenditure,Brunei Darussalam,2015,Developing,unresolved,retained_and_flagged,"Zeros are widespread and heavily concentrated in 2015, but the supplied documentation does not establish a missing-value code."
percentage_expenditure,Bulgaria,2015,Developed,unresolved,retained_and_flagged,"Zeros are widespread and heavily concentrated in 2015, but the supplied documentation does not establish a missing-value code."
percentage_expenditure,Burkina Faso,2015,Developing,unresolved,retained_and_flagged,"Zeros are widespread and heavily concentrated in 2015, but the supplied documentation does not establish a missing-value code."
percentage_expenditure,Burundi,2015,Developing,unresolved,retained_and_flagged,"Zeros are widespread and heavily concentrated in 2015, but the supplied documentation does not establish a missing-value code."
percentage_expenditure,Cabo Verde,2015,Developing,unresolved,retained_and_flagged,"Zeros are widespread and heavily concentrated in 2015, but the supplied documentation does not establish a missing-value code."
percentage_expenditure,Cambodia,2015,Developing,unresolved,retained_and_flagged,"Zeros are widespread and heavily concentrated in 2015, but the supplied documentation does not establish a missing-value code."
percentage_expenditure,Cameroon,2015,Developing,unresolved,retained_and_flagged,"Zeros are widespread and heavily concentrated in 2015, but the supplied documentation does not establish a missing-value code."
percentage_expenditure,Canada,2015,Developing,unresolved,retained_and_flagged,"Zeros are widespread and heavily concentrated in 2015, but the supplied documentation does not establish a missing-value code."
percentage_expenditure,Central African Republic,2015,Developing,unresolved,retained_and_flagged,"Zeros are widespread and heavily concentrated in 2015, but the supplied documentation does not establish a missing-value code."
percentage_expenditure,Chad,2015,Developing,unresolved,retained_and_flagged,"Zeros are widespread and heavily concentrated in 2015, but the supplied documentation does not establish a missing-value code."
percentage_expenditure,Chile,2015,Developing,unresolved,retained_and_flagged,"Zeros are widespread and heavily concentrated in 2015, but the supplied documentation does not establish a missing-value code."
percentage_expenditure,China,2015,Developing,unresolved,retained_and_flagged,"Zeros are widespread and heavily concentrated in 2015, but the supplied documentation does not establish a missing-value code."
percentage_expenditure,Colombia,2015,Developing,unresolved,retained_and_flagged,"Zeros are widespread and heavily concentrated in 2015, but the supplied documentation does not establish a missing-value code."
percentage_expenditure,Comoros,2015,Developing,unresolved,retained_and_flagged,"Zeros are widespread and heavily concentrated in 2015, but the supplied documentation does not establish a missing-value code."
percentage_expenditure,Congo,2000,Developing,unresolved,retained_and_flagged,"Zeros are widespread and heavily concentrated in 2015, but the supplied documentation does not establish a missing-value code."
percentage_expenditure,Congo,2001,Developing,unresolved,retained_and_flagged,"Zeros are widespread and heavily concentrated in 2015, but the supplied documentation does not establish a missing-value code."
percentage_expenditure,Congo,2002,Developing,unresolved,retained_and_flagged,"Zeros are widespread and heavily concentrated in 2015, but the supplied documentation does not establish a missing-value code."
percentage_expenditure,Congo,2003,Developing,unresolved,retained_and_flagged,"Zeros are widespread and heavily concentrated in 2015, but the supplied documentation does not establish a missing-value code."
percentage_expenditure,Congo,2004,Developing,unresolved,retained_and_flagged,"Zeros are widespread and heavily concentrated in 2015, but the supplied documentation does not establish a missing-value code."
percentage_expenditure,Congo,2005,Developing,unresolved,retained_and_flagged,"Zeros are widespread and heavily concentrated in 2015, but the supplied documentation does not establish a missing-value code."
percentage_expenditure,Congo,2006,Developing,unresolved,retained_and_flagged,"Zeros are widespread and heavily concentrated in 2015, but the supplied documentation does not establish a missing-value code."
percentage_expenditure,Congo,2007,Developing,unresolved,retained_and_flagged,"Zeros are widespread and heavily concentrated in 2015, but the supplied documentation does not establish a missing-value code."
percentage_expenditure,Congo,2008,Developing,unresolved,retained_and_flagged,"Zeros are widespread and heavily concentrated in 2015, but the supplied documentation does not establish a missing-value code."
percentage_expenditure,Congo,2009,Developing,unresolved,retained_and_flagged,"Zeros are widespread and heavily concentrated in 2015, but the supplied documentation does not establish a missing-value code."
percentage_expenditure,Congo,2010,Developing,unresolved,retained_and_flagged,"Zeros are widespread and heavily concentrated in 2015, but the supplied documentation does not establish a missing-value code."
percentage_expenditure,Congo,2011,Developing,unresolved,retained_and_flagged,"Zeros are widespread and heavily concentrated in 2015, but the supplied documentation does not establish a missing-value code."
percentage_expenditure,Congo,2012,Developing,unresolved,retained_and_flagged,"Zeros are widespread and heavily concentrated in 2015, but the supplied documentation does not establish a missing-value code."
percentage_expenditure,Congo,2013,Developing,unresolved,retained_and_flagged,"Zeros are widespread and heavily concentrated in 2015, but the supplied documentation does not establish a missing-value code."
percentage_expenditure,Congo,2014,Developing,unresolved,retained_and_flagged,"Zeros are widespread and heavily concentrated in 2015, but the supplied documentation does not establish a missing-value code."
percentage_expenditure,Congo,2015,Developing,unresolved,retained_and_flagged,"Zeros are widespread and heavily concentrated in 2015, but the supplied documentation does not establish a missing-value code."
percentage_expenditure,Cook Islands,2013,Developing,unresolved,retained_and_flagged,"Zeros are widespread and heavily concentrated in 2015, but the supplied documentation does not establish a missing-value code."
percentage_expenditure,Costa Rica,2015,Developing,unresolved,retained_and_flagged,"Zeros are widespread and heavily concentrated in 2015, but the supplied documentation does not establish a missing-value code."
percentage_expenditure,Croatia,2015,Developed,unresolved,retained_and_flagged,"Zeros are widespread and heavily concentrated in 2015, but the supplied documentation does not establish a missing-value code."
percentage_expenditure,Cuba,2015,Developing,unresolved,retained_and_flagged,"Zeros are widespread and heavily concentrated in 2015, but the supplied documentation does not establish a missing-value code."
percentage_expenditure,Cyprus,2015,Developed,unresolved,retained_and_flagged,"Zeros are widespread and heavily concentrated in 2015, but the supplied documentation does not establish a missing-value code."
percentage_expenditure,Czechia,2000,Developed,unresolved,retained_and_flagged,"Zeros are widespread and heavily concentrated in 2015, but the supplied documentation does not establish a missing-value code."
percentage_expenditure,Czechia,2001,Developed,unresolved,retained_and_flagged,"Zeros are widespread and heavily concentrated in 2015, but the supplied documentation does not establish a missing-value code."
percentage_expenditure,Czechia,2002,Developed,unresolved,retained_and_flagged,"Zeros are widespread and heavily concentrated in 2015, but the supplied documentation does not establish a missing-value code."
percentage_expenditure,Czechia,2003,Developed,unresolved,retained_and_flagged,"Zeros are widespread and heavily concentrated in 2015, but the supplied documentation does not establish a missing-value code."
percentage_expenditure,Czechia,2004,Developed,unresolved,retained_and_flagged,"Zeros are widespread and heavily concentrated in 2015, but the supplied documentation does not establish a missing-value code."
percentage_expenditure,Czechia,2005,Developed,unresolved,retained_and_flagged,"Zeros are widespread and heavily concentrated in 2015, but the supplied documentation does not establish a missing-value code."
percentage_expenditure,Czechia,2006,Developed,unresolved,retained_and_flagged,"Zeros are widespread and heavily concentrated in 2015, but the supplied documentation does not establish a missing-value code."
percentage_expenditure,Czechia,2007,Developed,unresolved,retained_and_flagged,"Zeros are widespread and heavily concentrated in 2015, but the supplied documentation does not establish a missing-value code."
percentage_expenditure,Czechia,2008,Developed,unresolved,retained_and_flagged,"Zeros are widespread and heavily concentrated in 2015, but the supplied documentation does not establish a missing-value code."
percentage_expenditure,Czechia,2009,Developed,unresolved,retained_and_flagged,"Zeros are widespread and heavily concentrated in 2015, but the supplied documentation does not establish a missing-value code."
percentage_expenditure,Czechia,2010,Developed,unresolved,retained_and_flagged,"Zeros are widespread and heavily concentrated in 2015, but the supplied documentation does not establish a missing-value code."
percentage_expenditure,Czechia,2011,Developed,unresolved,retained_and_flagged,"Zeros are widespread and heavily concentrated in 2015, but the supplied documentation does not establish a missing-value code."
percentage_expenditure,Czechia,2012,Developed,unresolved,retained_and_flagged,"Zeros are widespread and heavily concentrated in 2015, but the supplied documentation does not establish a missing-value code."
percentage_expenditure,Czechia,2013,Developed,unresolved,retained_and_flagged,"Zeros are widespread and heavily concentrated in 2015, but the supplied documentation does not establish a missing-value code."
percentage_expenditure,Czechia,2014,Developed,unresolved,retained_and_flagged,"Zeros are widespread and heavily concentrated in 2015, but the supplied documentation does not establish a missing-value code."
percentage_expenditure,Czechia,2015,Developed,unresolved,retained_and_flagged,"Zeros are widespread and heavily concentrated in 2015, but the supplied documentation does not establish a missing-value code."
percentage_expenditure,Côte d'Ivoire,2000,Developing,unresolved,retained_and_flagged,"Zeros are widespread and heavily concentrated in 2015, but the supplied documentation does not establish a missing-value code."
percentage_expenditure,Côte d'Ivoire,2001,Developing,unresolved,retained_and_flagged,"Zeros are widespread and heavily concentrated in 2015, but the supplied documentation does not establish a missing-value code."
percentage_expenditure,Côte d'Ivoire,2002,Developing,unresolved,retained_and_flagged,"Zeros are widespread and heavily concentrated in 2015, but the supplied documentation does not establish a missing-value code."
percentage_expenditure,Côte d'Ivoire,2003,Developing,unresolved,retained_and_flagged,"Zeros are widespread and heavily concentrated in 2015, but the supplied documentation does not establish a missing-value code."
percentage_expenditure,Côte d'Ivoire,2004,Developing,unresolved,retained_and_flagged,"Zeros are widespread and heavily concentrated in 2015, but the supplied documentation does not establish a missing-value code."
percentage_expenditure,Côte d'Ivoire,2005,Developing,unresolved,retained_and_flagged,"Zeros are widespread and heavily concentrated in 2015, but the supplied documentation does not establish a missing-value code."
percentage_expenditure,Côte d'Ivoire,2006,Developing,unresolved,retained_and_flagged,"Zeros are widespread and heavily concentrated in 2015, but the supplied documentation does not establish a missing-value code."
percentage_expenditure,Côte d'Ivoire,2007,Developing,unresolved,retained_and_flagged,"Zeros are widespread and heavily concentrated in 2015, but the supplied documentation does not establish a missing-value code."
percentage_expenditure,Côte d'Ivoire,2008,Developing,unresolved,retained_and_flagged,"Zeros are widespread and heavily concentrated in 2015, but the supplied documentation does not establish a missing-value code."
percentage_expenditure,Côte d'Ivoire,2009,Developing,unresolved,retained_and_flagged,"Zeros are widespread and heavily concentrated in 2015, but the supplied documentation does not establish a missing-value code."
percentage_expenditure,Côte d'Ivoire,2010,Developing,unresolved,retained_and_flagged,"Zeros are widespread and heavily concentrated in 2015, but the supplied documentation does not establish a missing-value code."
percentage_expenditure,Côte d'Ivoire,2011,Developing,unresolved,retained_and_flagged,"Zeros are widespread and heavily concentrated in 2015, but the supplied documentation does not establish a missing-value code."
percentage_expenditure,Côte d'Ivoire,2012,Developing,unresolved,retained_and_flagged,"Zeros are widespread and heavily concentrated in 2015, but the supplied documentation does not establish a missing-value code."
percentage_expenditure,Côte d'Ivoire,2013,Developing,unresolved,retained_and_flagged,"Zeros are widespread and heavily concentrated in 2015, but the supplied documentation does not establish a missing-value code."
percentage_expenditure,Côte d'Ivoire,2014,Developing,unresolved,retained_and_flagged,"Zeros are widespread and heavily concentrated in 2015, but the supplied documentation does not establish a missing-value code."
percentage_expenditure,Côte d'Ivoire,2015,Developing,unresolved,retained_and_flagged,"Zeros are widespread and heavily concentrated in 2015, but the supplied documentation does not establish a missing-value code."
percentage_expenditure,Democratic People's Republic of Korea,2000,Developing,unresolved,retained_and_flagged,"Zeros are widespread and heavily concentrated in 2015, but the supplied documentation does not establish a missing-value code."
percentage_expenditure,Democratic People's Republic of Korea,2001,Developing,unresolved,retained_and_flagged,"Zeros are widespread and heavily concentrated in 2015, but the supplied documentation does not establish a missing-value code."
percentage_expenditure,Democratic People's Republic of Korea,2002,Developing,unresolved,retained_and_flagged,"Zeros are widespread and heavily concentrated in 2015, but the supplied documentation does not establish a missing-value code."
percentage_expenditure,Democratic People's Republic of Korea,2003,Developing,unresolved,retained_and_flagged,"Zeros are widespread and heavily concentrated in 2015, but the supplied documentation does not establish a missing-value code."
percentage_expenditure,Democratic People's Republic of Korea,2004,Developing,unresolved,retained_and_flagged,"Zeros are widespread and heavily concentrated in 2015, but the supplied documentation does not establish a missing-value code."
percentage_expenditure,Democratic People's Republic of Korea,2005,Developing,unresolved,retained_and_flagged,"Zeros are widespread and heavily concentrated in 2015, but the supplied documentation does not establish a missing-value code."
percentage_expenditure,Democratic People's Republic of Korea,2006,Developing,unresolved,retained_and_flagged,"Zeros are widespread and heavily concentrated in 2015, but the supplied documentation does not establish a missing-value code."
percentage_expenditure,Democratic People's Republic of Korea,2007,Developing,unresolved,retained_and_flagged,"Zeros are widespread and heavily concentrated in 2015, but the supplied documentation does not establish a missing-value code."
percentage_expenditure,Democratic People's Republic of Korea,2008,Developing,unresolved,retained_and_flagged,"Zeros are widespread and heavily concentrated in 2015, but the supplied documentation does not establish a missing-value code."
percentage_expenditure,Democratic People's Republic of Korea,2009,Developing,unresolved,retained_and_flagged,"Zeros are widespread and heavily concentrated in 2015, but the supplied documentation does not establish a missing-value code."
percentage_expenditure,Democratic People's Republic of Korea,2010,Developing,unresolved,retained_and_flagged,"Zeros are widespread and heavily concentrated in 2015, but the supplied documentation does not establish a missing-value code."
percentage_expenditure,Democratic People's Republic of Korea,2011,Developing,unresolved,retained_and_flagged,"Zeros are widespread and heavily concentrated in 2015, but the supplied documentation does not establish a missing-value code."
percentage_expenditure,Democratic People's Republic of Korea,2012,Developing,unresolved,retained_and_flagged,"Zeros are widespread and heavily concentrated in 2015, but the supplied documentation does not establish a missing-value code."
percentage_expenditure,Democratic People's Republic of Korea,2013,Developing,unresolved,retained_and_flagged,"Zeros are widespread and heavily concentrated in 2015, but the supplied documentation does not establish a missing-value code."
percentage_expenditure,Democratic People's Republic of Korea,2014,Developing,unresolved,retained_and_flagged,"Zeros are widespread and heavily concentrated in 2015, but the supplied documentation does not establish a missing-value code."
percentage_expenditure,Democratic People's Republic of Korea,2015,Developing,unresolved,retained_and_flagged,"Zeros are widespread and heavily concentrated in 2015, but the supplied documentation does not establish a missing-value code."
percentage_expenditure,Democratic Republic of the Congo,2000,Developing,unresolved,retained_and_flagged,"Zeros are widespread and heavily concentrated in 2015, but the supplied documentation does not establish a missing-value code."
percentage_expenditure,Democratic Republic of the Congo,2001,Developing,unresolved,retained_and_flagged,"Zeros are widespread and heavily concentrated in 2015, but the supplied documentation does not establish a missing-value code."
percentage_expenditure,Democratic Republic of the Congo,2002,Developing,unresolved,retained_and_flagged,"Zeros are widespread and heavily concentrated in 2015, but the supplied documentation does not establish a missing-value code."
percentage_expenditure,Democratic Republic of the Congo,2003,Developing,unresolved,retained_and_flagged,"Zeros are widespread and heavily concentrated in 2015, but the supplied documentation does not establish a missing-value code."
percentage_expenditure,Democratic Republic of the Congo,2004,Developing,unresolved,retained_and_flagged,"Zeros are widespread and heavily concentrated in 2015, but the supplied documentation does not establish a missing-value code."
percentage_expenditure,Democratic Republic of the Congo,2005,Developing,unresolved,retained_and_flagged,"Zeros are widespread and heavily concentrated in 2015, but the supplied documentation does not establish a missing-value code."
percentage_expenditure,Democratic Republic of the Congo,2006,Developing,unresolved,retained_and_flagged,"Zeros are widespread and heavily concentrated in 2015, but the supplied documentation does not establish a missing-value code."
percentage_expenditure,Democratic Republic of the Congo,2007,Developing,unresolved,retained_and_flagged,"Zeros are widespread and heavily concentrated in 2015, but the supplied documentation does not establish a missing-value code."
percentage_expenditure,Democratic Republic of the Congo,2008,Developing,unresolved,retained_and_flagged,"Zeros are widespread and heavily concentrated in 2015, but the supplied documentation does not establish a missing-value code."
percentage_expenditure,Democratic Republic of the Congo,2009,Developing,unresolved,retained_and_flagged,"Zeros are widespread and heavily concentrated in 2015, but the supplied documentation does not establish a missing-value code."
percentage_expenditure,Democratic Republic of the Congo,2010,Developing,unresolved,retained_and_flagged,"Zeros are widespread and heavily concentrated in 2015, but the supplied documentation does not establish a missing-value code."
percentage_expenditure,Democratic Republic of the Congo,2011,Developing,unresolved,retained_and_flagged,"Zeros are widespread and heavily concentrated in 2015, but the supplied documentation does not establish a missing-value code."
percentage_expenditure,Democratic Republic of the Congo,2012,Developing,unresolved,retained_and_flagged,"Zeros are widespread and heavily concentrated in 2015, but the supplied documentation does not establish a missing-value code."
percentage_expenditure,Democratic Republic of the Congo,2013,Developing,unresolved,retained_and_flagged,"Zeros are widespread and heavily concentrated in 2015, but the supplied documentation does not establish a missing-value code."
percentage_expenditure,Democratic Republic of the Congo,2014,Developing,unresolved,retained_and_flagged,"Zeros are widespread and heavily concentrated in 2015, but the supplied documentation does not establish a missing-value code."
percentage_expenditure,Democratic Republic of the Congo,2015,Developing,unresolved,retained_and_flagged,"Zeros are widespread and heavily concentrated in 2015, but the supplied documentation does not establish a missing-value code."
percentage_expenditure,Denmark,2015,Developed,unresolved,retained_and_flagged,"Zeros are widespread and heavily concentrated in 2015, but the supplied documentation does not establish a missing-value code."
percentage_expenditure,Djibouti,2015,Developing,unresolved,retained_and_flagged,"Zeros are widespread and heavily concentrated in 2015, but the supplied documentation does not establish a missing-value code."
percentage_expenditure,Dominican Republic,2015,Developing,unresolved,retained_and_flagged,"Zeros are widespread and heavily concentrated in 2015, but the supplied documentation does not establish a missing-value code."
percentage_expenditure,Ecuador,2015,Developing,unresolved,retained_and_flagged,"Zeros are widespread and heavily concentrated in 2015, but the supplied documentation does not establish a missing-value code."
percentage_expenditure,Egypt,2000,Developing,unresolved,retained_and_flagged,"Zeros are widespread and heavily concentrated in 2015, but the supplied documentation does not establish a missing-value code."
percentage_expenditure,Egypt,2001,Developing,unresolved,retained_and_flagged,"Zeros are widespread and heavily concentrated in 2015, but the supplied documentation does not establish a missing-value code."
percentage_expenditure,Egypt,2002,Developing,unresolved,retained_and_flagged,"Zeros are widespread and heavily concentrated in 2015, but the supplied documentation does not establish a missing-value code."
percentage_expenditure,Egypt,2003,Developing,unresolved,retained_and_flagged,"Zeros are widespread and heavily concentrated in 2015, but the supplied documentation does not establish a missing-value code."
percentage_expenditure,Egypt,2004,Developing,unresolved,retained_and_flagged,"Zeros are widespread and heavily concentrated in 2015, but the supplied documentation does not establish a missing-value code."
percentage_expenditure,Egypt,2005,Developing,unresolved,retained_and_flagged,"Zeros are widespread and heavily concentrated in 2015, but the supplied documentation does not establish a missing-value code."
percentage_expenditure,Egypt,2006,Developing,unresolved,retained_and_flagged,"Zeros are widespread and heavily concentrated in 2015, but the supplied documentation does not establish a missing-value code."
percentage_expenditure,Egypt,2007,Developing,unresolved,retained_and_flagged,"Zeros are widespread and heavily concentrated in 2015, but the supplied documentation does not establish a missing-value code."
percentage_expenditure,Egypt,2008,Developing,unresolved,retained_and_flagged,"Zeros are widespread and heavily concentrated in 2015, but the supplied documentation does not establish a missing-value code."
percentage_expenditure,Egypt,2009,Developing,unresolved,retained_and_flagged,"Zeros are widespread and heavily concentrated in 2015, but the supplied documentation does not establish a missing-value code."
percentage_expenditure,Egypt,2010,Developing,unresolved,retained_and_flagged,"Zeros are widespread and heavily concentrated in 2015, but the supplied documentation does not establish a missing-value code."
percentage_expenditure,Egypt,2011,Developing,unresolved,retained_and_flagged,"Zeros are widespread and heavily concentrated in 2015, but the supplied documentation does not establish a missing-value code."
percentage_expenditure,Egypt,2012,Developing,unresolved,retained_and_flagged,"Zeros are widespread and heavily concentrated in 2015, but the supplied documentation does not establish a missing-value code."
percentage_expenditure,Egypt,2013,Developing,unresolved,retained_and_flagged,"Zeros are widespread and heavily concentrated in 2015, but the supplied documentation does not establish a missing-value code."
percentage_expenditure,Egypt,2014,Developing,unresolved,retained_and_flagged,"Zeros are widespread and heavily concentrated in 2015, but the supplied documentation does not establish a missing-value code."
percentage_expenditure,Egypt,2015,Developing,unresolved,retained_and_flagged,"Zeros are widespread and heavily concentrated in 2015, but the supplied documentation does not establish a missing-value code."
percentage_expenditure,El Salvador,2015,Developing,unresolved,retained_and_flagged,"Zeros are widespread and heavily concentrated in 2015, but the supplied documentation does not establish a missing-value code."
percentage_expenditure,Equatorial Guinea,2015,Developing,unresolved,retained_and_flagged,"Zeros are widespread and heavily concentrated in 2015, but the supplied documentation does not establish a missing-value code."
percentage_expenditure,Eritrea,2012,Developing,unresolved,retained_and_flagged,"Zeros are widespread and heavily concentrated in 2015, but the supplied documentation does not establish a missing-value code."
percentage_expenditure,Eritrea,2013,Developing,unresolved,retained_and_flagged,"Zeros are widespread and heavily concentrated in 2015, but the supplied documentation does not establish a missing-value code."
percentage_expenditure,Eritrea,2014,Developing,unresolved,retained_and_flagged,"Zeros are widespread and heavily concentrated in 2015, but the supplied documentation does not establish a missing-value code."
percentage_expenditure,Eritrea,2015,Developing,unresolved,retained_and_flagged,"Zeros are widespread and heavily concentrated in 2015, but the supplied documentation does not establish a missing-value code."
percentage_expenditure,Estonia,2015,Developing,unresolved,retained_and_flagged,"Zeros are widespread and heavily concentrated in 2015, but the supplied documentation does not establish a missing-value code."
percentage_expenditure,Ethiopia,2015,Developing,unresolved,retained_and_flagged,"Zeros are widespread and heavily concentrated in 2015, but the supplied documentation does not establish a missing-value code."
percentage_expenditure,Fiji,2015,Developing,unresolved,retained_and_flagged,"Zeros are widespread and heavily concentrated in 2015, but the supplied documentation does not establish a missing-value code."
percentage_expenditure,Finland,2015,Developing,unresolved,retained_and_flagged,"Zeros are widespread and heavily concentrated in 2015, but the supplied documentation does not establish a missing-value code."
percentage_expenditure,France,2015,Developing,unresolved,retained_and_flagged,"Zeros are widespread and heavily concentrated in 2015, but the supplied documentation does not establish a missing-value code."
percentage_expenditure,Gabon,2015,Developing,unresolved,retained_and_flagged,"Zeros are widespread and heavily concentrated in 2015, but the supplied documentation does not establish a missing-value code."
percentage_expenditure,Gambia,2000,Developing,unresolved,retained_and_flagged,"Zeros are widespread and heavily concentrated in 2015, but the supplied documentation does not establish a missing-value code."
percentage_expenditure,Gambia,2001,Developing,unresolved,retained_and_flagged,"Zeros are widespread and heavily concentrated in 2015, but the supplied documentation does not establish a missing-value code."
percentage_expenditure,Gambia,2002,Developing,unresolved,retained_and_flagged,"Zeros are widespread and heavily concentrated in 2015, but the supplied documentation does not establish a missing-value code."
percentage_expenditure,Gambia,2003,Developing,unresolved,retained_and_flagged,"Zeros are widespread and heavily concentrated in 2015, but the supplied documentation does not establish a missing-value code."
percentage_expenditure,Gambia,2004,Developing,unresolved,retained_and_flagged,"Zeros are widespread and heavily concentrated in 2015, but the supplied documentation does not establish a missing-value code."
percentage_expenditure,Gambia,2005,Developing,unresolved,retained_and_flagged,"Zeros are widespread and heavily concentrated in 2015, but the supplied documentation does not establish a missing-value code."
percentage_expenditure,Gambia,2006,Developing,unresolved,retained_and_flagged,"Zeros are widespread and heavily concentrated in 2015, but the supplied documentation does not establish a missing-value code."
percentage_expenditure,Gambia,2007,Developing,unresolved,retained_and_flagged,"Zeros are widespread and heavily concentrated in 2015, but the supplied documentation does not establish a missing-value code."
percentage_expenditure,Gambia,2008,Developing,unresolved,retained_and_flagged,"Zeros are widespread and heavily concentrated in 2015, but the supplied documentation does not establish a missing-value code."
percentage_expenditure,Gambia,2009,Developing,unresolved,retained_and_flagged,"Zeros are widespread and heavily concentrated in 2015, but the supplied documentation does not establish a missing-value code."
percentage_expenditure,Gambia,2010,Developing,unresolved,retained_and_flagged,"Zeros are widespread and heavily concentrated in 2015, but the supplied documentation does not establish a missing-value code."
percentage_expenditure,Gambia,2011,Developing,unresolved,retained_and_flagged,"Zeros are widespread and heavily concentrated in 2015, but the supplied documentation does not establish a missing-value code."
percentage_expenditure,Gambia,2012,Developing,unresolved,retained_and_flagged,"Zeros are widespread and heavily concentrated in 2015, but the supplied documentation does not establish a missing-value code."
percentage_expenditure,Gambia,2013,Developing,unresolved,retained_and_flagged,"Zeros are widespread and heavily concentrated in 2015, but the supplied documentation does not establish a missing-value code."
percentage_expenditure,Gambia,2014,Developing,unresolved,retained_and_flagged,"Zeros are widespread and heavily concentrated in 2015, but the supplied documentation does not establish a missing-value code."
percentage_expenditure,Gambia,2015,Developing,unresolved,retained_and_flagged,"Zeros are widespread and heavily concentrated in 2015, but the supplied documentation does not establish a missing-value code."
percentage_expenditure,Georgia,2015,Developing,unresolved,retained_and_flagged,"Zeros are widespread and heavily concentrated in 2015, but the supplied documentation does not establish a missing-value code."
percentage_expenditure,Germany,2015,Developed,unresolved,retained_and_flagged,"Zeros are widespread and heavily concentrated in 2015, but the supplied documentation does not establish a missing-value code."
percentage_expenditure,Ghana,2015,Developing,unresolved,retained_and_flagged,"Zeros are widespread and heavily concentrated in 2015, but the supplied documentation does not establish a missing-value code."
percentage_expenditure,Greece,2015,Developing,unresolved,retained_and_flagged,"Zeros are widespread and heavily concentrated in 2015, but the supplied documentation does not establish a missing-value code."
percentage_expenditure,Grenada,2015,Developing,unresolved,retained_and_flagged,"Zeros are widespread and heavily concentrated in 2015, but the supplied documentation does not establish a missing-value code."
percentage_expenditure,Guatemala,2015,Developing,unresolved,retained_and_flagged,"Zeros are widespread and heavily concentrated in 2015, but the supplied documentation does not establish a missing-value code."
percentage_expenditure,Guinea,2015,Developing,unresolved,retained_and_flagged,"Zeros are widespread and heavily concentrated in 2015, but the supplied documentation does not establish a missing-value code."
percentage_expenditure,Guinea-Bissau,2015,Developing,unresolved,retained_and_flagged,"Zeros are widespread and heavily concentrated in 2015, but the supplied documentation does not establish a missing-value code."
percentage_expenditure,Guyana,2015,Developing,unresolved,retained_and_flagged,"Zeros are widespread and heavily concentrated in 2015, but the supplied documentation does not establish a missing-value code."
percentage_expenditure,Haiti,2015,Developing,unresolved,retained_and_flagged,"Zeros are widespread and heavily concentrated in 2015, but the supplied documentation does not establish a missing-value code."
percentage_expenditure,Honduras,2015,Developing,unresolved,retained_and_flagged,"Zeros are widespread and heavily concentrated in 2015, but the supplied documentation does not establish a missing-value code."
percentage_expenditure,Hungary,2015,Developed,unresolved,retained_and_flagged,"Zeros are widespread and heavily concentrated in 2015, but the supplied documentation does not establish a missing-value code."
percentage_expenditure,Iceland,2015,Developed,unresolved,retained_and_flagged,"Zeros are widespread and heavily concentrated in 2015, but the supplied documentation does not establish a missing-value code."
percentage_expenditure,India,2015,Developing,unresolved,retained_and_flagged,"Zeros are widespread and heavily concentrated in 2015, but the supplied documentation does not establish a missing-value code."
percentage_expenditure,Indonesia,2015,Developing,unresolved,retained_and_flagged,"Zeros are widespread and heavily concentrated in 2015, but the supplied documentation does not establish a missing-value code."
percentage_expenditure,Iran (Islamic Republic of),2000,Developing,unresolved,retained_and_flagged,"Zeros are widespread and heavily concentrated in 2015, but the supplied documentation does not establish a missing-value code."
percentage_expenditure,Iran (Islamic Republic of),2001,Developing,unresolved,retained_and_flagged,"Zeros are widespread and heavily concentrated in 2015, but the supplied documentation does not establish a missing-value code."
percentage_expenditure,Iran (Islamic Republic of),2002,Developing,unresolved,retained_and_flagged,"Zeros are widespread and heavily concentrated in 2015, but the supplied documentation does not establish a missing-value code."
percentage_expenditure,Iran (Islamic Republic of),2003,Developing,unresolved,retained_and_flagged,"Zeros are widespread and heavily concentrated in 2015, but the supplied documentation does not establish a missing-value code."
percentage_expenditure,Iran (Islamic Republic of),2004,Developing,unresolved,retained_and_flagged,"Zeros are widespread and heavily concentrated in 2015, but the supplied documentation does not establish a missing-value code."
percentage_expenditure,Iran (Islamic Republic of),2005,Developing,unresolved,retained_and_flagged,"Zeros are widespread and heavily concentrated in 2015, but the supplied documentation does not establish a missing-value code."
percentage_expenditure,Iran (Islamic Republic of),2006,Developing,unresolved,retained_and_flagged,"Zeros are widespread and heavily concentrated in 2015, but the supplied documentation does not establish a missing-value code."
percentage_expenditure,Iran (Islamic Republic of),2007,Developing,unresolved,retained_and_flagged,"Zeros are widespread and heavily concentrated in 2015, but the supplied documentation does not establish a missing-value code."
percentage_expenditure,Iran (Islamic Republic of),2008,Developing,unresolved,retained_and_flagged,"Zeros are widespread and heavily concentrated in 2015, but the supplied documentation does not establish a missing-value code."
percentage_expenditure,Iran (Islamic Republic of),2009,Developing,unresolved,retained_and_flagged,"Zeros are widespread and heavily concentrated in 2015, but the supplied documentation does not establish a missing-value code."
percentage_expenditure,Iran (Islamic Republic of),2010,Developing,unresolved,retained_and_flagged,"Zeros are widespread and heavily concentrated in 2015, but the supplied documentation does not establish a missing-value code."
percentage_expenditure,Iran (Islamic Republic of),2011,Developing,unresolved,retained_and_flagged,"Zeros are widespread and heavily concentrated in 2015, but the supplied documentation does not establish a missing-value code."
percentage_expenditure,Iran (Islamic Republic of),2012,Developing,unresolved,retained_and_flagged,"Zeros are widespread and heavily concentrated in 2015, but the supplied documentation does not establish a missing-value code."
percentage_expenditure,Iran (Islamic Republic of),2013,Developing,unresolved,retained_and_flagged,"Zeros are widespread and heavily concentrated in 2015, but the supplied documentation does not establish a missing-value code."
percentage_expenditure,Iran (Islamic Republic of),2014,Developing,unresolved,retained_and_flagged,"Zeros are widespread and heavily concentrated in 2015, but the supplied documentation does not establish a missing-value code."
percentage_expenditure,Iran (Islamic Republic of),2015,Developing,unresolved,retained_and_flagged,"Zeros are widespread and heavily concentrated in 2015, but the supplied documentation does not establish a missing-value code."
percentage_expenditure,Iraq,2000,Developing,unresolved,retained_and_flagged,"Zeros are widespread and heavily concentrated in 2015, but the supplied documentation does not establish a missing-value code."
percentage_expenditure,Iraq,2001,Developing,unresolved,retained_and_flagged,"Zeros are widespread and heavily concentrated in 2015, but the supplied documentation does not establish a missing-value code."
percentage_expenditure,Iraq,2002,Developing,unresolved,retained_and_flagged,"Zeros are widespread and heavily concentrated in 2015, but the supplied documentation does not establish a missing-value code."
percentage_expenditure,Iraq,2003,Developing,unresolved,retained_and_flagged,"Zeros are widespread and heavily concentrated in 2015, but the supplied documentation does not establish a missing-value code."
percentage_expenditure,Iraq,2015,Developing,unresolved,retained_and_flagged,"Zeros are widespread and heavily concentrated in 2015, but the supplied documentation does not establish a missing-value code."
percentage_expenditure,Ireland,2015,Developed,unresolved,retained_and_flagged,"Zeros are widespread and heavily concentrated in 2015, but the supplied documentation does not establish a missing-value code."
percentage_expenditure,Israel,2015,Developing,unresolved,retained_and_flagged,"Zeros are widespread and heavily concentrated in 2015, but the supplied documentation does not establish a missing-value code."
percentage_expenditure,Italy,2015,Developed,unresolved,retained_and_flagged,"Zeros are widespread and heavily concentrated in 2015, but the supplied documentation does not establish a missing-value code."
percentage_expenditure,Jamaica,2015,Developing,unresolved,retained_and_flagged,"Zeros are widespread and heavily concentrated in 2015, but the supplied documentation does not establish a missing-value code."
percentage_expenditure,Japan,2015,Developed,unresolved,retained_and_flagged,"Zeros are widespread and heavily concentrated in 2015, but the supplied documentation does not establish a missing-value code."
percentage_expenditure,Jordan,2015,Developing,unresolved,retained_and_flagged,"Zeros are widespread and heavily concentrated in 2015, but the supplied documentation does not establish a missing-value code."
percentage_expenditure,Kazakhstan,2015,Developing,unresolved,retained_and_flagged,"Zeros are widespread and heavily concentrated in 2015, but the supplied documentation does not establish a missing-value code."
percentage_expenditure,Kenya,2015,Developing,unresolved,retained_and_flagged,"Zeros are widespread and heavily concentrated in 2015, but the supplied documentation does not establish a missing-value code."
percentage_expenditure,Kiribati,2015,Developing,unresolved,retained_and_flagged,"Zeros are widespread and heavily concentrated in 2015, but the supplied documentation does not establish a missing-value code."
percentage_expenditure,Kuwait,2015,Developing,unresolved,retained_and_flagged,"Zeros are widespread and heavily concentrated in 2015, but the supplied documentation does not establish a missing-value code."
percentage_expenditure,Kyrgyzstan,2000,Developing,unresolved,retained_and_flagged,"Zeros are widespread and heavily concentrated in 2015, but the supplied documentation does not establish a missing-value code."
percentage_expenditure,Kyrgyzstan,2001,Developing,unresolved,retained_and_flagged,"Zeros are widespread and heavily concentrated in 2015, but the supplied documentation does not establish a missing-value code."
percentage_expenditure,Kyrgyzstan,2002,Developing,unresolved,retained_and_flagged,"Zeros are widespread and heavily concentrated in 2015, but the supplied documentation does not establish a missing-value code."
percentage_expenditure,Kyrgyzstan,2003,Developing,unresolved,retained_and_flagged,"Zeros are widespread and heavily concentrated in 2015, but the supplied documentation does not establish a missing-value code."
percentage_expenditure,Kyrgyzstan,2004,Developing,unresolved,retained_and_flagged,"Zeros are widespread and heavily concentrated in 2015, but the supplied documentation does not establish a missing-value code."
percentage_expenditure,Kyrgyzstan,2005,Developing,unresolved,retained_and_flagged,"Zeros are widespread and heavily concentrated in 2015, but the supplied documentation does not establish a missing-value code."
percentage_expenditure,Kyrgyzstan,2006,Developing,unresolved,retained_and_flagged,"Zeros are widespread and heavily concentrated in 2015, but the supplied documentation does not establish a missing-value code."
percentage_expenditure,Kyrgyzstan,2007,Developing,unresolved,retained_and_flagged,"Zeros are widespread and heavily concentrated in 2015, but the supplied documentation does not establish a missing-value code."
percentage_expenditure,Kyrgyzstan,2008,Developing,unresolved,retained_and_flagged,"Zeros are widespread and heavily concentrated in 2015, but the supplied documentation does not establish a missing-value code."
percentage_expenditure,Kyrgyzstan,2009,Developing,unresolved,retained_and_flagged,"Zeros are widespread and heavily concentrated in 2015, but the supplied documentation does not establish a missing-value code."
percentage_expenditure,Kyrgyzstan,2010,Developing,unresolved,retained_and_flagged,"Zeros are widespread and heavily concentrated in 2015, but the supplied documentation does not establish a missing-value code."
percentage_expenditure,Kyrgyzstan,2011,Developing,unresolved,retained_and_flagged,"Zeros are widespread and heavily concentrated in 2015, but the supplied documentation does not establish a missing-value code."
percentage_expenditure,Kyrgyzstan,2012,Developing,unresolved,retained_and_flagged,"Zeros are widespread and heavily concentrated in 2015, but the supplied documentation does not establish a missing-value code."
percentage_expenditure,Kyrgyzstan,2013,Developing,unresolved,retained_and_flagged,"Zeros are widespread and heavily concentrated in 2015, but the supplied documentation does not establish a missing-value code."
percentage_expenditure,Kyrgyzstan,2014,Developing,unresolved,retained_and_flagged,"Zeros are widespread and heavily concentrated in 2015, but the supplied documentation does not establish a missing-value code."
percentage_expenditure,Kyrgyzstan,2015,Developing,unresolved,retained_and_flagged,"Zeros are widespread and heavily concentrated in 2015, but the supplied documentation does not establish a missing-value code."
percentage_expenditure,Lao People's Democratic Republic,2000,Developing,unresolved,retained_and_flagged,"Zeros are widespread and heavily concentrated in 2015, but the supplied documentation does not establish a missing-value code."
percentage_expenditure,Lao People's Democratic Republic,2001,Developing,unresolved,retained_and_flagged,"Zeros are widespread and heavily concentrated in 2015, but the supplied documentation does not establish a missing-value code."
percentage_expenditure,Lao People's Democratic Republic,2002,Developing,unresolved,retained_and_flagged,"Zeros are widespread and heavily concentrated in 2015, but the supplied documentation does not establish a missing-value code."
percentage_expenditure,Lao People's Democratic Republic,2003,Developing,unresolved,retained_and_flagged,"Zeros are widespread and heavily concentrated in 2015, but the supplied documentation does not establish a missing-value code."
percentage_expenditure,Lao People's Democratic Republic,2004,Developing,unresolved,retained_and_flagged,"Zeros are widespread and heavily concentrated in 2015, but the supplied documentation does not establish a missing-value code."
percentage_expenditure,Lao People's Democratic Republic,2005,Developing,unresolved,retained_and_flagged,"Zeros are widespread and heavily concentrated in 2015, but the supplied documentation does not establish a missing-value code."
percentage_expenditure,Lao People's Democratic Republic,2006,Developing,unresolved,retained_and_flagged,"Zeros are widespread and heavily concentrated in 2015, but the supplied documentation does not establish a missing-value code."
percentage_expenditure,Lao People's Democratic Republic,2007,Developing,unresolved,retained_and_flagged,"Zeros are widespread and heavily concentrated in 2015, but the supplied documentation does not establish a missing-value code."
percentage_expenditure,Lao People's Democratic Republic,2008,Developing,unresolved,retained_and_flagged,"Zeros are widespread and heavily concentrated in 2015, but the supplied documentation does not establish a missing-value code."
percentage_expenditure,Lao People's Democratic Republic,2009,Developing,unresolved,retained_and_flagged,"Zeros are widespread and heavily concentrated in 2015, but the supplied documentation does not establish a missing-value code."
percentage_expenditure,Lao People's Democratic Republic,2010,Developing,unresolved,retained_and_flagged,"Zeros are widespread and heavily concentrated in 2015, but the supplied documentation does not establish a missing-value code."
percentage_expenditure,Lao People's Democratic Republic,2011,Developing,unresolved,retained_and_flagged,"Zeros are widespread and heavily concentrated in 2015, but the supplied documentation does not establish a missing-value code."
percentage_expenditure,Lao People's Democratic Republic,2012,Developing,unresolved,retained_and_flagged,"Zeros are widespread and heavily concentrated in 2015, but the supplied documentation does not establish a missing-value code."
percentage_expenditure,Lao People's Democratic Republic,2013,Developing,unresolved,retained_and_flagged,"Zeros are widespread and heavily concentrated in 2015, but the supplied documentation does not establish a missing-value code."
percentage_expenditure,Lao People's Democratic Republic,2014,Developing,unresolved,retained_and_flagged,"Zeros are widespread and heavily concentrated in 2015, but the supplied documentation does not establish a missing-value code."
percentage_expenditure,Lao People's Democratic Republic,2015,Developing,unresolved,retained_and_flagged,"Zeros are widespread and heavily concentrated in 2015, but the supplied documentation does not establish a missing-value code."
percentage_expenditure,Latvia,2015,Developed,unresolved,retained_and_flagged,"Zeros are widespread and heavily concentrated in 2015, but the supplied documentation does not establish a missing-value code."
percentage_expenditure,Lebanon,2015,Developing,unresolved,retained_and_flagged,"Zeros are widespread and heavily concentrated in 2015, but the supplied documentation does not establish a missing-value code."
percentage_expenditure,Lesotho,2015,Developing,unresolved,retained_and_flagged,"Zeros are widespread and heavily concentrated in 2015, but the supplied documentation does not establish a missing-value code."
percentage_expenditure,Liberia,2015,Developing,unresolved,retained_and_flagged,"Zeros are widespread and heavily concentrated in 2015, but the supplied documentation does not establish a missing-value code."
percentage_expenditure,Libya,2012,Developing,unresolved,retained_and_flagged,"Zeros are widespread and heavily concentrated in 2015, but the supplied documentation does not establish a missing-value code."
percentage_expenditure,Libya,2013,Developing,unresolved,retained_and_flagged,"Zeros are widespread and heavily concentrated in 2015, but the supplied documentation does not establish a missing-value code."
percentage_expenditure,Libya,2014,Developing,unresolved,retained_and_flagged,"Zeros are widespread and heavily concentrated in 2015, but the supplied documentation does not establish a missing-value code."
percentage_expenditure,Libya,2015,Developing,unresolved,retained_and_flagged,"Zeros are widespread and heavily concentrated in 2015, but the supplied documentation does not establish a missing-value code."
percentage_expenditure,Lithuania,2015,Developed,unresolved,retained_and_flagged,"Zeros are widespread and heavily concentrated in 2015, but the supplied documentation does not establish a missing-value code."
percentage_expenditure,Luxembourg,2015,Developed,unresolved,retained_and_flagged,"Zeros are widespread and heavily concentrated in 2015, but the supplied documentation does not establish a missing-value code."
percentage_expenditure,Madagascar,2015,Developing,unresolved,retained_and_flagged,"Zeros are widespread and heavily concentrated in 2015, but the supplied documentation does not establish a missing-value code."
percentage_expenditure,Malawi,2015,Developing,unresolved,retained_and_flagged,"Zeros are widespread and heavily concentrated in 2015, but the supplied documentation does not establish a missing-value code."
percentage_expenditure,Malaysia,2015,Developing,unresolved,retained_and_flagged,"Zeros are widespread and heavily concentrated in 2015, but the supplied documentation does not establish a missing-value code."
percentage_expenditure,Maldives,2015,Developing,unresolved,retained_and_flagged,"Zeros are widespread and heavily concentrated in 2015, but the supplied documentation does not establish a missing-value code."
percentage_expenditure,Mali,2015,Developing,unresolved,retained_and_flagged,"Zeros are widespread and heavily concentrated in 2015, but the supplied documentation does not establish a missing-value code."
percentage_expenditure,Malta,2015,Developed,unresolved,retained_and_flagged,"Zeros are widespread and heavily concentrated in 2015, but the supplied documentation does not establish a missing-value code."
percentage_expenditure,Mauritania,2015,Developing,unresolved,retained_and_flagged,"Zeros are widespread and heavily concentrated in 2015, but the supplied documentation does not establish a missing-value code."
percentage_expenditure,Mauritius,2015,Developing,unresolved,retained_and_flagged,"Zeros are widespread and heavily concentrated in 2015, but the supplied documentation does not establish a missing-value code."
percentage_expenditure,Mexico,2015,Developing,unresolved,retained_and_flagged,"Zeros are widespread and heavily concentrated in 2015, but the supplied documentation does not establish a missing-value code."
percentage_expenditure,Micronesia (Federated States of),2000,Developing,unresolved,retained_and_flagged,"Zeros are widespread and heavily concentrated in 2015, but the supplied documentation does not establish a missing-value code."
percentage_expenditure,Micronesia (Federated States of),2001,Developing,unresolved,retained_and_flagged,"Zeros are widespread and heavily concentrated in 2015, but the supplied documentation does not establish a missing-value code."
percentage_expenditure,Micronesia (Federated States of),2002,Developing,unresolved,retained_and_flagged,"Zeros are widespread and heavily concentrated in 2015, but the supplied documentation does not establish a missing-value code."
percentage_expenditure,Micronesia (Federated States of),2003,Developing,unresolved,retained_and_flagged,"Zeros are widespread and heavily concentrated in 2015, but the supplied documentation does not establish a missing-value code."
percentage_expenditure,Micronesia (Federated States of),2004,Developing,unresolved,retained_and_flagged,"Zeros are widespread and heavily concentrated in 2015, but the supplied documentation does not establish a missing-value code."
percentage_expenditure,Micronesia (Federated States of),2005,Developing,unresolved,retained_and_flagged,"Zeros are widespread and heavily concentrated in 2015, but the supplied documentation does not establish a missing-value code."
percentage_expenditure,Micronesia (Federated States of),2006,Developing,unresolved,retained_and_flagged,"Zeros are widespread and heavily concentrated in 2015, but the supplied documentation does not establish a missing-value code."
percentage_expenditure,Micronesia (Federated States of),2007,Developing,unresolved,retained_and_flagged,"Zeros are widespread and heavily concentrated in 2015, but the supplied documentation does not establish a missing-value code."
percentage_expenditure,Micronesia (Federated States of),2008,Developing,unresolved,retained_and_flagged,"Zeros are widespread and heavily concentrated in 2015, but the supplied documentation does not establish a missing-value code."
percentage_expenditure,Micronesia (Federated States of),2009,Developing,unresolved,retained_and_flagged,"Zeros are widespread and heavily concentrated in 2015, but the supplied documentation does not establish a missing-value code."
percentage_expenditure,Micronesia (Federated States of),2010,Developing,unresolved,retained_and_flagged,"Zeros are widespread and heavily concentrated in 2015, but the supplied documentation does not establish a missing-value code."
percentage_expenditure,Micronesia (Federated States of),2011,Developing,unresolved,retained_and_flagged,"Zeros are widespread and heavily concentrated in 2015, but the supplied documentation does not establish a missing-value code."
percentage_expenditure,Micronesia (Federated States of),2012,Developing,unresolved,retained_and_flagged,"Zeros are widespread and heavily concentrated in 2015, but the supplied documentation does not establish a missing-value code."
percentage_expenditure,Micronesia (Federated States of),2013,Developing,unresolved,retained_and_flagged,"Zeros are widespread and heavily concentrated in 2015, but the supplied documentation does not establish a missing-value code."
percentage_expenditure,Micronesia (Federated States of),2014,Developing,unresolved,retained_and_flagged,"Zeros are widespread and heavily concentrated in 2015, but the supplied documentation does not establish a missing-value code."
percentage_expenditure,Micronesia (Federated States of),2015,Developing,unresolved,retained_and_flagged,"Zeros are widespread and heavily concentrated in 2015, but the supplied documentation does not establish a missing-value code."
percentage_expenditure,Monaco,2013,Developing,unresolved,retained_and_flagged,"Zeros are widespread and heavily concentrated in 2015, but the supplied documentation does not establish a missing-value code."
percentage_expenditure,Mongolia,2015,Developing,unresolved,retained_and_flagged,"Zeros are widespread and heavily concentrated in 2015, but the supplied documentation does not establish a missing-value code."
percentage_expenditure,Montenegro,2015,Developing,unresolved,retained_and_flagged,"Zeros are widespread and heavily concentrated in 2015, but the supplied documentation does not establish a missing-value code."
percentage_expenditure,Morocco,2015,Developing,unresolved,retained_and_flagged,"Zeros are widespread and heavily concentrated in 2015, but the supplied documentation does not establish a missing-value code."
percentage_expenditure,Mozambique,2015,Developing,unresolved,retained_and_flagged,"Zeros are widespread and heavily concentrated in 2015, but the supplied documentation does not establish a missing-value code."
percentage_expenditure,Myanmar,2015,Developing,unresolved,retained_and_flagged,"Zeros are widespread and heavily concentrated in 2015, but the supplied documentation does not establish a missing-value code."
percentage_expenditure,Namibia,2015,Developing,unresolved,retained_and_flagged,"Zeros are widespread and heavily concentrated in 2015, but the supplied documentation does not establish a missing-value code."
percentage_expenditure,Nepal,2015,Developing,unresolved,retained_and_flagged,"Zeros are widespread and heavily concentrated in 2015, but the supplied documentation does not establish a missing-value code."
percentage_expenditure,Netherlands,2015,Developed,unresolved,retained_and_flagged,"Zeros are widespread and heavily concentrated in 2015, but the supplied documentation does not establish a missing-value code."
percentage_expenditure,New Zealand,2015,Developed,unresolved,retained_and_flagged,"Zeros are widespread and heavily concentrated in 2015, but the supplied documentation does not establish a missing-value code."
percentage_expenditure,Nicaragua,2015,Developing,unresolved,retained_and_flagged,"Zeros are widespread and heavily concentrated in 2015, but the supplied documentation does not establish a missing-value code."
percentage_expenditure,Niger,2015,Developing,unresolved,retained_and_flagged,"Zeros are widespread and heavily concentrated in 2015, but the supplied documentation does not establish a missing-value code."
percentage_expenditure,Nigeria,2015,Developing,unresolved,retained_and_flagged,"Zeros are widespread and heavily concentrated in 2015, but the supplied documentation does not establish a missing-value code."
percentage_expenditure,Niue,2013,Developing,unresolved,retained_and_flagged,"Zeros are widespread and heavily concentrated in 2015, but the supplied documentation does not establish a missing-value code."
percentage_expenditure,Norway,2015,Developed,unresolved,retained_and_flagged,"Zeros are widespread and heavily concentrated in 2015, but the supplied documentation does not establish a missing-value code."
percentage_expenditure,Oman,2015,Developing,unresolved,retained_and_flagged,"Zeros are widespread and heavily concentrated in 2015, but the supplied documentation does not establish a missing-value code."
percentage_expenditure,Pakistan,2015,Developing,unresolved,retained_and_flagged,"Zeros are widespread and heavily concentrated in 2015, but the supplied documentation does not establish a missing-value code."
percentage_expenditure,Panama,2015,Developing,unresolved,retained_and_flagged,"Zeros are widespread and heavily concentrated in 2015, but the supplied documentation does not establish a missing-value code."
percentage_expenditure,Papua New Guinea,2015,Developing,unresolved,retained_and_flagged,"Zeros are widespread and heavily concentrated in 2015, but the supplied documentation does not establish a missing-value code."
percentage_expenditure,Paraguay,2015,Developing,unresolved,retained_and_flagged,"Zeros are widespread and heavily concentrated in 2015, but the supplied documentation does not establish a missing-value code."
percentage_expenditure,Peru,2015,Developing,unresolved,retained_and_flagged,"Zeros are widespread and heavily concentrated in 2015, but the supplied documentation does not establish a missing-value code."
percentage_expenditure,Philippines,2015,Developing,unresolved,retained_and_flagged,"Zeros are widespread and heavily concentrated in 2015, but the supplied documentation does not establish a missing-value code."
percentage_expenditure,Poland,2015,Developed,unresolved,retained_and_flagged,"Zeros are widespread and heavily concentrated in 2015, but the supplied documentation does not establish a missing-value code."
percentage_expenditure,Portugal,2015,Developed,unresolved,retained_and_flagged,"Zeros are widespread and heavily concentrated in 2015, but the supplied documentation does not establish a missing-value code."
percentage_expenditure,Qatar,2015,Developing,unresolved,retained_and_flagged,"Zeros are widespread and heavily concentrated in 2015, but the supplied documentation does not establish a missing-value code."
percentage_expenditure,Republic of Korea,2000,Developing,unresolved,retained_and_flagged,"Zeros are widespread and heavily concentrated in 2015, but the supplied documentation does not establish a missing-value code."
percentage_expenditure,Republic of Korea,2001,Developing,unresolved,retained_and_flagged,"Zeros are widespread and heavily concentrated in 2015, but the supplied documentation does not establish a missing-value code."
percentage_expenditure,Republic of Korea,2002,Developing,unresolved,retained_and_flagged,"Zeros are widespread and heavily concentrated in 2015, but the supplied documentation does not establish a missing-value code."
percentage_expenditure,Republic of Korea,2003,Developing,unresolved,retained_and_flagged,"Zeros are widespread and heavily concentrated in 2015, but the supplied documentation does not establish a missing-value code."
percentage_expenditure,Republic of Korea,2004,Developing,unresolved,retained_and_flagged,"Zeros are widespread and heavily concentrated in 2015, but the supplied documentation does not establish a missing-value code."
percentage_expenditure,Republic of Korea,2005,Developing,unresolved,retained_and_flagged,"Zeros are widespread and heavily concentrated in 2015, but the supplied documentation does not establish a missing-value code."
percentage_expenditure,Republic of Korea,2006,Developing,unresolved,retained_and_flagged,"Zeros are widespread and heavily concentrated in 2015, but the supplied documentation does not establish a missing-value code."
percentage_expenditure,Republic of Korea,2007,Developing,unresolved,retained_and_flagged,"Zeros are widespread and heavily concentrated in 2015, but the supplied documentation does not establish a missing-value code."
percentage_expenditure,Republic of Korea,2008,Developing,unresolved,retained_and_flagged,"Zeros are widespread and heavily concentrated in 2015, but the supplied documentation does not establish a missing-value code."
percentage_expenditure,Republic of Korea,2009,Developing,unresolved,retained_and_flagged,"Zeros are widespread and heavily concentrated in 2015, but the supplied documentation does not establish a missing-value code."
percentage_expenditure,Republic of Korea,2010,Developing,unresolved,retained_and_flagged,"Zeros are widespread and heavily concentrated in 2015, but the supplied documentation does not establish a missing-value code."
percentage_expenditure,Republic of Korea,2011,Developing,unresolved,retained_and_flagged,"Zeros are widespread and heavily concentrated in 2015, but the supplied documentation does not establish a missing-value code."
percentage_expenditure,Republic of Korea,2012,Developing,unresolved,retained_and_flagged,"Zeros are widespread and heavily concentrated in 2015, but the supplied documentation does not establish a missing-value code."
percentage_expenditure,Republic of Korea,2013,Developing,unresolved,retained_and_flagged,"Zeros are widespread and heavily concentrated in 2015, but the supplied documentation does not establish a missing-value code."
percentage_expenditure,Republic of Korea,2014,Developing,unresolved,retained_and_flagged,"Zeros are widespread and heavily concentrated in 2015, but the supplied documentation does not establish a missing-value code."
percentage_expenditure,Republic of Korea,2015,Developing,unresolved,retained_and_flagged,"Zeros are widespread and heavily concentrated in 2015, but the supplied documentation does not establish a missing-value code."
percentage_expenditure,Republic of Moldova,2000,Developing,unresolved,retained_and_flagged,"Zeros are widespread and heavily concentrated in 2015, but the supplied documentation does not establish a missing-value code."
percentage_expenditure,Republic of Moldova,2001,Developing,unresolved,retained_and_flagged,"Zeros are widespread and heavily concentrated in 2015, but the supplied documentation does not establish a missing-value code."
percentage_expenditure,Republic of Moldova,2002,Developing,unresolved,retained_and_flagged,"Zeros are widespread and heavily concentrated in 2015, but the supplied documentation does not establish a missing-value code."
percentage_expenditure,Republic of Moldova,2003,Developing,unresolved,retained_and_flagged,"Zeros are widespread and heavily concentrated in 2015, but the supplied documentation does not establish a missing-value code."
percentage_expenditure,Republic of Moldova,2004,Developing,unresolved,retained_and_flagged,"Zeros are widespread and heavily concentrated in 2015, but the supplied documentation does not establish a missing-value code."
percentage_expenditure,Republic of Moldova,2005,Developing,unresolved,retained_and_flagged,"Zeros are widespread and heavily concentrated in 2015, but the supplied documentation does not establish a missing-value code."
percentage_expenditure,Republic of Moldova,2006,Developing,unresolved,retained_and_flagged,"Zeros are widespread and heavily concentrated in 2015, but the supplied documentation does not establish a missing-value code."
percentage_expenditure,Republic of Moldova,2007,Developing,unresolved,retained_and_flagged,"Zeros are widespread and heavily concentrated in 2015, but the supplied documentation does not establish a missing-value code."
percentage_expenditure,Republic of Moldova,2008,Developing,unresolved,retained_and_flagged,"Zeros are widespread and heavily concentrated in 2015, but the supplied documentation does not establish a missing-value code."
percentage_expenditure,Republic of Moldova,2009,Developing,unresolved,retained_and_flagged,"Zeros are widespread and heavily concentrated in 2015, but the supplied documentation does not establish a missing-value code."
percentage_expenditure,Republic of Moldova,2010,Developing,unresolved,retained_and_flagged,"Zeros are widespread and heavily concentrated in 2015, but the supplied documentation does not establish a missing-value code."
percentage_expenditure,Republic of Moldova,2011,Developing,unresolved,retained_and_flagged,"Zeros are widespread and heavily concentrated in 2015, but the supplied documentation does not establish a missing-value code."
percentage_expenditure,Republic of Moldova,2012,Developing,unresolved,retained_and_flagged,"Zeros are widespread and heavily concentrated in 2015, but the supplied documentation does not establish a missing-value code."
percentage_expenditure,Republic of Moldova,2013,Developing,unresolved,retained_and_flagged,"Zeros are widespread and heavily concentrated in 2015, but the supplied documentation does not establish a missing-value code."
percentage_expenditure,Republic of Moldova,2014,Developing,unresolved,retained_and_flagged,"Zeros are widespread and heavily concentrated in 2015, but the supplied documentation does not establish a missing-value code."
percentage_expenditure,Republic of Moldova,2015,Developing,unresolved,retained_and_flagged,"Zeros are widespread and heavily concentrated in 2015, but the supplied documentation does not establish a missing-value code."
percentage_expenditure,Romania,2015,Developed,unresolved,retained_and_flagged,"Zeros are widespread and heavily concentrated in 2015, but the supplied documentation does not establish a missing-value code."
percentage_expenditure,Russian Federation,2015,Developing,unresolved,retained_and_flagged,"Zeros are widespread and heavily concentrated in 2015, but the supplied documentation does not establish a missing-value code."
percentage_expenditure,Rwanda,2015,Developing,unresolved,retained_and_flagged,"Zeros are widespread and heavily concentrated in 2015, but the supplied documentation does not establish a missing-value code."
percentage_expenditure,Saint Kitts and Nevis,2013,Developing,unresolved,retained_and_flagged,"Zeros are widespread and heavily concentrated in 2015, but the supplied documentation does not establish a missing-value code."
percentage_expenditure,Saint Lucia,2000,Developing,unresolved,retained_and_flagged,"Zeros are widespread and heavily concentrated in 2015, but the supplied documentation does not establish a missing-value code."
percentage_expenditure,Saint Lucia,2001,Developing,unresolved,retained_and_flagged,"Zeros are widespread and heavily concentrated in 2015, but the supplied documentation does not establish a missing-value code."
percentage_expenditure,Saint Lucia,2002,Developing,unresolved,retained_and_flagged,"Zeros are widespread and heavily concentrated in 2015, but the supplied documentation does not establish a missing-value code."
percentage_expenditure,Saint Lucia,2003,Developing,unresolved,retained_and_flagged,"Zeros are widespread and heavily concentrated in 2015, but the supplied documentation does not establish a missing-value code."
percentage_expenditure,Saint Lucia,2004,Developing,unresolved,retained_and_flagged,"Zeros are widespread and heavily concentrated in 2015, but the supplied documentation does not establish a missing-value code."
percentage_expenditure,Saint Lucia,2005,Developing,unresolved,retained_and_flagged,"Zeros are widespread and heavily concentrated in 2015, but the supplied documentation does not establish a missing-value code."
percentage_expenditure,Saint Lucia,2006,Developing,unresolved,retained_and_flagged,"Zeros are widespread and heavily concentrated in 2015, but the supplied documentation does not establish a missing-value code."
percentage_expenditure,Saint Lucia,2007,Developing,unresolved,retained_and_flagged,"Zeros are widespread and heavily concentrated in 2015, but the supplied documentation does not establish a missing-value code."
percentage_expenditure,Saint Lucia,2008,Developing,unresolved,retained_and_flagged,"Zeros are widespread and heavily concentrated in 2015, but the supplied documentation does not establish a missing-value code."
percentage_expenditure,Saint Lucia,2009,Developing,unresolved,retained_and_flagged,"Zeros are widespread and heavily concentrated in 2015, but the supplied documentation does not establish a missing-value code."
percentage_expenditure,Saint Lucia,2010,Developing,unresolved,retained_and_flagged,"Zeros are widespread and heavily concentrated in 2015, but the supplied documentation does not establish a missing-value code."
percentage_expenditure,Saint Lucia,2011,Developing,unresolved,retained_and_flagged,"Zeros are widespread and heavily concentrated in 2015, but the supplied documentation does not establish a missing-value code."
percentage_expenditure,Saint Lucia,2012,Developing,unresolved,retained_and_flagged,"Zeros are widespread and heavily concentrated in 2015, but the supplied documentation does not establish a missing-value code."
percentage_expenditure,Saint Lucia,2013,Developing,unresolved,retained_and_flagged,"Zeros are widespread and heavily concentrated in 2015, but the supplied documentation does not establish a missing-value code."
percentage_expenditure,Saint Lucia,2014,Developing,unresolved,retained_and_flagged,"Zeros are widespread and heavily concentrated in 2015, but the supplied documentation does not establish a missing-value code."
percentage_expenditure,Saint Lucia,2015,Developing,unresolved,retained_and_flagged,"Zeros are widespread and heavily concentrated in 2015, but the supplied documentation does not establish a missing-value code."
percentage_expenditure,Saint Vincent and the Grenadines,2000,Developing,unresolved,retained_and_flagged,"Zeros are widespread and heavily concentrated in 2015, but the supplied documentation does not establish a missing-value code."
percentage_expenditure,Saint Vincent and the Grenadines,2001,Developing,unresolved,retained_and_flagged,"Zeros are widespread and heavily concentrated in 2015, but the supplied documentation does not establish a missing-value code."
percentage_expenditure,Saint Vincent and the Grenadines,2002,Developing,unresolved,retained_and_flagged,"Zeros are widespread and heavily concentrated in 2015, but the supplied documentation does not establish a missing-value code."
percentage_expenditure,Saint Vincent and the Grenadines,2003,Developing,unresolved,retained_and_flagged,"Zeros are widespread and heavily concentrated in 2015, but the supplied documentation does not establish a missing-value code."
percentage_expenditure,Saint Vincent and the Grenadines,2004,Developing,unresolved,retained_and_flagged,"Zeros are widespread and heavily concentrated in 2015, but the supplied documentation does not establish a missing-value code."
percentage_expenditure,Saint Vincent and the Grenadines,2005,Developing,unresolved,retained_and_flagged,"Zeros are widespread and heavily concentrated in 2015, but the supplied documentation does not establish a missing-value code."
percentage_expenditure,Saint Vincent and the Grenadines,2006,Developing,unresolved,retained_and_flagged,"Zeros are widespread and heavily concentrated in 2015, but the supplied documentation does not establish a missing-value code."
percentage_expenditure,Saint Vincent and the Grenadines,2007,Developing,unresolved,retained_and_flagged,"Zeros are widespread and heavily concentrated in 2015, but the supplied documentation does not establish a missing-value code."
percentage_expenditure,Saint Vincent and the Grenadines,2008,Developing,unresolved,retained_and_flagged,"Zeros are widespread and heavily concentrated in 2015, but the supplied documentation does not establish a missing-value code."
percentage_expenditure,Saint Vincent and the Grenadines,2009,Developing,unresolved,retained_and_flagged,"Zeros are widespread and heavily concentrated in 2015, but the supplied documentation does not establish a missing-value code."
percentage_expenditure,Saint Vincent and the Grenadines,2010,Developing,unresolved,retained_and_flagged,"Zeros are widespread and heavily concentrated in 2015, but the supplied documentation does not establish a missing-value code."
percentage_expenditure,Saint Vincent and the Grenadines,2011,Developing,unresolved,retained_and_flagged,"Zeros are widespread and heavily concentrated in 2015, but the supplied documentation does not establish a missing-value code."
percentage_expenditure,Saint Vincent and the Grenadines,2012,Developing,unresolved,retained_and_flagged,"Zeros are widespread and heavily concentrated in 2015, but the supplied documentation does not establish a missing-value code."
percentage_expenditure,Saint Vincent and the Grenadines,2013,Developing,unresolved,retained_and_flagged,"Zeros are widespread and heavily concentrated in 2015, but the supplied documentation does not establish a missing-value code."
percentage_expenditure,Saint Vincent and the Grenadines,2014,Developing,unresolved,retained_and_flagged,"Zeros are widespread and heavily concentrated in 2015, but the supplied documentation does not establish a missing-value code."
percentage_expenditure,Saint Vincent and the Grenadines,2015,Developing,unresolved,retained_and_flagged,"Zeros are widespread and heavily concentrated in 2015, but the supplied documentation does not establish a missing-value code."
percentage_expenditure,Samoa,2015,Developing,unresolved,retained_and_flagged,"Zeros are widespread and heavily concentrated in 2015, but the supplied documentation does not establish a missing-value code."
percentage_expenditure,San Marino,2013,Developing,unresolved,retained_and_flagged,"Zeros are widespread and heavily concentrated in 2015, but the supplied documentation does not establish a missing-value code."
percentage_expenditure,Sao Tome and Principe,2000,Developing,unresolved,retained_and_flagged,"Zeros are widespread and heavily concentrated in 2015, but the supplied documentation does not establish a missing-value code."
percentage_expenditure,Sao Tome and Principe,2015,Developing,unresolved,retained_and_flagged,"Zeros are widespread and heavily concentrated in 2015, but the supplied documentation does not establish a missing-value code."
percentage_expenditure,Saudi Arabia,2015,Developing,unresolved,retained_and_flagged,"Zeros are widespread and heavily concentrated in 2015, but the supplied documentation does not establish a missing-value code."
percentage_expenditure,Senegal,2015,Developing,unresolved,retained_and_flagged,"Zeros are widespread and heavily concentrated in 2015, but the supplied documentation does not establish a missing-value code."
percentage_expenditure,Serbia,2015,Developing,unresolved,retained_and_flagged,"Zeros are widespread and heavily concentrated in 2015, but the supplied documentation does not establish a missing-value code."
percentage_expenditure,Seychelles,2015,Developing,unresolved,retained_and_flagged,"Zeros are widespread and heavily concentrated in 2015, but the supplied documentation does not establish a missing-value code."
percentage_expenditure,Sierra Leone,2015,Developing,unresolved,retained_and_flagged,"Zeros are widespread and heavily concentrated in 2015, but the supplied documentation does not establish a missing-value code."
percentage_expenditure,Singapore,2015,Developed,unresolved,retained_and_flagged,"Zeros are widespread and heavily concentrated in 2015, but the supplied documentation does not establish a missing-value code."
percentage_expenditure,Slovakia,2000,Developed,unresolved,retained_and_flagged,"Zeros are widespread and heavily concentrated in 2015, but the supplied documentation does not establish a missing-value code."
percentage_expenditure,Slovakia,2001,Developed,unresolved,retained_and_flagged,"Zeros are widespread and heavily concentrated in 2015, but the supplied documentation does not establish a missing-value code."
percentage_expenditure,Slovakia,2002,Developed,unresolved,retained_and_flagged,"Zeros are widespread and heavily concentrated in 2015, but the supplied documentation does not establish a missing-value code."
percentage_expenditure,Slovakia,2003,Developed,unresolved,retained_and_flagged,"Zeros are widespread and heavily concentrated in 2015, but the supplied documentation does not establish a missing-value code."
percentage_expenditure,Slovakia,2004,Developed,unresolved,retained_and_flagged,"Zeros are widespread and heavily concentrated in 2015, but the supplied documentation does not establish a missing-value code."
percentage_expenditure,Slovakia,2005,Developed,unresolved,retained_and_flagged,"Zeros are widespread and heavily concentrated in 2015, but the supplied documentation does not establish a missing-value code."
percentage_expenditure,Slovakia,2006,Developed,unresolved,retained_and_flagged,"Zeros are widespread and heavily concentrated in 2015, but the supplied documentation does not establish a missing-value code."
percentage_expenditure,Slovakia,2007,Developed,unresolved,retained_and_flagged,"Zeros are widespread and heavily concentrated in 2015, but the supplied documentation does not establish a missing-value code."
percentage_expenditure,Slovakia,2008,Developed,unresolved,retained_and_flagged,"Zeros are widespread and heavily concentrated in 2015, but the supplied documentation does not establish a missing-value code."
percentage_expenditure,Slovakia,2009,Developed,unresolved,retained_and_flagged,"Zeros are widespread and heavily concentrated in 2015, but the supplied documentation does not establish a missing-value code."
percentage_expenditure,Slovakia,2010,Developed,unresolved,retained_and_flagged,"Zeros are widespread and heavily concentrated in 2015, but the supplied documentation does not establish a missing-value code."
percentage_expenditure,Slovakia,2011,Developed,unresolved,retained_and_flagged,"Zeros are widespread and heavily concentrated in 2015, but the supplied documentation does not establish a missing-value code."
percentage_expenditure,Slovakia,2012,Developed,unresolved,retained_and_flagged,"Zeros are widespread and heavily concentrated in 2015, but the supplied documentation does not establish a missing-value code."
percentage_expenditure,Slovakia,2013,Developed,unresolved,retained_and_flagged,"Zeros are widespread and heavily concentrated in 2015, but the supplied documentation does not establish a missing-value code."
percentage_expenditure,Slovakia,2014,Developed,unresolved,retained_and_flagged,"Zeros are widespread and heavily concentrated in 2015, but the supplied documentation does not establish a missing-value code."
percentage_expenditure,Slovakia,2015,Developed,unresolved,retained_and_flagged,"Zeros are widespread and heavily concentrated in 2015, but the supplied documentation does not establish a missing-value code."
percentage_expenditure,Slovenia,2015,Developed,unresolved,retained_and_flagged,"Zeros are widespread and heavily concentrated in 2015, but the supplied documentation does not establish a missing-value code."
percentage_expenditure,Solomon Islands,2015,Developing,unresolved,retained_and_flagged,"Zeros are widespread and heavily concentrated in 2015, but the supplied documentation does not establish a missing-value code."
percentage_expenditure,Somalia,2000,Developing,unresolved,retained_and_flagged,"Zeros are widespread and heavily concentrated in 2015, but the supplied documentation does not establish a missing-value code."
percentage_expenditure,Somalia,2001,Developing,unresolved,retained_and_flagged,"Zeros are widespread and heavily concentrated in 2015, but the supplied documentation does not establish a missing-value code."
percentage_expenditure,Somalia,2002,Developing,unresolved,retained_and_flagged,"Zeros are widespread and heavily concentrated in 2015, but the supplied documentation does not establish a missing-value code."
percentage_expenditure,Somalia,2003,Developing,unresolved,retained_and_flagged,"Zeros are widespread and heavily concentrated in 2015, but the supplied documentation does not establish a missing-value code."
percentage_expenditure,Somalia,2004,Developing,unresolved,retained_and_flagged,"Zeros are widespread and heavily concentrated in 2015, but the supplied documentation does not establish a missing-value code."
percentage_expenditure,Somalia,2005,Developing,unresolved,retained_and_flagged,"Zeros are widespread and heavily concentrated in 2015, but the supplied documentation does not establish a missing-value code."
percentage_expenditure,Somalia,2006,Developing,unresolved,retained_and_flagged,"Zeros are widespread and heavily concentrated in 2015, but the supplied documentation does not establish a missing-value code."
percentage_expenditure,Somalia,2007,Developing,unresolved,retained_and_flagged,"Zeros are widespread and heavily concentrated in 2015, but the supplied documentation does not establish a missing-value code."
percentage_expenditure,Somalia,2008,Developing,unresolved,retained_and_flagged,"Zeros are widespread and heavily concentrated in 2015, but the supplied documentation does not establish a missing-value code."
percentage_expenditure,Somalia,2009,Developing,unresolved,retained_and_flagged,"Zeros are widespread and heavily concentrated in 2015, but the supplied documentation does not establish a missing-value code."
percentage_expenditure,Somalia,2010,Developing,unresolved,retained_and_flagged,"Zeros are widespread and heavily concentrated in 2015, but the supplied documentation does not establish a missing-value code."
percentage_expenditure,Somalia,2011,Developing,unresolved,retained_and_flagged,"Zeros are widespread and heavily concentrated in 2015, but the supplied documentation does not establish a missing-value code."
percentage_expenditure,Somalia,2012,Developing,unresolved,retained_and_flagged,"Zeros are widespread and heavily concentrated in 2015, but the supplied documentation does not establish a missing-value code."
percentage_expenditure,Somalia,2013,Developing,unresolved,retained_and_flagged,"Zeros are widespread and heavily concentrated in 2015, but the supplied documentation does not establish a missing-value code."
percentage_expenditure,Somalia,2014,Developing,unresolved,retained_and_flagged,"Zeros are widespread and heavily concentrated in 2015, but the supplied documentation does not establish a missing-value code."
percentage_expenditure,Somalia,2015,Developing,unresolved,retained_and_flagged,"Zeros are widespread and heavily concentrated in 2015, but the supplied documentation does not establish a missing-value code."
percentage_expenditure,South Africa,2015,Developing,unresolved,retained_and_flagged,"Zeros are widespread and heavily concentrated in 2015, but the supplied documentation does not establish a missing-value code."
percentage_expenditure,South Sudan,2000,Developing,unresolved,retained_and_flagged,"Zeros are widespread and heavily concentrated in 2015, but the supplied documentation does not establish a missing-value code."
percentage_expenditure,South Sudan,2001,Developing,unresolved,retained_and_flagged,"Zeros are widespread and heavily concentrated in 2015, but the supplied documentation does not establish a missing-value code."
percentage_expenditure,South Sudan,2002,Developing,unresolved,retained_and_flagged,"Zeros are widespread and heavily concentrated in 2015, but the supplied documentation does not establish a missing-value code."
percentage_expenditure,South Sudan,2003,Developing,unresolved,retained_and_flagged,"Zeros are widespread and heavily concentrated in 2015, but the supplied documentation does not establish a missing-value code."
percentage_expenditure,South Sudan,2004,Developing,unresolved,retained_and_flagged,"Zeros are widespread and heavily concentrated in 2015, but the supplied documentation does not establish a missing-value code."
percentage_expenditure,South Sudan,2005,Developing,unresolved,retained_and_flagged,"Zeros are widespread and heavily concentrated in 2015, but the supplied documentation does not establish a missing-value code."
percentage_expenditure,South Sudan,2006,Developing,unresolved,retained_and_flagged,"Zeros are widespread and heavily concentrated in 2015, but the supplied documentation does not establish a missing-value code."
percentage_expenditure,South Sudan,2007,Developing,unresolved,retained_and_flagged,"Zeros are widespread and heavily concentrated in 2015, but the supplied documentation does not establish a missing-value code."
percentage_expenditure,South Sudan,2008,Developing,unresolved,retained_and_flagged,"Zeros are widespread and heavily concentrated in 2015, but the supplied documentation does not establish a missing-value code."
percentage_expenditure,South Sudan,2009,Developing,unresolved,retained_and_flagged,"Zeros are widespread and heavily concentrated in 2015, but the supplied documentation does not establish a missing-value code."
percentage_expenditure,South Sudan,2010,Developing,unresolved,retained_and_flagged,"Zeros are widespread and heavily concentrated in 2015, but the supplied documentation does not establish a missing-value code."
percentage_expenditure,South Sudan,2011,Developing,unresolved,retained_and_flagged,"Zeros are widespread and heavily concentrated in 2015, but the supplied documentation does not establish a missing-value code."
percentage_expenditure,South Sudan,2015,Developing,unresolved,retained_and_flagged,"Zeros are widespread and heavily concentrated in 2015, but the supplied documentation does not establish a missing-value code."
percentage_expenditure,Spain,2015,Developed,unresolved,retained_and_flagged,"Zeros are widespread and heavily concentrated in 2015, but the supplied documentation does not establish a missing-value code."
percentage_expenditure,Sri Lanka,2015,Developing,unresolved,retained_and_flagged,"Zeros are widespread and heavily concentrated in 2015, but the supplied documentation does not establish a missing-value code."
percentage_expenditure,Sudan,2015,Developing,unresolved,retained_and_flagged,"Zeros are widespread and heavily concentrated in 2015, but the supplied documentation does not establish a missing-value code."
percentage_expenditure,Suriname,2015,Developing,unresolved,retained_and_flagged,"Zeros are widespread and heavily concentrated in 2015, but the supplied documentation does not establish a missing-value code."
percentage_expenditure,Swaziland,2015,Developing,unresolved,retained_and_flagged,"Zeros are widespread and heavily concentrated in 2015, but the supplied documentation does not establish a missing-value code."
percentage_expenditure,Sweden,2015,Developed,unresolved,retained_and_flagged,"Zeros are widespread and heavily concentrated in 2015, but the supplied documentation does not establish a missing-value code."
percentage_expenditure,Switzerland,2015,Developed,unresolved,retained_and_flagged,"Zeros are widespread and heavily concentrated in 2015, but the supplied documentation does not establish a missing-value code."
percentage_expenditure,Syrian Arab Republic,2008,Developing,unresolved,retained_and_flagged,"Zeros are widespread and heavily concentrated in 2015, but the supplied documentation does not establish a missing-value code."
percentage_expenditure,Syrian Arab Republic,2009,Developing,unresolved,retained_and_flagged,"Zeros are widespread and heavily concentrated in 2015, but the supplied documentation does not establish a missing-value code."
percentage_expenditure,Syrian Arab Republic,2010,Developing,unresolved,retained_and_flagged,"Zeros are widespread and heavily concentrated in 2015, but the supplied documentation does not establish a missing-value code."
percentage_expenditure,Syrian Arab Republic,2011,Developing,unresolved,retained_and_flagged,"Zeros are widespread and heavily concentrated in 2015, but the supplied documentation does not establish a missing-value code."
percentage_expenditure,Syrian Arab Republic,2012,Developing,unresolved,retained_and_flagged,"Zeros are widespread and heavily concentrated in 2015, but the supplied documentation does not establish a missing-value code."
percentage_expenditure,Syrian Arab Republic,2013,Developing,unresolved,retained_and_flagged,"Zeros are widespread and heavily concentrated in 2015, but the supplied documentation does not establish a missing-value code."
percentage_expenditure,Syrian Arab Republic,2014,Developing,unresolved,retained_and_flagged,"Zeros are widespread and heavily concentrated in 2015, but the supplied documentation does not establish a missing-value code."
percentage_expenditure,Syrian Arab Republic,2015,Developing,unresolved,retained_and_flagged,"Zeros are widespread and heavily concentrated in 2015, but the supplied documentation does not establish a missing-value code."
percentage_expenditure,Tajikistan,2015,Developing,unresolved,retained_and_flagged,"Zeros are widespread and heavily concentrated in 2015, but the supplied documentation does not establish a missing-value code."
percentage_expenditure,Thailand,2015,Developing,unresolved,retained_and_flagged,"Zeros are widespread and heavily concentrated in 2015, but the supplied documentation does not establish a missing-value code."
percentage_expenditure,The former Yugoslav republic of Macedonia,2000,Developing,unresolved,retained_and_flagged,"Zeros are widespread and heavily concentrated in 2015, but the supplied documentation does not establish a missing-value code."
percentage_expenditure,The former Yugoslav republic of Macedonia,2001,Developing,unresolved,retained_and_flagged,"Zeros are widespread and heavily concentrated in 2015, but the supplied documentation does not establish a missing-value code."
percentage_expenditure,The former Yugoslav republic of Macedonia,2002,Developing,unresolved,retained_and_flagged,"Zeros are widespread and heavily concentrated in 2015, but the supplied documentation does not establish a missing-value code."
percentage_expenditure,The former Yugoslav republic of Macedonia,2003,Developing,unresolved,retained_and_flagged,"Zeros are widespread and heavily concentrated in 2015, but the supplied documentation does not establish a missing-value code."
percentage_expenditure,The former Yugoslav republic of Macedonia,2004,Developing,unresolved,retained_and_flagged,"Zeros are widespread and heavily concentrated in 2015, but the supplied documentation does not establish a missing-value code."
percentage_expenditure,The former Yugoslav republic of Macedonia,2005,Developing,unresolved,retained_and_flagged,"Zeros are widespread and heavily concentrated in 2015, but the supplied documentation does not establish a missing-value code."
percentage_expenditure,The former Yugoslav republic of Macedonia,2006,Developing,unresolved,retained_and_flagged,"Zeros are widespread and heavily concentrated in 2015, but the supplied documentation does not establish a missing-value code."
percentage_expenditure,The former Yugoslav republic of Macedonia,2007,Developing,unresolved,retained_and_flagged,"Zeros are widespread and heavily concentrated in 2015, but the supplied documentation does not establish a missing-value code."
percentage_expenditure,The former Yugoslav republic of Macedonia,2008,Developing,unresolved,retained_and_flagged,"Zeros are widespread and heavily concentrated in 2015, but the supplied documentation does not establish a missing-value code."
percentage_expenditure,The former Yugoslav republic of Macedonia,2009,Developing,unresolved,retained_and_flagged,"Zeros are widespread and heavily concentrated in 2015, but the supplied documentation does not establish a missing-value code."
percentage_expenditure,The former Yugoslav republic of Macedonia,2010,Developing,unresolved,retained_and_flagged,"Zeros are widespread and heavily concentrated in 2015, but the supplied documentation does not establish a missing-value code."
percentage_expenditure,The former Yugoslav republic of Macedonia,2011,Developing,unresolved,retained_and_flagged,"Zeros are widespread and heavily concentrated in 2015, but the supplied documentation does not establish a missing-value code."
percentage_expenditure,The former Yugoslav republic of Macedonia,2012,Developing,unresolved,retained_and_flagged,"Zeros are widespread and heavily concentrated in 2015, but the supplied documentation does not establish a missing-value code."
percentage_expenditure,The former Yugoslav republic of Macedonia,2013,Developing,unresolved,retained_and_flagged,"Zeros are widespread and heavily concentrated in 2015, but the supplied documentation does not establish a missing-value code."
percentage_expenditure,The former Yugoslav republic of Macedonia,2014,Developing,unresolved,retained_and_flagged,"Zeros are widespread and heavily concentrated in 2015, but the supplied documentation does not establish a missing-value code."
percentage_expenditure,The former Yugoslav republic of Macedonia,2015,Developing,unresolved,retained_and_flagged,"Zeros are widespread and heavily concentrated in 2015, but the supplied documentation does not establish a missing-value code."
percentage_expenditure,Timor-Leste,2015,Developing,unresolved,retained_and_flagged,"Zeros are widespread and heavily concentrated in 2015, but the supplied documentation does not establish a missing-value code."
percentage_expenditure,Togo,2015,Developing,unresolved,retained_and_flagged,"Zeros are widespread and heavily concentrated in 2015, but the supplied documentation does not establish a missing-value code."
percentage_expenditure,Tonga,2015,Developing,unresolved,retained_and_flagged,"Zeros are widespread and heavily concentrated in 2015, but the supplied documentation does not establish a missing-value code."
percentage_expenditure,Trinidad and Tobago,2015,Developing,unresolved,retained_and_flagged,"Zeros are widespread and heavily concentrated in 2015, but the supplied documentation does not establish a missing-value code."
percentage_expenditure,Tunisia,2015,Developing,unresolved,retained_and_flagged,"Zeros are widespread and heavily concentrated in 2015, but the supplied documentation does not establish a missing-value code."
percentage_expenditure,Turkey,2015,Developing,unresolved,retained_and_flagged,"Zeros are widespread and heavily concentrated in 2015, but the supplied documentation does not establish a missing-value code."
percentage_expenditure,Turkmenistan,2015,Developing,unresolved,retained_and_flagged,"Zeros are widespread and heavily concentrated in 2015, but the supplied documentation does not establish a missing-value code."
percentage_expenditure,Uganda,2015,Developing,unresolved,retained_and_flagged,"Zeros are widespread and heavily concentrated in 2015, but the supplied documentation does not establish a missing-value code."
percentage_expenditure,Ukraine,2015,Developing,unresolved,retained_and_flagged,"Zeros are widespread and heavily concentrated in 2015, but the supplied documentation does not establish a missing-value code."
percentage_expenditure,United Arab Emirates,2015,Developing,unresolved,retained_and_flagged,"Zeros are widespread and heavily concentrated in 2015, but the supplied documentation does not establish a missing-value code."
percentage_expenditure,United Kingdom of Great Britain and Northern Ireland,2000,Developed,unresolved,retained_and_flagged,"Zeros are widespread and heavily concentrated in 2015, but the supplied documentation does not establish a missing-value code."
percentage_expenditure,United Kingdom of Great Britain and Northern Ireland,2001,Developed,unresolved,retained_and_flagged,"Zeros are widespread and heavily concentrated in 2015, but the supplied documentation does not establish a missing-value code."
percentage_expenditure,United Kingdom of Great Britain and Northern Ireland,2002,Developed,unresolved,retained_and_flagged,"Zeros are widespread and heavily concentrated in 2015, but the supplied documentation does not establish a missing-value code."
percentage_expenditure,United Kingdom of Great Britain and Northern Ireland,2003,Developed,unresolved,retained_and_flagged,"Zeros are widespread and heavily concentrated in 2015, but the supplied documentation does not establish a missing-value code."
percentage_expenditure,United Kingdom of Great Britain and Northern Ireland,2004,Developed,unresolved,retained_and_flagged,"Zeros are widespread and heavily concentrated in 2015, but the supplied documentation does not establish a missing-value code."
percentage_expenditure,United Kingdom of Great Britain and Northern Ireland,2005,Developed,unresolved,retained_and_flagged,"Zeros are widespread and heavily concentrated in 2015, but the supplied documentation does not establish a missing-value code."
percentage_expenditure,United Kingdom of Great Britain and Northern Ireland,2006,Developed,unresolved,retained_and_flagged,"Zeros are widespread and heavily concentrated in 2015, but the supplied documentation does not establish a missing-value code."
percentage_expenditure,United Kingdom of Great Britain and Northern Ireland,2007,Developed,unresolved,retained_and_flagged,"Zeros are widespread and heavily concentrated in 2015, but the supplied documentation does not establish a missing-value code."
percentage_expenditure,United Kingdom of Great Britain and Northern Ireland,2008,Developed,unresolved,retained_and_flagged,"Zeros are widespread and heavily concentrated in 2015, but the supplied documentation does not establish a missing-value code."
percentage_expenditure,United Kingdom of Great Britain and Northern Ireland,2009,Developed,unresolved,retained_and_flagged,"Zeros are widespread and heavily concentrated in 2015, but the supplied documentation does not establish a missing-value code."
percentage_expenditure,United Kingdom of Great Britain and Northern Ireland,2010,Developed,unresolved,retained_and_flagged,"Zeros are widespread and heavily concentrated in 2015, but the supplied documentation does not establish a missing-value code."
percentage_expenditure,United Kingdom of Great Britain and Northern Ireland,2011,Developed,unresolved,retained_and_flagged,"Zeros are widespread and heavily concentrated in 2015, but the supplied documentation does not establish a missing-value code."
percentage_expenditure,United Kingdom of Great Britain and Northern Ireland,2012,Developed,unresolved,retained_and_flagged,"Zeros are widespread and heavily concentrated in 2015, but the supplied documentation does not establish a missing-value code."
percentage_expenditure,United Kingdom of Great Britain and Northern Ireland,2013,Developed,unresolved,retained_and_flagged,"Zeros are widespread and heavily concentrated in 2015, but the supplied documentation does not establish a missing-value code."
percentage_expenditure,United Kingdom of Great Britain and Northern Ireland,2014,Developed,unresolved,retained_and_flagged,"Zeros are widespread and heavily concentrated in 2015, but the supplied documentation does not establish a missing-value code."
percentage_expenditure,United Kingdom of Great Britain and Northern Ireland,2015,Developed,unresolved,retained_and_flagged,"Zeros are widespread and heavily concentrated in 2015, but the supplied documentation does not establish a missing-value code."
percentage_expenditure,United Republic of Tanzania,2000,Developing,unresolved,retained_and_flagged,"Zeros are widespread and heavily concentrated in 2015, but the supplied documentation does not establish a missing-value code."
percentage_expenditure,United Republic of Tanzania,2001,Developing,unresolved,retained_and_flagged,"Zeros are widespread and heavily concentrated in 2015, but the supplied documentation does not establish a missing-value code."
percentage_expenditure,United Republic of Tanzania,2002,Developing,unresolved,retained_and_flagged,"Zeros are widespread and heavily concentrated in 2015, but the supplied documentation does not establish a missing-value code."
percentage_expenditure,United Republic of Tanzania,2003,Developing,unresolved,retained_and_flagged,"Zeros are widespread and heavily concentrated in 2015, but the supplied documentation does not establish a missing-value code."
percentage_expenditure,United Republic of Tanzania,2004,Developing,unresolved,retained_and_flagged,"Zeros are widespread and heavily concentrated in 2015, but the supplied documentation does not establish a missing-value code."
percentage_expenditure,United Republic of Tanzania,2005,Developing,unresolved,retained_and_flagged,"Zeros are widespread and heavily concentrated in 2015, but the supplied documentation does not establish a missing-value code."
percentage_expenditure,United Republic of Tanzania,2006,Developing,unresolved,retained_and_flagged,"Zeros are widespread and heavily concentrated in 2015, but the supplied documentation does not establish a missing-value code."
percentage_expenditure,United Republic of Tanzania,2007,Developing,unresolved,retained_and_flagged,"Zeros are widespread and heavily concentrated in 2015, but the supplied documentation does not establish a missing-value code."
percentage_expenditure,United Republic of Tanzania,2008,Developing,unresolved,retained_and_flagged,"Zeros are widespread and heavily concentrated in 2015, but the supplied documentation does not establish a missing-value code."
percentage_expenditure,United Republic of Tanzania,2009,Developing,unresolved,retained_and_flagged,"Zeros are widespread and heavily concentrated in 2015, but the supplied documentation does not establish a missing-value code."
percentage_expenditure,United Republic of Tanzania,2010,Developing,unresolved,retained_and_flagged,"Zeros are widespread and heavily concentrated in 2015, but the supplied documentation does not establish a missing-value code."
percentage_expenditure,United Republic of Tanzania,2011,Developing,unresolved,retained_and_flagged,"Zeros are widespread and heavily concentrated in 2015, but the supplied documentation does not establish a missing-value code."
percentage_expenditure,United Republic of Tanzania,2012,Developing,unresolved,retained_and_flagged,"Zeros are widespread and heavily concentrated in 2015, but the supplied documentation does not establish a missing-value code."
percentage_expenditure,United Republic of Tanzania,2013,Developing,unresolved,retained_and_flagged,"Zeros are widespread and heavily concentrated in 2015, but the supplied documentation does not establish a missing-value code."
percentage_expenditure,United Republic of Tanzania,2014,Developing,unresolved,retained_and_flagged,"Zeros are widespread and heavily concentrated in 2015, but the supplied documentation does not establish a missing-value code."
percentage_expenditure,United Republic of Tanzania,2015,Developing,unresolved,retained_and_flagged,"Zeros are widespread and heavily concentrated in 2015, but the supplied documentation does not establish a missing-value code."
percentage_expenditure,United States of America,2000,Developed,unresolved,retained_and_flagged,"Zeros are widespread and heavily concentrated in 2015, but the supplied documentation does not establish a missing-value code."
percentage_expenditure,United States of America,2001,Developed,unresolved,retained_and_flagged,"Zeros are widespread and heavily concentrated in 2015, but the supplied documentation does not establish a missing-value code."
percentage_expenditure,United States of America,2002,Developed,unresolved,retained_and_flagged,"Zeros are widespread and heavily concentrated in 2015, but the supplied documentation does not establish a missing-value code."
percentage_expenditure,United States of America,2003,Developed,unresolved,retained_and_flagged,"Zeros are widespread and heavily concentrated in 2015, but the supplied documentation does not establish a missing-value code."
percentage_expenditure,United States of America,2004,Developed,unresolved,retained_and_flagged,"Zeros are widespread and heavily concentrated in 2015, but the supplied documentation does not establish a missing-value code."
percentage_expenditure,United States of America,2005,Developed,unresolved,retained_and_flagged,"Zeros are widespread and heavily concentrated in 2015, but the supplied documentation does not establish a missing-value code."
percentage_expenditure,United States of America,2006,Developed,unresolved,retained_and_flagged,"Zeros are widespread and heavily concentrated in 2015, but the supplied documentation does not establish a missing-value code."
percentage_expenditure,United States of America,2007,Developed,unresolved,retained_and_flagged,"Zeros are widespread and heavily concentrated in 2015, but the supplied documentation does not establish a missing-value code."
percentage_expenditure,United States of America,2008,Developed,unresolved,retained_and_flagged,"Zeros are widespread and heavily concentrated in 2015, but the supplied documentation does not establish a missing-value code."
percentage_expenditure,United States of America,2009,Developed,unresolved,retained_and_flagged,"Zeros are widespread and heavily concentrated in 2015, but the supplied documentation does not establish a missing-value code."
percentage_expenditure,United States of America,2010,Developed,unresolved,retained_and_flagged,"Zeros are widespread and heavily concentrated in 2015, but the supplied documentation does not establish a missing-value code."
percentage_expenditure,United States of America,2011,Developed,unresolved,retained_and_flagged,"Zeros are widespread and heavily concentrated in 2015, but the supplied documentation does not establish a missing-value code."
percentage_expenditure,United States of America,2012,Developed,unresolved,retained_and_flagged,"Zeros are widespread and heavily concentrated in 2015, but the supplied documentation does not establish a missing-value code."
percentage_expenditure,United States of America,2013,Developed,unresolved,retained_and_flagged,"Zeros are widespread and heavily concentrated in 2015, but the supplied documentation does not establish a missing-value code."
percentage_expenditure,United States of America,2014,Developed,unresolved,retained_and_flagged,"Zeros are widespread and heavily concentrated in 2015, but the supplied documentation does not establish a missing-value code."
percentage_expenditure,United States of America,2015,Developed,unresolved,retained_and_flagged,"Zeros are widespread and heavily concentrated in 2015, but the supplied documentation does not establish a missing-value code."
percentage_expenditure,Uruguay,2015,Developing,unresolved,retained_and_flagged,"Zeros are widespread and heavily concentrated in 2015, but the supplied documentation does not establish a missing-value code."
percentage_expenditure,Uzbekistan,2015,Developing,unresolved,retained_and_flagged,"Zeros are widespread and heavily concentrated in 2015, but the supplied documentation does not establish a missing-value code."
percentage_expenditure,Vanuatu,2015,Developing,unresolved,retained_and_flagged,"Zeros are widespread and heavily concentrated in 2015, but the supplied documentation does not establish a missing-value code."
percentage_expenditure,Venezuela (Bolivarian Republic of),2000,Developing,unresolved,retained_and_flagged,"Zeros are widespread and heavily concentrated in 2015, but the supplied documentation does not establish a missing-value code."
percentage_expenditure,Venezuela (Bolivarian Republic of),2001,Developing,unresolved,retained_and_flagged,"Zeros are widespread and heavily concentrated in 2015, but the supplied documentation does not establish a missing-value code."
percentage_expenditure,Venezuela (Bolivarian Republic of),2002,Developing,unresolved,retained_and_flagged,"Zeros are widespread and heavily concentrated in 2015, but the supplied documentation does not establish a missing-value code."
percentage_expenditure,Venezuela (Bolivarian Republic of),2003,Developing,unresolved,retained_and_flagged,"Zeros are widespread and heavily concentrated in 2015, but the supplied documentation does not establish a missing-value code."
percentage_expenditure,Venezuela (Bolivarian Republic of),2004,Developing,unresolved,retained_and_flagged,"Zeros are widespread and heavily concentrated in 2015, but the supplied documentation does not establish a missing-value code."
percentage_expenditure,Venezuela (Bolivarian Republic of),2005,Developing,unresolved,retained_and_flagged,"Zeros are widespread and heavily concentrated in 2015, but the supplied documentation does not establish a missing-value code."
percentage_expenditure,Venezuela (Bolivarian Republic of),2006,Developing,unresolved,retained_and_flagged,"Zeros are widespread and heavily concentrated in 2015, but the supplied documentation does not establish a missing-value code."
percentage_expenditure,Venezuela (Bolivarian Republic of),2007,Developing,unresolved,retained_and_flagged,"Zeros are widespread and heavily concentrated in 2015, but the supplied documentation does not establish a missing-value code."
percentage_expenditure,Venezuela (Bolivarian Republic of),2008,Developing,unresolved,retained_and_flagged,"Zeros are widespread and heavily concentrated in 2015, but the supplied documentation does not establish a missing-value code."
percentage_expenditure,Venezuela (Bolivarian Republic of),2009,Developing,unresolved,retained_and_flagged,"Zeros are widespread and heavily concentrated in 2015, but the supplied documentation does not establish a missing-value code."
percentage_expenditure,Venezuela (Bolivarian Republic of),2010,Developing,unresolved,retained_and_flagged,"Zeros are widespread and heavily concentrated in 2015, but the supplied documentation does not establish a missing-value code."
percentage_expenditure,Venezuela (Bolivarian Republic of),2011,Developing,unresolved,retained_and_flagged,"Zeros are widespread and heavily concentrated in 2015, but the supplied documentation does not establish a missing-value code."
percentage_expenditure,Venezuela (Bolivarian Republic of),2012,Developing,unresolved,retained_and_flagged,"Zeros are widespread and heavily concentrated in 2015, but the supplied documentation does not establish a missing-value code."
percentage_expenditure,Venezuela (Bolivarian Republic of),2013,Developing,unresolved,retained_and_flagged,"Zeros are widespread and heavily concentrated in 2015, but the supplied documentation does not establish a missing-value code."
percentage_expenditure,Venezuela (Bolivarian Republic of),2014,Developing,unresolved,retained_and_flagged,"Zeros are widespread and heavily concentrated in 2015, but the supplied documentation does not establish a missing-value code."
percentage_expenditure,Venezuela (Bolivarian Republic of),2015,Developing,unresolved,retained_and_flagged,"Zeros are widespread and heavily concentrated in 2015, but the supplied documentation does not establish a missing-value code."
percentage_expenditure,Viet Nam,2000,Developing,unresolved,retained_and_flagged,"Zeros are widespread and heavily concentrated in 2015, but the supplied documentation does not establish a missing-value code."
percentage_expenditure,Viet Nam,2001,Developing,unresolved,retained_and_flagged,"Zeros are widespread and heavily concentrated in 2015, but the supplied documentation does not establish a missing-value code."
percentage_expenditure,Viet Nam,2002,Developing,unresolved,retained_and_flagged,"Zeros are widespread and heavily concentrated in 2015, but the supplied documentation does not establish a missing-value code."
percentage_expenditure,Viet Nam,2003,Developing,unresolved,retained_and_flagged,"Zeros are widespread and heavily concentrated in 2015, but the supplied documentation does not establish a missing-value code."
percentage_expenditure,Viet Nam,2004,Developing,unresolved,retained_and_flagged,"Zeros are widespread and heavily concentrated in 2015, but the supplied documentation does not establish a missing-value code."
percentage_expenditure,Viet Nam,2005,Developing,unresolved,retained_and_flagged,"Zeros are widespread and heavily concentrated in 2015, but the supplied documentation does not establish a missing-value code."
percentage_expenditure,Viet Nam,2006,Developing,unresolved,retained_and_flagged,"Zeros are widespread and heavily concentrated in 2015, but the supplied documentation does not establish a missing-value code."
percentage_expenditure,Viet Nam,2007,Developing,unresolved,retained_and_flagged,"Zeros are widespread and heavily concentrated in 2015, but the supplied documentation does not establish a missing-value code."
percentage_expenditure,Viet Nam,2008,Developing,unresolved,retained_and_flagged,"Zeros are widespread and heavily concentrated in 2015, but the supplied documentation does not establish a missing-value code."
percentage_expenditure,Viet Nam,2009,Developing,unresolved,retained_and_flagged,"Zeros are widespread and heavily concentrated in 2015, but the supplied documentation does not establish a missing-value code."
percentage_expenditure,Viet Nam,2010,Developing,unresolved,retained_and_flagged,"Zeros are widespread and heavily concentrated in 2015, but the supplied documentation does not establish a missing-value code."
percentage_expenditure,Viet Nam,2011,Developing,unresolved,retained_and_flagged,"Zeros are widespread and heavily concentrated in 2015, but the supplied documentation does not establish a missing-value code."
percentage_expenditure,Viet Nam,2012,Developing,unresolved,retained_and_flagged,"Zeros are widespread and heavily concentrated in 2015, but the supplied documentation does not establish a missing-value code."
percentage_expenditure,Viet Nam,2013,Developing,unresolved,retained_and_flagged,"Zeros are widespread and heavily concentrated in 2015, but the supplied documentation does not establish a missing-value code."
percentage_expenditure,Viet Nam,2014,Developing,unresolved,retained_and_flagged,"Zeros are widespread and heavily concentrated in 2015, but the supplied documentation does not establish a missing-value code."
percentage_expenditure,Viet Nam,2015,Developing,unresolved,retained_and_flagged,"Zeros are widespread and heavily concentrated in 2015, but the supplied documentation does not establish a missing-value code."
percentage_expenditure,Yemen,2000,Developing,unresolved,retained_and_flagged,"Zeros are widespread and heavily concentrated in 2015, but the supplied documentation does not establish a missing-value code."
percentage_expenditure,Yemen,2001,Developing,unresolved,retained_and_flagged,"Zeros are widespread and heavily concentrated in 2015, but the supplied documentation does not establish a missing-value code."
percentage_expenditure,Yemen,2002,Developing,unresolved,retained_and_flagged,"Zeros are widespread and heavily concentrated in 2015, but the supplied documentation does not establish a missing-value code."
percentage_expenditure,Yemen,2003,Developing,unresolved,retained_and_flagged,"Zeros are widespread and heavily concentrated in 2015, but the supplied documentation does not establish a missing-value code."
percentage_expenditure,Yemen,2004,Developing,unresolved,retained_and_flagged,"Zeros are widespread and heavily concentrated in 2015, but the supplied documentation does not establish a missing-value code."
percentage_expenditure,Yemen,2005,Developing,unresolved,retained_and_flagged,"Zeros are widespread and heavily concentrated in 2015, but the supplied documentation does not establish a missing-value code."
percentage_expenditure,Yemen,2006,Developing,unresolved,retained_and_flagged,"Zeros are widespread and heavily concentrated in 2015, but the supplied documentation does not establish a missing-value code."
percentage_expenditure,Yemen,2007,Developing,unresolved,retained_and_flagged,"Zeros are widespread and heavily concentrated in 2015, but the supplied documentation does not establish a missing-value code."
percentage_expenditure,Yemen,2008,Developing,unresolved,retained_and_flagged,"Zeros are widespread and heavily concentrated in 2015, but the supplied documentation does not establish a missing-value code."
percentage_expenditure,Yemen,2009,Developing,unresolved,retained_and_flagged,"Zeros are widespread and heavily concentrated in 2015, but the supplied documentation does not establish a missing-value code."
percentage_expenditure,Yemen,2010,Developing,unresolved,retained_and_flagged,"Zeros are widespread and heavily concentrated in 2015, but the supplied documentation does not establish a missing-value code."
percentage_expenditure,Yemen,2011,Developing,unresolved,retained_and_flagged,"Zeros are widespread and heavily concentrated in 2015, but the supplied documentation does not establish a missing-value code."
percentage_expenditure,Yemen,2012,Developing,unresolved,retained_and_flagged,"Zeros are widespread and heavily concentrated in 2015, but the supplied documentation does not establish a missing-value code."
percentage_expenditure,Yemen,2013,Developing,unresolved,retained_and_flagged,"Zeros are widespread and heavily concentrated in 2015, but the supplied documentation does not establish a missing-value code."
percentage_expenditure,Yemen,2014,Developing,unresolved,retained_and_flagged,"Zeros are widespread and heavily concentrated in 2015, but the supplied documentation does not establish a missing-value code."
percentage_expenditure,Yemen,2015,Developing,unresolved,retained_and_flagged,"Zeros are widespread and heavily concentrated in 2015, but the supplied documentation does not establish a missing-value code."
percentage_expenditure,Zambia,2015,Developing,unresolved,retained_and_flagged,"Zeros are widespread and heavily concentrated in 2015, but the supplied documentation does not establish a missing-value code."
percentage_expenditure,Zimbabwe,2000,Developing,unresolved,retained_and_flagged,"Zeros are widespread and heavily concentrated in 2015, but the supplied documentation does not establish a missing-value code."
percentage_expenditure,Zimbabwe,2001,Developing,unresolved,retained_and_flagged,"Zeros are widespread and heavily concentrated in 2015, but the supplied documentation does not establish a missing-value code."
percentage_expenditure,Zimbabwe,2002,Developing,unresolved,retained_and_flagged,"Zeros are widespread and heavily concentrated in 2015, but the supplied documentation does not establish a missing-value code."
percentage_expenditure,Zimbabwe,2003,Developing,unresolved,retained_and_flagged,"Zeros are widespread and heavily concentrated in 2015, but the supplied documentation does not establish a missing-value code."
percentage_expenditure,Zimbabwe,2004,Developing,unresolved,retained_and_flagged,"Zeros are widespread and heavily concentrated in 2015, but the supplied documentation does not establish a missing-value code."
percentage_expenditure,Zimbabwe,2015,Developing,unresolved,retained_and_flagged,"Zeros are widespread and heavily concentrated in 2015, but the supplied documentation does not establish a missing-value code."
income_composition_of_resources,Antigua and Barbuda,2000,Developing,likely_encoded_missingness,retained_and_flagged,A literal zero is substantively doubtful and is concentrated in specific developing-country periods; retained pending source verification.
income_composition_of_resources,Antigua and Barbuda,2001,Developing,likely_encoded_missingness,retained_and_flagged,A literal zero is substantively doubtful and is concentrated in specific developing-country periods; retained pending source verification.
income_composition_of_resources,Antigua and Barbuda,2002,Developing,likely_encoded_missingness,retained_and_flagged,A literal zero is substantively doubtful and is concentrated in specific developing-country periods; retained pending source verification.
income_composition_of_resources,Antigua and Barbuda,2003,Developing,likely_encoded_missingness,retained_and_flagged,A literal zero is substantively doubtful and is concentrated in specific developing-country periods; retained pending source verification.
income_composition_of_resources,Antigua and Barbuda,2004,Developing,likely_encoded_missingness,retained_and_flagged,A literal zero is substantively doubtful and is concentrated in specific developing-country periods; retained pending source verification.
income_composition_of_resources,Antigua and Barbuda,2005,Developing,likely_encoded_missingness,retained_and_flagged,A literal zero is substantively doubtful and is concentrated in specific developing-country periods; retained pending source verification.
income_composition_of_resources,Bahamas,2000,Developing,likely_encoded_missingness,retained_and_flagged,A literal zero is substantively doubtful and is concentrated in specific developing-country periods; retained pending source verification.
income_composition_of_resources,Bhutan,2000,Developing,likely_encoded_missingness,retained_and_flagged,A literal zero is substantively doubtful and is concentrated in specific developing-country periods; retained pending source verification.
income_composition_of_resources,Bhutan,2001,Developing,likely_encoded_missingness,retained_and_flagged,A literal zero is substantively doubtful and is concentrated in specific developing-country periods; retained pending source verification.
income_composition_of_resources,Bhutan,2002,Developing,likely_encoded_missingness,retained_and_flagged,A literal zero is substantively doubtful and is concentrated in specific developing-country periods; retained pending source verification.
income_composition_of_resources,Bhutan,2003,Developing,likely_encoded_missingness,retained_and_flagged,A literal zero is substantively doubtful and is concentrated in specific developing-country periods; retained pending source verification.
income_composition_of_resources,Bhutan,2004,Developing,likely_encoded_missingness,retained_and_flagged,A literal zero is substantively doubtful and is concentrated in specific developing-country periods; retained pending source verification.
income_composition_of_resources,Bhutan,2005,Developing,likely_encoded_missingness,retained_and_flagged,A literal zero is substantively doubtful and is concentrated in specific developing-country periods; retained pending source verification.
income_composition_of_resources,Bhutan,2006,Developing,likely_encoded_missingness,retained_and_flagged,A literal zero is substantively doubtful and is concentrated in specific developing-country periods; retained pending source verification.
income_composition_of_resources,Bhutan,2007,Developing,likely_encoded_missingness,retained_and_flagged,A literal zero is substantively doubtful and is concentrated in specific developing-country periods; retained pending source verification.
income_composition_of_resources,Bhutan,2008,Developing,likely_encoded_missingness,retained_and_flagged,A literal zero is substantively doubtful and is concentrated in specific developing-country periods; retained pending source verification.
income_composition_of_resources,Bhutan,2009,Developing,likely_encoded_missingness,retained_and_flagged,A literal zero is substantively doubtful and is concentrated in specific developing-country periods; retained pending source verification.
income_composition_of_resources,Bhutan,2010,Developing,likely_encoded_missingness,retained_and_flagged,A literal zero is substantively doubtful and is concentrated in specific developing-country periods; retained pending source verification.
income_composition_of_resources,Bosnia and Herzegovina,2000,Developing,likely_encoded_missingness,retained_and_flagged,A literal zero is substantively doubtful and is concentrated in specific developing-country periods; retained pending source verification.
income_composition_of_resources,Bosnia and Herzegovina,2001,Developing,likely_encoded_missingness,retained_and_flagged,A literal zero is substantively doubtful and is concentrated in specific developing-country periods; retained pending source verification.
income_composition_of_resources,Bosnia and Herzegovina,2002,Developing,likely_encoded_missingness,retained_and_flagged,A literal zero is substantively doubtful and is concentrated in specific developing-country periods; retained pending source verification.
income_composition_of_resources,Bosnia and Herzegovina,2003,Developing,likely_encoded_missingness,retained_and_flagged,A literal zero is substantively doubtful and is concentrated in specific developing-country periods; retained pending source verification.
income_composition_of_resources,Bosnia and Herzegovina,2004,Developing,likely_encoded_missingness,retained_and_flagged,A literal zero is substantively doubtful and is concentrated in specific developing-country periods; retained pending source verification.
income_composition_of_resources,Bosnia and Herzegovina,2005,Developing,likely_encoded_missingness,retained_and_flagged,A literal zero is substantively doubtful and is concentrated in specific developing-country periods; retained pending source verification.
income_composition_of_resources,Burkina Faso,2000,Developing,likely_encoded_missingness,retained_and_flagged,A literal zero is substantively doubtful and is concentrated in specific developing-country periods; retained pending source verification.
income_composition_of_resources,Burkina Faso,2001,Developing,likely_encoded_missingness,retained_and_flagged,A literal zero is substantively doubtful and is concentrated in specific developing-country periods; retained pending source verification.
income_composition_of_resources,Burkina Faso,2002,Developing,likely_encoded_missingness,retained_and_flagged,A literal zero is substantively doubtful and is concentrated in specific developing-country periods; retained pending source verification.
income_composition_of_resources,Burkina Faso,2003,Developing,likely_encoded_missingness,retained_and_flagged,A literal zero is substantively doubtful and is concentrated in specific developing-country periods; retained pending source verification.
income_composition_of_resources,Burkina Faso,2004,Developing,likely_encoded_missingness,retained_and_flagged,A literal zero is substantively doubtful and is concentrated in specific developing-country periods; retained pending source verification.
income_composition_of_resources,Burkina Faso,2005,Developing,likely_encoded_missingness,retained_and_flagged,A literal zero is substantively doubtful and is concentrated in specific developing-country periods; retained pending source verification.
income_composition_of_resources,Cabo Verde,2000,Developing,likely_encoded_missingness,retained_and_flagged,A literal zero is substantively doubtful and is concentrated in specific developing-country periods; retained pending source verification.
income_composition_of_resources,Chad,2000,Developing,likely_encoded_missingness,retained_and_flagged,A literal zero is substantively doubtful and is concentrated in specific developing-country periods; retained pending source verification.
income_composition_of_resources,Comoros,2000,Developing,likely_encoded_missingness,retained_and_flagged,A literal zero is substantively doubtful and is concentrated in specific developing-country periods; retained pending source verification.
income_composition_of_resources,Comoros,2001,Developing,likely_encoded_missingness,retained_and_flagged,A literal zero is substantively doubtful and is concentrated in specific developing-country periods; retained pending source verification.
income_composition_of_resources,Comoros,2002,Developing,likely_encoded_missingness,retained_and_flagged,A literal zero is substantively doubtful and is concentrated in specific developing-country periods; retained pending source verification.
income_composition_of_resources,Comoros,2003,Developing,likely_encoded_missingness,retained_and_flagged,A literal zero is substantively doubtful and is concentrated in specific developing-country periods; retained pending source verification.
income_composition_of_resources,Comoros,2004,Developing,likely_encoded_missingness,retained_and_flagged,A literal zero is substantively doubtful and is concentrated in specific developing-country periods; retained pending source verification.
income_composition_of_resources,Equatorial Guinea,2000,Developing,likely_encoded_missingness,retained_and_flagged,A literal zero is substantively doubtful and is concentrated in specific developing-country periods; retained pending source verification.
income_composition_of_resources,Eritrea,2000,Developing,likely_encoded_missingness,retained_and_flagged,A literal zero is substantively doubtful and is concentrated in specific developing-country periods; retained pending source verification.
income_composition_of_resources,Eritrea,2001,Developing,likely_encoded_missingness,retained_and_flagged,A literal zero is substantively doubtful and is concentrated in specific developing-country periods; retained pending source verification.
income_composition_of_resources,Eritrea,2002,Developing,likely_encoded_missingness,retained_and_flagged,A literal zero is substantively doubtful and is concentrated in specific developing-country periods; retained pending source verification.
income_composition_of_resources,Eritrea,2003,Developing,likely_encoded_missingness,retained_and_flagged,A literal zero is substantively doubtful and is concentrated in specific developing-country periods; retained pending source verification.
income_composition_of_resources,Eritrea,2004,Developing,likely_encoded_missingness,retained_and_flagged,A literal zero is substantively doubtful and is concentrated in specific developing-country periods; retained pending source verification.
income_composition_of_resources,Eritrea,2005,Developing,likely_encoded_missingness,retained_and_flagged,A literal zero is substantively doubtful and is concentrated in specific developing-country periods; retained pending source verification.
income_composition_of_resources,Ethiopia,2000,Developing,likely_encoded_missingness,retained_and_flagged,A literal zero is substantively doubtful and is concentrated in specific developing-country periods; retained pending source verification.
income_composition_of_resources,Georgia,2000,Developing,likely_encoded_missingness,retained_and_flagged,A literal zero is substantively doubtful and is concentrated in specific developing-country periods; retained pending source verification.
income_composition_of_resources,Grenada,2000,Developing,likely_encoded_missingness,retained_and_flagged,A literal zero is substantively doubtful and is concentrated in specific developing-country periods; retained pending source verification.
income_composition_of_resources,Grenada,2001,Developing,likely_encoded_missingness,retained_and_flagged,A literal zero is substantively doubtful and is concentrated in specific developing-country periods; retained pending source verification.
income_composition_of_resources,Grenada,2002,Developing,likely_encoded_missingness,retained_and_flagged,A literal zero is substantively doubtful and is concentrated in specific developing-country periods; retained pending source verification.
income_composition_of_resources,Grenada,2003,Developing,likely_encoded_missingness,retained_and_flagged,A literal zero is substantively doubtful and is concentrated in specific developing-country periods; retained pending source verification.
income_composition_of_resources,Grenada,2004,Developing,likely_encoded_missingness,retained_and_flagged,A literal zero is substantively doubtful and is concentrated in specific developing-country periods; retained pending source verification.
income_composition_of_resources,Grenada,2005,Developing,likely_encoded_missingness,retained_and_flagged,A literal zero is substantively doubtful and is concentrated in specific developing-country periods; retained pending source verification.
income_composition_of_resources,Grenada,2006,Developing,likely_encoded_missingness,retained_and_flagged,A literal zero is substantively doubtful and is concentrated in specific developing-country periods; retained pending source verification.
income_composition_of_resources,Grenada,2007,Developing,likely_encoded_missingness,retained_and_flagged,A literal zero is substantively doubtful and is concentrated in specific developing-country periods; retained pending source verification.
income_composition_of_resources,Grenada,2008,Developing,likely_encoded_missingness,retained_and_flagged,A literal zero is substantively doubtful and is concentrated in specific developing-country periods; retained pending source verification.
income_composition_of_resources,Grenada,2009,Developing,likely_encoded_missingness,retained_and_flagged,A literal zero is substantively doubtful and is concentrated in specific developing-country periods; retained pending source verification.
income_composition_of_resources,Grenada,2010,Developing,likely_encoded_missingness,retained_and_flagged,A literal zero is substantively doubtful and is concentrated in specific developing-country periods; retained pending source verification.
income_composition_of_resources,Guinea-Bissau,2000,Developing,likely_encoded_missingness,retained_and_flagged,A literal zero is substantively doubtful and is concentrated in specific developing-country periods; retained pending source verification.
income_composition_of_resources,Guinea-Bissau,2001,Developing,likely_encoded_missingness,retained_and_flagged,A literal zero is substantively doubtful and is concentrated in specific developing-country periods; retained pending source verification.
income_composition_of_resources,Guinea-Bissau,2002,Developing,likely_encoded_missingness,retained_and_flagged,A literal zero is substantively doubtful and is concentrated in specific developing-country periods; retained pending source verification.
income_composition_of_resources,Guinea-Bissau,2003,Developing,likely_encoded_missingness,retained_and_flagged,A literal zero is substantively doubtful and is concentrated in specific developing-country periods; retained pending source verification.
income_composition_of_resources,Guinea-Bissau,2004,Developing,likely_encoded_missingness,retained_and_flagged,A literal zero is substantively doubtful and is concentrated in specific developing-country periods; retained pending source verification.
income_composition_of_resources,Guinea-Bissau,2005,Developing,likely_encoded_missingness,retained_and_flagged,A literal zero is substantively doubtful and is concentrated in specific developing-country periods; retained pending source verification.
income_composition_of_resources,Kiribati,2000,Developing,likely_encoded_missingness,retained_and_flagged,A literal zero is substantively doubtful and is concentrated in specific developing-country periods; retained pending source verification.
income_composition_of_resources,Kiribati,2001,Developing,likely_encoded_missingness,retained_and_flagged,A literal zero is substantively doubtful and is concentrated in specific developing-country periods; retained pending source verification.
income_composition_of_resources,Kiribati,2002,Developing,likely_encoded_missingness,retained_and_flagged,A literal zero is substantively doubtful and is concentrated in specific developing-country periods; retained pending source verification.
income_composition_of_resources,Kiribati,2003,Developing,likely_encoded_missingness,retained_and_flagged,A literal zero is substantively doubtful and is concentrated in specific developing-country periods; retained pending source verification.
income_composition_of_resources,Kiribati,2004,Developing,likely_encoded_missingness,retained_and_flagged,A literal zero is substantively doubtful and is concentrated in specific developing-country periods; retained pending source verification.
income_composition_of_resources,Kiribati,2005,Developing,likely_encoded_missingness,retained_and_flagged,A literal zero is substantively doubtful and is concentrated in specific developing-country periods; retained pending source verification.
income_composition_of_resources,Lebanon,2000,Developing,likely_encoded_missingness,retained_and_flagged,A literal zero is substantively doubtful and is concentrated in specific developing-country periods; retained pending source verification.
income_composition_of_resources,Lebanon,2001,Developing,likely_encoded_missingness,retained_and_flagged,A literal zero is substantively doubtful and is concentrated in specific developing-country periods; retained pending source verification.
income_composition_of_resources,Lebanon,2002,Developing,likely_encoded_missingness,retained_and_flagged,A literal zero is substantively doubtful and is concentrated in specific developing-country periods; retained pending source verification.
income_composition_of_resources,Lebanon,2003,Developing,likely_encoded_missingness,retained_and_flagged,A literal zero is substantively doubtful and is concentrated in specific developing-country periods; retained pending source verification.
income_composition_of_resources,Lebanon,2004,Developing,likely_encoded_missingness,retained_and_flagged,A literal zero is substantively doubtful and is concentrated in specific developing-country periods; retained pending source verification.
income_composition_of_resources,Lebanon,2005,Developing,likely_encoded_missingness,retained_and_flagged,A literal zero is substantively doubtful and is concentrated in specific developing-country periods; retained pending source verification.
income_composition_of_resources,Madagascar,2000,Developing,likely_encoded_missingness,retained_and_flagged,A literal zero is substantively doubtful and is concentrated in specific developing-country periods; retained pending source verification.
income_composition_of_resources,Micronesia (Federated States of),2000,Developing,likely_encoded_missingness,retained_and_flagged,A literal zero is substantively doubtful and is concentrated in specific developing-country periods; retained pending source verification.
income_composition_of_resources,Montenegro,2000,Developing,likely_encoded_missingness,retained_and_flagged,A literal zero is substantively doubtful and is concentrated in specific developing-country periods; retained pending source verification.
income_composition_of_resources,Montenegro,2001,Developing,likely_encoded_missingness,retained_and_flagged,A literal zero is substantively doubtful and is concentrated in specific developing-country periods; retained pending source verification.
income_composition_of_resources,Montenegro,2002,Developing,likely_encoded_missingness,retained_and_flagged,A literal zero is substantively doubtful and is concentrated in specific developing-country periods; retained pending source verification.
income_composition_of_resources,Montenegro,2003,Developing,likely_encoded_missingness,retained_and_flagged,A literal zero is substantively doubtful and is concentrated in specific developing-country periods; retained pending source verification.
income_composition_of_resources,Nigeria,2000,Developing,likely_encoded_missingness,retained_and_flagged,A literal zero is substantively doubtful and is concentrated in specific developing-country periods; retained pending source verification.
income_composition_of_resources,Nigeria,2001,Developing,likely_encoded_missingness,retained_and_flagged,A literal zero is substantively doubtful and is concentrated in specific developing-country periods; retained pending source verification.
income_composition_of_resources,Nigeria,2002,Developing,likely_encoded_missingness,retained_and_flagged,A literal zero is substantively doubtful and is concentrated in specific developing-country periods; retained pending source verification.
income_composition_of_resources,Nigeria,2003,Developing,likely_encoded_missingness,retained_and_flagged,A literal zero is substantively doubtful and is concentrated in specific developing-country periods; retained pending source verification.
income_composition_of_resources,Oman,2000,Developing,likely_encoded_missingness,retained_and_flagged,A literal zero is substantively doubtful and is concentrated in specific developing-country periods; retained pending source verification.
income_composition_of_resources,Saint Lucia,2000,Developing,likely_encoded_missingness,retained_and_flagged,A literal zero is substantively doubtful and is concentrated in specific developing-country periods; retained pending source verification.
income_composition_of_resources,Saint Vincent and the Grenadines,2000,Developing,likely_encoded_missingness,retained_and_flagged,A literal zero is substantively doubtful and is concentrated in specific developing-country periods; retained pending source verification.
income_composition_of_resources,Seychelles,2000,Developing,likely_encoded_missingness,retained_and_flagged,A literal zero is substantively doubtful and is concentrated in specific developing-country periods; retained pending source verification.
income_composition_of_resources,South Sudan,2000,Developing,likely_encoded_missingness,retained_and_flagged,A literal zero is substantively doubtful and is concentrated in specific developing-country periods; retained pending source verification.
income_composition_of_resources,South Sudan,2001,Developing,likely_encoded_missingness,retained_and_flagged,A literal zero is substantively doubtful and is concentrated in specific developing-country periods; retained pending source verification.
income_composition_of_resources,South Sudan,2002,Developing,likely_encoded_missingness,retained_and_flagged,A literal zero is substantively doubtful and is concentrated in specific developing-country periods; retained pending source verification.
income_composition_of_resources,South Sudan,2003,Developing,likely_encoded_missingness,retained_and_flagged,A literal zero is substantively doubtful and is concentrated in specific developing-country periods; retained pending source verification.
income_composition_of_resources,South Sudan,2004,Developing,likely_encoded_missingness,retained_and_flagged,A literal zero is substantively doubtful and is concentrated in specific developing-country periods; retained pending source verification.
income_composition_of_resources,South Sudan,2005,Developing,likely_encoded_missingness,retained_and_flagged,A literal zero is substantively doubtful and is concentrated in specific developing-country periods; retained pending source verification.
income_composition_of_resources,South Sudan,2006,Developing,likely_encoded_missingness,retained_and_flagged,A literal zero is substantively doubtful and is concentrated in specific developing-country periods; retained pending source verification.
income_composition_of_resources,South Sudan,2007,Developing,likely_encoded_missingness,retained_and_flagged,A literal zero is substantively doubtful and is concentrated in specific developing-country periods; retained pending source verification.
income_composition_of_resources,South Sudan,2008,Developing,likely_encoded_missingness,retained_and_flagged,A literal zero is substantively doubtful and is concentrated in specific developing-country periods; retained pending source verification.
income_composition_of_resources,South Sudan,2009,Developing,likely_encoded_missingness,retained_and_flagged,A literal zero is substantively doubtful and is concentrated in specific developing-country periods; retained pending source verification.
income_composition_of_resources,South Sudan,2010,Developing,likely_encoded_missingness,retained_and_flagged,A literal zero is substantively doubtful and is concentrated in specific developing-country periods; retained pending source verification.
income_composition_of_resources,Suriname,2000,Developing,likely_encoded_missingness,retained_and_flagged,A literal zero is substantively doubtful and is concentrated in specific developing-country periods; retained pending source verification.
income_composition_of_resources,Suriname,2001,Developing,likely_encoded_missingness,retained_and_flagged,A literal zero is substantively doubtful and is concentrated in specific developing-country periods; retained pending source verification.
income_composition_of_resources,Suriname,2002,Developing,likely_encoded_missingness,retained_and_flagged,A literal zero is substantively doubtful and is concentrated in specific developing-country periods; retained pending source verification.
income_composition_of_resources,Suriname,2003,Developing,likely_encoded_missingness,retained_and_flagged,A literal zero is substantively doubtful and is concentrated in specific developing-country periods; retained pending source verification.
income_composition_of_resources,Suriname,2004,Developing,likely_encoded_missingness,retained_and_flagged,A literal zero is substantively doubtful and is concentrated in specific developing-country periods; retained pending source verification.
income_composition_of_resources,The former Yugoslav republic of Macedonia,2000,Developing,likely_encoded_missingness,retained_and_flagged,A literal zero is substantively doubtful and is concentrated in specific developing-country periods; retained pending source verification.
income_composition_of_resources,The former Yugoslav republic of Macedonia,2001,Developing,likely_encoded_missingness,retained_and_flagged,A literal zero is substantively doubtful and is concentrated in specific developing-country periods; retained pending source verification.
income_composition_of_resources,The former Yugoslav republic of Macedonia,2002,Developing,likely_encoded_missingness,retained_and_flagged,A literal zero is substantively doubtful and is concentrated in specific developing-country periods; retained pending source verification.
income_composition_of_resources,The former Yugoslav republic of Macedonia,2003,Developing,likely_encoded_missingness,retained_and_flagged,A literal zero is substantively doubtful and is concentrated in specific developing-country periods; retained pending source verification.
income_composition_of_resources,The former Yugoslav republic of Macedonia,2004,Developing,likely_encoded_missingness,retained_and_flagged,A literal zero is substantively doubtful and is concentrated in specific developing-country periods; retained pending source verification.
income_composition_of_resources,The former Yugoslav republic of Macedonia,2005,Developing,likely_encoded_missingness,retained_and_flagged,A literal zero is substantively doubtful and is concentrated in specific developing-country periods; retained pending source verification.
income_composition_of_resources,Timor-Leste,2000,Developing,likely_encoded_missingness,retained_and_flagged,A literal zero is substantively doubtful and is concentrated in specific developing-country periods; retained pending source verification.
income_composition_of_resources,Turkmenistan,2000,Developing,likely_encoded_missingness,retained_and_flagged,A literal zero is substantively doubtful and is concentrated in specific developing-country periods; retained pending source verification.
income_composition_of_resources,Turkmenistan,2001,Developing,likely_encoded_missingness,retained_and_flagged,A literal zero is substantively doubtful and is concentrated in specific developing-country periods; retained pending source verification.
income_composition_of_resources,Turkmenistan,2002,Developing,likely_encoded_missingness,retained_and_flagged,A literal zero is substantively doubtful and is concentrated in specific developing-country periods; retained pending source verification.
income_composition_of_resources,Turkmenistan,2003,Developing,likely_encoded_missingness,retained_and_flagged,A literal zero is substantively doubtful and is concentrated in specific developing-country periods; retained pending source verification.
income_composition_of_resources,Turkmenistan,2004,Developing,likely_encoded_missingness,retained_and_flagged,A literal zero is substantively doubtful and is concentrated in specific developing-country periods; retained pending source verification.
income_composition_of_resources,Turkmenistan,2005,Developing,likely_encoded_missingness,retained_and_flagged,A literal zero is substantively doubtful and is concentrated in specific developing-country periods; retained pending source verification.
income_composition_of_resources,Turkmenistan,2006,Developing,likely_encoded_missingness,retained_and_flagged,A literal zero is substantively doubtful and is concentrated in specific developing-country periods; retained pending source verification.
income_composition_of_resources,Turkmenistan,2007,Developing,likely_encoded_missingness,retained_and_flagged,A literal zero is substantively doubtful and is concentrated in specific developing-country periods; retained pending source verification.
income_composition_of_resources,Turkmenistan,2008,Developing,likely_encoded_missingness,retained_and_flagged,A literal zero is substantively doubtful and is concentrated in specific developing-country periods; retained pending source verification.
income_composition_of_resources,Turkmenistan,2009,Developing,likely_encoded_missingness,retained_and_flagged,A literal zero is substantively doubtful and is concentrated in specific developing-country periods; retained pending source verification.
income_composition_of_resources,Turkmenistan,2010,Developing,likely_encoded_missingness,retained_and_flagged,A literal zero is substantively doubtful and is concentrated in specific developing-country periods; retained pending source verification.
income_composition_of_resources,Uzbekistan,2000,Developing,likely_encoded_missingness,retained_and_flagged,A literal zero is substantively doubtful and is concentrated in specific developing-country periods; retained pending source verification.
income_composition_of_resources,Vanuatu,2000,Developing,likely_encoded_missingness,retained_and_flagged,A literal zero is substantively doubtful and is concentrated in specific developing-country periods; retained pending source verification.
income_composition_of_resources,Vanuatu,2001,Developing,likely_encoded_missingness,retained_and_flagged,A literal zero is substantively doubtful and is concentrated in specific developing-country periods; retained pending source verification.
income_composition_of_resources,Vanuatu,2002,Developing,likely_encoded_missingness,retained_and_flagged,A literal zero is substantively doubtful and is concentrated in specific developing-country periods; retained pending source verification.
income_composition_of_resources,Vanuatu,2003,Developing,likely_encoded_missingness,retained_and_flagged,A literal zero is substantively doubtful and is concentrated in specific developing-country periods; retained pending source verification.
income_composition_of_resources,Vanuatu,2004,Developing,likely_encoded_missingness,retained_and_flagged,A literal zero is substantively doubtful and is concentrated in specific developing-country periods; retained pending source verification.
income_composition_of_resources,Vanuatu,2005,Developing,likely_encoded_missingness,retained_and_flagged,A literal zero is substantively doubtful and is concentrated in specific developing-country periods; retained pending source verification.
schooling,Antigua and Barbuda,2000,Developing,likely_encoded_missingness,retained_and_flagged,A literal zero is substantively doubtful and is concentrated in specific developing-country periods; retained pending source verification.
schooling,Antigua and Barbuda,2001,Developing,likely_encoded_missingness,retained_and_flagged,A literal zero is substantively doubtful and is concentrated in specific developing-country periods; retained pending source verification.
schooling,Antigua and Barbuda,2002,Developing,likely_encoded_missingness,retained_and_flagged,A literal zero is substantively doubtful and is concentrated in specific developing-country periods; retained pending source verification.
schooling,Antigua and Barbuda,2003,Developing,likely_encoded_missingness,retained_and_flagged,A literal zero is substantively doubtful and is concentrated in specific developing-country periods; retained pending source verification.
schooling,Antigua and Barbuda,2004,Developing,likely_encoded_missingness,retained_and_flagged,A literal zero is substantively doubtful and is concentrated in specific developing-country periods; retained pending source verification.
schooling,Antigua and Barbuda,2005,Developing,likely_encoded_missingness,retained_and_flagged,A literal zero is substantively doubtful and is concentrated in specific developing-country periods; retained pending source verification.
schooling,Bosnia and Herzegovina,2000,Developing,likely_encoded_missingness,retained_and_flagged,A literal zero is substantively doubtful and is concentrated in specific developing-country periods; retained pending source verification.
schooling,Equatorial Guinea,2000,Developing,likely_encoded_missingness,retained_and_flagged,A literal zero is substantively doubtful and is concentrated in specific developing-country periods; retained pending source verification.
schooling,Marshall Islands,2013,Developing,likely_encoded_missingness,retained_and_flagged,A literal zero is substantively doubtful and is concentrated in specific developing-country periods; retained pending source verification.
schooling,Micronesia (Federated States of),2000,Developing,likely_encoded_missingness,retained_and_flagged,A literal zero is substantively doubtful and is concentrated in specific developing-country periods; retained pending source verification.
schooling,Montenegro,2000,Developing,likely_encoded_missingness,retained_and_flagged,A literal zero is substantively doubtful and is concentrated in specific developing-country periods; retained pending source verification.
schooling,Montenegro,2001,Developing,likely_encoded_missingness,retained_and_flagged,A literal zero is substantively doubtful and is concentrated in specific developing-country periods; retained pending source verification.
schooling,Montenegro,2002,Developing,likely_encoded_missingness,retained_and_flagged,A literal zero is substantively doubtful and is concentrated in specific developing-country periods; retained pending source verification.
schooling,Montenegro,2003,Developing,likely_encoded_missingness,retained_and_flagged,A literal zero is substantively doubtful and is concentrated in specific developing-country periods; retained pending source verification.
schooling,South Sudan,2000,Developing,likely_encoded_missingness,retained_and_flagged,A literal zero is substantively doubtful and is concentrated in specific developing-country periods; retained pending source verification.
schooling,South Sudan,2001,Developing,likely_encoded_missingness,retained_and_flagged,A literal zero is substantively doubtful and is concentrated in specific developing-country periods; retained pending source verification.
schooling,South Sudan,2002,Developing,likely_encoded_missingness,retained_and_flagged,A literal zero is substantively doubtful and is concentrated in specific developing-country periods; retained pending source verification.
schooling,South Sudan,2003,Developing,likely_encoded_missingness,retained_and_flagged,A literal zero is substantively doubtful and is concentrated in specific developing-country periods; retained pending source verification.
schooling,South Sudan,2004,Developing,likely_encoded_missingness,retained_and_flagged,A literal zero is substantively doubtful and is concentrated in specific developing-country periods; retained pending source verification.
schooling,South Sudan,2005,Developing,likely_encoded_missingness,retained_and_flagged,A literal zero is substantively doubtful and is concentrated in specific developing-country periods; retained pending source verification.
schooling,South Sudan,2006,Developing,likely_encoded_missingness,retained_and_flagged,A literal zero is substantively doubtful and is concentrated in specific developing-country periods; retained pending source verification.
schooling,South Sudan,2007,Developing,likely_encoded_missingness,retained_and_flagged,A literal zero is substantively doubtful and is concentrated in specific developing-country periods; retained pending source verification.
schooling,South Sudan,2008,Developing,likely_encoded_missingness,retained_and_flagged,A literal zero is substantively doubtful and is concentrated in specific developing-country periods; retained pending source verification.
schooling,South Sudan,2009,Developing,likely_encoded_missingness,retained_and_flagged,A literal zero is substantively doubtful and is concentrated in specific developing-country periods; retained pending source verification.
schooling,South Sudan,2010,Developing,likely_encoded_missingness,retained_and_flagged,A literal zero is substantively doubtful and is concentrated in specific developing-country periods; retained pending source verification.
schooling,Timor-Leste,2000,Developing,likely_encoded_missingness,retained_and_flagged,A literal zero is substantively doubtful and is concentrated in specific developing-country periods; retained pending source verification.
schooling,Turkmenistan,2000,Developing,likely_encoded_missingness,retained_and_flagged,A literal zero is substantively doubtful and is concentrated in specific developing-country periods; retained pending source verification.
schooling,Tuvalu,2013,Developing,likely_encoded_missingness,retained_and_flagged,A literal zero is substantively doubtful and is concentrated in specific developing-country periods; retained pending source verification.
